DATE,WIND,RAIN,T.MAX,T.MIN,T.MIN.G,month,day,dayofweek,WIND_lag1,WIND_lag7
1961-01-08,14.29,0.0,6.6,3.1,0.0,1,8,6,9.17,13.67
1961-01-09,8.04,8.3,6.8,2.4,-0.8,1,9,0,14.29,11.5
1961-01-10,11.42,0.0,6.5,3.0,0.5,1,10,1,8.04,11.25
1961-01-11,7.54,0.5,10.0,-3.1,-7.7,1,11,2,11.42,8.63
1961-01-12,15.54,6.0,12.2,-3.3,2.73654650788542,1,12,3,7.54,11.92
1961-01-13,4.63,0.0,13.1,5.5,3.3,1,13,4,15.54,10.67
1961-01-14,3.08,0.0,5.6,-3.2,-6.1,1,14,5,4.63,9.17
1961-01-15,2.5,0.0,4.4,-5.0,-8.3,1,15,6,3.08,14.29
1961-01-16,9.25,0.0,4.6,-4.2,-8.3,1,16,0,2.5,8.04
1961-01-17,13.42,2.0,9.3,3.2,-2.7,1,17,1,9.25,11.42
1961-01-18,17.83,8.4,10.1,4.3,5.1,1,18,2,13.42,7.54
1961-01-19,3.71,0.9,6.6,1.6,-2.0,1,19,3,17.83,15.54
1961-01-20,3.17,21.5,9.3,-0.6,-5.4,1,20,4,3.71,4.63
1961-01-21,8.04,0.2,10.1,1.6,0.4,1,21,5,3.17,3.08
1961-01-22,9.38,0.3,6.5,5.5,1.3,1,22,6,8.04,2.5
1961-01-23,13.7,0.0,6.5,5.5,2.2,1,23,0,9.38,9.25
1961-01-24,20.38,9.5,5.3,3.4,0.5,1,24,1,13.7,13.42
1961-01-25,9.25,0.0,4.3,2.2,1.1,1,25,2,20.38,17.83
1961-01-26,14.33,0.7,13.0,2.2,-1.6,1,26,3,9.25,3.71
1961-01-27,16.79,1.5,12.3,3.7,2.7,1,27,4,14.33,3.17
1961-01-28,12.25,2.8,12.0,4.8,-2.2,1,28,5,16.79,8.04
1961-01-29,22.0,6.2,12.6,4.4,1.2,1,29,6,12.25,9.38
1961-01-30,14.5,1.4,7.8,3.7,0.8,1,30,0,22.0,13.7
1961-01-31,14.88,4.7,7.2,2.1,-0.5,1,31,1,14.5,20.38
1961-02-01,10.17,2.1,8.7,1.0,-2.2,2,1,2,14.88,9.25
1961-02-02,10.88,0.1,8.1,1.0,1.0,2,2,3,10.17,14.33
1961-02-03,8.5,4.0,8.1,-0.6,-5.0,2,3,4,10.88,16.79
1961-02-04,12.54,5.7,11.3,0.0,-1.1,2,4,5,8.5,12.25
1961-02-05,13.96,8.6,13.5,4.7,2.1,2,5,6,12.54,22.0
1961-02-06,19.17,0.5,7.8,2.1,1.5,2,6,0,13.96,14.5
1961-02-07,14.21,0.3,11.6,3.2,0.7,2,7,1,19.17,14.88
1961-02-08,16.5,4.4,14.6,4.4,2.4,2,8,2,14.21,10.17
1961-02-09,14.37,0.3,11.7,6.4,3.2,2,9,3,16.5,10.88
1961-02-10,11.08,0.8,10.7,7.3,3.1,2,10,4,14.37,8.5
1961-02-11,17.5,3.5,11.3,7.3,3.8,2,11,5,11.08,12.54
1961-02-12,11.71,0.0,15.5,7.1,4.3,2,12,6,17.5,13.96
1961-02-13,16.08,0.0,12.7,8.8,6.0,2,13,0,11.71,19.17
1961-02-14,15.46,0.0,13.3,10.0,7.7,2,14,1,16.08,14.21
1961-02-15,5.17,0.0,13.8,2.5,-3.3,2,15,2,15.46,16.5
1961-02-16,3.42,0.0,12.1,2.5,-2.6,2,16,3,5.17,14.37
1961-02-17,6.17,0.0,11.7,4.4,-0.4,2,17,4,3.42,11.08
1961-02-18,10.88,0.0,13.3,6.0,4.3,2,18,5,6.17,17.5
1961-02-19,9.62,0.0,14.5,8.2,-0.4,2,19,6,10.88,11.71
1961-02-20,7.25,0.0,13.1,5.3,-1.5,2,20,0,9.62,16.08
1961-02-21,3.75,0.0,8.6,4.7,-2.1,2,21,1,7.25,15.46
1961-02-22,8.25,0.0,7.5,5.1,2.5,2,22,2,3.75,5.17
1961-02-23,16.38,4.6,8.8,5.1,2.2,2,23,3,8.25,3.42
1961-02-24,8.17,0.7,11.0,6.1,4.4,2,24,4,16.38,6.17
1961-02-25,13.08,3.2,9.8,2.7,-1.3,2,25,5,8.17,10.88
1961-02-26,21.17,2.1,14.5,5.2,1.0,2,26,6,13.08,9.62
1961-02-27,12.75,3.1,10.1,4.8,1.1,2,27,0,21.17,7.25
1961-02-28,14.75,1.0,10.6,3.8,0.7,2,28,1,12.75,3.75
1961-03-01,10.25,0.7,12.7,8.1,5.0,3,1,2,14.75,8.25
1961-03-02,10.88,0.0,12.2,7.2,4.3,3,2,3,10.25,16.38
1961-03-03,11.29,0.0,12.2,3.0,-1.6,3,3,4,10.88,8.17
1961-03-04,6.21,0.0,11.8,2.8,0.5,3,4,5,11.29,13.08
1961-03-05,5.5,0.0,17.2,0.0,-3.2,3,5,6,6.21,21.17
1961-03-06,2.83,0.0,14.4,4.3,1.3,3,6,0,5.5,12.75
1961-03-07,3.63,0.0,14.7,6.0,2.3,3,7,1,2.83,14.75
1961-03-08,1.71,0.0,15.1,4.4,0.8,3,8,2,3.63,10.25
1961-03-09,3.75,0.0,14.2,6.1,1.6,3,9,3,1.71,10.88
1961-03-10,8.79,0.0,11.8,6.7,3.8,3,10,4,3.75,11.29
1961-03-11,10.34,0.0,14.6,5.7,2.4,3,11,5,8.79,6.21
1961-03-12,17.12,0.1,13.4,4.8,2.73654650788542,3,12,6,10.34,5.5
1961-03-13,13.96,0.0,15.5,10.5,9.0,3,13,0,17.12,2.83
1961-03-14,8.12,0.0,15.5,9.5,5.0,3,14,1,13.96,3.63
1961-03-15,11.54,0.0,16.2,7.1,0.5,3,15,2,8.12,1.71
1961-03-16,2.75,0.0,18.8,2.2,-1.2,3,16,3,11.54,3.75
1961-03-17,13.0,0.0,9.7,2.1,-1.5,3,17,4,2.75,8.79
1961-03-18,13.17,0.5,10.2,2.8,0.4,3,18,5,13.0,10.34
1961-03-19,7.75,0.0,9.6,3.3,-1.6,3,19,6,13.17,17.12
1961-03-20,15.41,0.0,11.8,2.3,-2.2,3,20,0,7.75,13.96
1961-03-21,8.17,0.0,10.3,1.7,-1.7,3,21,1,15.41,8.12
1961-03-22,8.0,0.0,12.7,3.1,-1.8,3,22,2,8.17,11.54
1961-03-23,10.88,0.0,9.4,5.5,5.0,3,23,3,8.0,2.75
1961-03-24,8.46,0.0,14.5,6.1,5.2,3,24,4,10.88,13.0
1961-03-25,10.75,0.0,12.2,3.2,-1.6,3,25,5,8.46,13.17
1961-03-26,13.75,0.3,11.8,8.4,5.5,3,26,6,10.75,7.75
1961-03-27,6.75,0.0,11.7,-0.8,-5.0,3,27,0,13.75,15.41
1961-03-28,10.88,1.1,13.3,0.4,-2.6,3,28,1,6.75,8.17
1961-03-29,16.62,1.8,14.7,7.5,5.5,3,29,2,10.88,8.0
1961-03-30,14.79,1.8,13.8,9.5,8.6,3,30,3,16.62,10.88
1961-03-31,11.92,1.1,14.5,7.1,2.7,3,31,4,14.79,8.46
1961-04-01,11.67,2.5,13.7,8.8,7.7,4,1,5,11.92,10.75
1961-04-02,5.25,0.0,10.3,5.2,5.0,4,2,6,11.67,13.75
1961-04-03,5.5,2.6,6.6,3.4,3.2,4,3,0,5.25,6.75
1961-04-04,6.0,9.6,10.8,3.8,1.6,4,4,1,5.5,10.88
1961-04-05,9.25,4.2,14.3,4.7,4.2,4,5,2,6.0,16.62
1961-04-06,5.0,0.0,11.8,8.0,6.3,4,6,3,9.25,14.79
1961-04-07,5.33,0.0,10.2,1.1,-0.5,4,7,4,5.0,11.92
1961-04-08,8.71,8.1,12.1,3.8,-0.8,4,8,5,5.33,11.67
1961-04-09,9.96,1.9,12.0,8.8,8.3,4,9,6,8.71,5.25
1961-04-10,5.21,1.9,14.4,9.4,9.0,4,10,0,9.96,5.5
1961-04-11,5.66,5.8,16.1,3.7,-0.2,4,11,1,5.21,6.0
1961-04-12,6.54,7.8,13.7,10.4,9.3,4,12,2,5.66,9.25
1961-04-13,8.0,0.1,15.0,9.0,3.1,4,13,3,6.54,5.0
1961-04-14,4.29,0.5,14.6,7.0,3.3,4,14,4,8.0,5.33
1961-04-15,2.46,0.0,12.7,3.4,0.0,4,15,5,4.29,8.71
1961-04-16,2.88,0.0,12.2,2.3,-1.2,4,16,6,2.46,9.96
1961-04-17,4.46,0.0,15.5,3.8,-0.8,4,17,0,2.88,5.21
1961-04-18,5.66,0.2,10.7,6.7,3.6,4,18,1,4.46,5.66
1961-04-19,12.96,3.7,11.6,7.6,-1.1,4,19,2,5.66,6.54
1961-04-20,12.25,1.0,12.4,7.5,2.73654650788542,4,20,3,12.96,8.0
1961-04-21,9.5,3.6,16.4,8.4,1.6,4,21,4,12.25,4.29
1961-04-22,7.46,11.0,12.6,9.3,3.8,4,22,5,9.5,2.46
1961-04-23,10.71,1.8,12.8,6.7,1.3,4,23,6,7.46,2.88
1961-04-24,5.25,2.8,13.8,2.4,-2.2,4,24,0,10.71,4.46
1961-04-25,13.75,17.2,12.8,7.7,1.1,4,25,1,5.25,5.66
1961-04-26,6.0,0.0,16.2,6.7,-0.1,4,26,2,13.75,12.96
1961-04-27,6.25,0.0,16.8,7.2,1.6,4,27,3,6.0,12.25
1961-04-28,2.67,0.0,15.5,2.7,-2.6,4,28,4,6.25,9.5
1961-04-29,4.04,4.0,15.7,7.1,3.8,4,29,5,2.67,7.46
1961-04-30,5.09,1.6,16.5,9.0,2.73654650788542,4,30,6,4.04,10.71
1961-05-01,9.96,7.3,19.2,8.2,2.73654650788542,5,1,0,5.09,5.25
1961-05-02,10.46,3.4,13.0,7.7,2.73654650788542,5,2,1,9.96,13.75
1961-05-03,9.5,0.4,15.5,7.4,6.6,5,3,2,10.46,6.0
1961-05-04,5.96,2.0,16.7,10.5,7.8,5,4,3,9.5,6.25
1961-05-05,9.13,0.7,16.1,6.2,3.0,5,5,4,5.96,2.67
1961-05-06,16.83,0.8,15.5,9.2,6.2,5,6,5,9.13,4.04
1961-05-07,18.21,2.3,13.3,6.8,4.6,5,7,6,16.83,5.09
1961-05-08,18.58,0.0,15.0,7.2,5.5,5,8,0,18.21,9.96
1961-05-09,7.25,0.0,16.7,5.4,2.7,5,9,1,18.58,10.46
1961-05-10,3.33,0.0,17.1,2.1,-1.0,5,10,2,7.25,9.5
1961-05-11,3.67,0.0,19.7,2.2,0.3,5,11,3,3.33,5.96
1961-05-12,5.17,0.0,19.8,6.5,1.4,5,12,4,3.67,9.13
1961-05-13,5.21,0.2,22.1,5.1,0.1,5,13,5,5.17,16.83
1961-05-14,10.04,1.4,15.7,10.2,6.6,5,14,6,5.21,18.21
1961-05-15,5.91,0.0,14.7,9.0,8.5,5,15,0,10.04,18.58
1961-05-16,8.38,0.0,13.1,8.8,4.6,5,16,1,5.91,7.25
1961-05-17,5.83,0.0,13.4,3.0,-0.4,5,17,2,8.38,3.33
1961-05-18,5.04,0.0,12.7,4.3,-1.2,5,18,3,5.83,3.67
1961-05-19,6.83,0.0,14.6,5.0,0.5,5,19,4,5.04,5.17
1961-05-20,4.71,0.0,14.7,9.0,7.2,5,20,5,6.83,5.21
1961-05-21,3.17,0.0,15.2,3.4,-0.7,5,21,6,4.71,10.04
1961-05-22,2.42,0.0,14.4,6.2,1.1,5,22,0,3.17,5.91
1961-05-23,3.13,0.0,14.5,9.4,8.7,5,23,1,2.42,8.38
1961-05-24,4.0,0.2,14.6,10.4,10.0,5,24,2,3.13,5.83
1961-05-25,6.79,1.6,12.7,8.1,8.4,5,25,3,4.0,5.04
1961-05-26,9.33,0.0,10.6,4.6,2.2,5,26,4,6.79,6.83
1961-05-27,4.92,0.0,12.5,3.2,-1.2,5,27,5,9.33,4.71
1961-05-28,5.41,0.0,14.0,1.0,-2.8,5,28,6,4.92,3.17
1961-05-29,11.71,1.8,13.3,9.2,7.5,5,29,0,5.41,2.42
1961-05-30,5.83,0.0,14.2,10.0,8.1,5,30,1,11.71,3.13
1961-05-31,6.58,0.0,17.0,7.8,3.3,5,31,2,5.83,4.0
1961-06-01,9.75,0.0,17.0,5.0,3.2,6,1,3,6.58,6.79
1961-06-02,7.92,0.0,17.8,10.5,10.1,6,2,4,9.75,9.33
1961-06-03,10.41,0.0,18.7,11.7,10.8,6,3,5,7.92,4.92
1961-06-04,6.21,0.0,20.8,11.3,10.5,6,4,6,10.41,5.41
1961-06-05,3.42,9.4,17.0,12.7,11.7,6,5,0,6.21,11.71
1961-06-06,4.21,0.3,16.7,11.5,10.6,6,6,1,3.42,5.83
1961-06-07,8.17,4.8,17.7,8.8,6.6,6,7,2,4.21,6.58
1961-06-08,9.54,0.7,15.5,7.6,6.1,6,8,3,8.17,9.75
1961-06-09,8.29,1.8,17.2,6.1,4.4,6,9,4,9.54,7.92
1961-06-10,9.71,1.6,15.7,10.4,9.6,6,10,5,8.29,10.41
1961-06-11,6.25,3.6,16.6,9.0,8.4,6,11,6,9.71,6.21
1961-06-12,9.17,1.0,13.6,10.5,9.0,6,12,0,6.25,3.42
1961-06-13,4.67,0.2,18.0,6.2,3.2,6,13,1,9.17,4.21
1961-06-14,5.66,1.2,18.8,6.4,2.2,6,14,2,4.67,8.17
1961-06-15,8.25,0.1,18.8,13.1,10.4,6,15,3,5.66,9.54
1961-06-16,10.54,0.2,19.6,7.7,4.7,6,16,4,8.25,8.29
1961-06-17,12.96,0.8,20.0,15.0,14.4,6,17,5,10.54,9.71
1961-06-18,13.7,0.0,17.6,9.5,7.2,6,18,6,12.96,6.25
1961-06-19,10.37,0.0,17.3,8.7,6.4,6,19,0,13.7,9.17
1961-06-20,7.92,0.0,16.6,8.7,8.7,6,20,1,10.37,4.67
1961-06-21,10.54,1.6,19.4,7.2,2.1,6,21,2,7.92,5.66
1961-06-22,13.29,0.0,18.5,11.6,11.5,6,22,3,10.54,8.25
1961-06-23,14.21,0.0,22.4,11.6,9.4,6,23,4,13.29,10.54
1961-06-24,14.88,0.0,23.0,11.5,6.7,6,24,5,14.21,12.96
1961-06-25,11.87,2.8,21.6,12.1,11.4,6,25,6,14.88,13.7
1961-06-26,8.38,0.0,15.2,11.6,11.5,6,26,0,11.87,10.37
1961-06-27,10.54,0.0,16.7,6.1,3.5,6,27,1,8.38,7.92
1961-06-28,8.79,0.0,19.5,8.1,2.4,6,28,2,10.54,10.54
1961-06-29,8.33,0.0,22.2,11.1,8.5,6,29,3,8.79,13.29
1961-06-30,4.92,0.0,23.4,11.6,9.0,6,30,4,8.33,14.21
1961-07-01,6.71,0.0,19.4,15.5,14.4,7,1,5,4.92,14.88
1961-07-02,5.83,0.0,20.1,12.1,11.5,7,2,6,6.71,11.87
1961-07-03,15.75,0.6,18.3,9.5,7.2,7,3,0,5.83,8.38
1961-07-04,14.92,0.0,18.2,10.6,9.8,7,4,1,15.75,10.54
1961-07-05,10.08,0.0,20.0,7.1,4.5,7,5,2,14.92,8.79
1961-07-06,7.08,0.1,20.2,8.0,4.4,7,6,3,10.08,8.33
1961-07-07,14.54,0.2,21.2,13.6,12.2,7,7,4,7.08,4.92
1961-07-08,14.04,0.0,18.3,14.4,13.7,7,8,5,14.54,6.71
1961-07-09,9.46,6.4,18.4,12.3,11.2,7,9,6,14.04,5.83
1961-07-10,2.67,6.6,17.3,12.2,11.7,7,10,0,9.46,15.75
1961-07-11,7.41,5.4,17.4,12.8,12.8,7,11,1,2.67,14.92
1961-07-12,9.08,0.4,19.0,13.3,10.1,7,12,2,7.41,10.08
1961-07-13,16.83,21.4,13.8,9.0,8.4,7,13,3,9.08,7.08
1961-07-14,11.83,0.1,17.4,8.3,8.6,7,14,4,16.83,14.54
1961-07-15,10.25,2.6,18.8,7.6,5.8,7,15,5,11.83,14.04
1961-07-16,13.13,0.1,15.6,11.0,10.1,7,16,6,10.25,9.46
1961-07-17,7.08,0.0,19.7,10.5,8.8,7,17,0,13.13,2.67
1961-07-18,4.96,0.0,19.3,10.5,6.8,7,18,1,7.08,7.41
1961-07-19,3.5,0.0,18.7,7.6,3.4,7,19,2,4.96,9.08
1961-07-20,3.04,0.0,18.3,12.1,11.2,7,20,3,3.5,16.83
1961-07-21,2.21,0.0,16.0,11.7,7.7,7,21,4,3.04,11.83
1961-07-22,4.75,0.0,17.1,8.1,8.8,7,22,5,2.21,10.25
1961-07-23,2.21,0.0,17.3,10.0,7.7,7,23,6,4.75,13.13
1961-07-24,3.58,0.0,18.3,11.1,8.6,7,24,0,2.21,7.08
1961-07-25,12.29,1.6,20.6,11.6,9.2,7,25,1,3.58,4.96
1961-07-26,18.79,0.0,17.5,12.7,11.3,7,26,2,12.29,3.5
1961-07-27,7.87,2.6,16.7,10.2,11.2,7,27,3,18.79,3.04
1961-07-28,9.67,0.0,17.8,7.7,5.5,7,28,4,7.87,2.21
1961-07-29,5.79,0.0,18.2,11.2,10.5,7,29,5,9.67,4.75
1961-07-30,6.04,0.0,21.4,8.2,5.3,7,30,6,5.79,2.21
1961-07-31,3.75,0.0,17.7,11.7,10.7,7,31,0,6.04,3.58
1961-08-01,4.21,0.7,17.1,7.3,3.7,8,1,1,3.75,12.29
1961-08-02,8.87,0.9,17.8,10.4,9.0,8,2,2,4.21,18.79
1961-08-03,11.92,5.1,19.3,9.1,6.0,8,3,3,8.87,7.87
1961-08-04,13.54,0.0,20.6,13.4,13.1,8,4,4,11.92,9.67
1961-08-05,10.54,0.0,19.5,7.6,3.3,8,5,5,13.54,5.79
1961-08-06,7.87,0.1,18.3,13.1,8.4,8,6,6,10.54,6.04
1961-08-07,3.88,15.0,14.4,6.1,1.6,8,7,0,7.87,3.75
1961-08-08,10.63,1.1,19.0,10.0,9.8,8,8,1,3.88,4.21
1961-08-09,11.25,1.9,18.3,10.4,8.4,8,9,2,10.63,8.87
1961-08-10,4.67,1.2,16.6,9.0,6.2,8,10,3,11.25,11.92
1961-08-11,6.83,0.2,16.6,8.8,6.2,8,11,4,4.67,13.54
1961-08-12,6.83,0.8,19.1,5.6,2.2,8,12,5,6.83,10.54
1961-08-13,10.92,0.1,18.4,11.2,10.2,8,13,6,6.83,7.87
1961-08-14,15.09,0.4,18.8,11.6,9.7,8,14,0,10.92,3.88
1961-08-15,9.42,0.3,18.3,12.2,12.0,8,15,1,15.09,10.63
1961-08-16,12.96,0.0,19.0,11.1,10.7,8,16,2,9.42,11.25
1961-08-17,10.21,0.4,21.7,11.2,9.3,8,17,3,12.96,4.67
1961-08-18,19.04,0.8,17.0,12.5,13.3,8,18,4,10.21,6.83
1961-08-19,13.21,0.3,15.6,12.0,11.5,8,19,5,19.04,6.83
1961-08-20,12.58,9.5,21.0,11.3,10.1,8,20,6,13.21,10.92
1961-08-21,19.0,0.2,17.3,13.0,12.2,8,21,0,12.58,15.09
1961-08-22,12.08,0.0,17.2,10.5,10.5,8,22,1,19.0,9.42
1961-08-23,8.17,5.0,21.6,11.6,10.7,8,23,2,12.08,12.96
1961-08-24,5.66,0.0,18.0,6.4,5.0,8,24,3,8.17,10.21
1961-08-25,10.92,1.8,19.4,12.8,12.8,8,25,4,5.66,19.04
1961-08-26,9.79,1.1,18.2,8.6,5.2,8,26,5,10.92,13.21
1961-08-27,12.12,0.0,21.7,12.1,9.5,8,27,6,9.79,12.58
1961-08-28,9.08,0.0,24.6,12.6,9.4,8,28,0,12.12,19.0
1961-08-29,14.12,0.0,22.7,17.8,14.8,8,29,1,9.08,12.08
1961-08-30,4.58,0.0,20.0,9.4,4.8,8,30,2,14.12,8.17
1961-08-31,2.92,0.1,21.1,5.0,4.4,8,31,3,4.58,5.66
1961-09-01,4.63,0.1,21.0,11.1,1.3,9,1,4,2.92,10.92
1961-09-02,3.83,0.1,20.5,12.3,10.4,9,2,5,4.63,9.79
1961-09-03,5.88,0.0,16.1,13.7,13.7,9,3,6,3.83,12.12
1961-09-04,1.25,0.0,18.3,14.4,14.4,9,4,0,5.88,9.08
1961-09-05,9.38,0.2,15.6,10.6,8.4,9,5,1,1.25,14.12
1961-09-06,14.09,3.4,16.6,9.6,8.1,9,6,2,9.38,4.58
1961-09-07,7.87,0.0,15.8,6.7,5.0,9,7,3,14.09,2.92
1961-09-08,3.17,0.0,17.7,6.6,3.2,9,8,4,7.87,4.63
1961-09-09,6.92,7.9,20.2,5.6,2.3,9,9,5,3.17,3.83
1961-09-10,4.83,0.0,21.4,13.4,10.5,9,10,6,6.92,5.88
1961-09-11,8.63,2.8,18.2,10.5,6.4,9,11,0,4.83,1.25
1961-09-12,11.08,0.5,19.5,10.0,6.8,9,12,1,8.63,9.38
1961-09-13,11.75,0.8,19.1,12.6,10.7,9,13,2,11.08,14.09
1961-09-14,12.75,1.0,19.5,10.4,7.8,9,14,3,11.75,7.87
1961-09-15,13.0,0.5,19.4,13.1,12.4,9,15,4,12.75,3.17
1961-09-16,20.79,0.0,19.5,12.7,13.3,9,16,5,13.0,6.92
1961-09-17,7.87,0.0,20.0,10.5,7.2,9,17,6,20.79,4.83
1961-09-18,4.17,0.1,18.4,5.1,1.3,9,18,0,7.87,8.63
1961-09-19,8.17,9.0,21.6,11.6,8.1,9,19,1,4.17,11.08
1961-09-20,4.79,9.8,17.6,11.1,9.4,9,20,2,8.17,11.75
1961-09-21,6.46,0.0,18.3,13.2,12.6,9,21,3,4.79,12.75
1961-09-22,4.12,0.4,20.7,4.2,0.2,9,22,4,6.46,13.0
1961-09-23,6.08,2.8,20.3,13.3,12.1,9,23,5,4.12,20.79
1961-09-24,5.91,0.0,16.7,5.7,5.0,9,24,6,6.08,7.87
1961-09-25,8.92,0.0,15.5,4.6,0.5,9,25,0,5.91,4.17
1961-09-26,12.46,1.2,16.6,12.2,9.8,9,26,1,8.92,8.17
1961-09-27,8.08,32.0,14.5,8.1,4.5,9,27,2,12.46,4.79
1961-09-28,9.13,6.1,14.4,10.5,10.0,9,28,3,8.08,6.46
1961-09-29,9.21,1.2,16.8,8.0,2.2,9,29,4,9.13,4.12
1961-09-30,10.96,0.0,14.8,8.5,4.6,9,30,5,9.21,6.08
1961-10-01,5.83,0.5,16.0,10.3,7.6,10,1,6,10.96,5.91
1961-10-02,8.71,3.4,17.7,10.4,8.4,10,2,0,5.83,8.92
1961-10-03,4.04,7.3,15.5,13.8,10.6,10,3,1,8.71,12.46
1961-10-04,3.5,4.0,12.7,6.6,5.1,10,4,2,4.04,8.08
1961-10-05,5.63,1.8,14.7,8.8,9.7,10,5,3,3.5,9.13
1961-10-06,12.96,3.0,15.0,11.0,9.5,10,6,4,5.63,9.21
1961-10-07,6.87,0.6,14.6,4.3,2.7,10,7,5,12.96,10.96
1961-10-08,10.17,1.6,15.1,6.4,2.7,10,8,6,6.87,5.83
1961-10-09,9.04,1.7,17.5,7.8,2.7,10,9,0,10.17,8.71
1961-10-10,11.75,0.9,16.6,10.4,8.3,10,10,1,9.04,4.04
1961-10-11,12.71,0.1,14.3,9.0,6.8,10,11,2,11.75,3.5
1961-10-12,5.58,0.0,15.5,2.0,-1.5,10,12,3,12.71,5.63
1961-10-13,9.92,0.0,17.8,5.7,2.6,10,13,4,5.58,12.96
1961-10-14,2.96,0.0,15.6,8.8,0.0,10,14,5,9.92,6.87
1961-10-15,9.0,0.0,13.8,2.5,2.3,10,15,6,2.96,10.17
1961-10-16,14.58,2.2,12.2,6.5,4.1,10,16,0,9.0,9.04
1961-10-17,22.17,0.0,12.6,8.8,7.3,10,17,1,14.58,11.75
1961-10-18,21.84,0.0,12.3,6.0,4.5,10,18,2,22.17,12.71
1961-10-19,13.21,1.1,9.6,5.7,3.5,10,19,3,21.84,5.58
1961-10-20,12.08,0.0,10.7,2.5,-0.2,10,20,4,13.21,9.92
1961-10-21,7.5,0.3,13.7,5.0,3.8,10,21,5,12.08,2.96
1961-10-22,17.58,16.7,12.6,8.4,4.8,10,22,6,7.5,9.0
1961-10-23,16.21,6.6,14.5,6.0,4.8,10,23,0,17.58,14.58
1961-10-24,17.96,5.6,11.5,8.2,6.6,10,24,1,16.21,22.17
1961-10-25,18.34,0.2,11.1,3.2,1.7,10,25,2,17.96,21.84
1961-10-26,9.79,0.0,13.3,7.4,5.2,10,26,3,18.34,13.21
1961-10-27,7.79,1.6,11.6,4.5,-0.4,10,27,4,9.79,12.08
1961-10-28,9.75,0.0,11.7,3.7,1.0,10,28,5,7.79,7.5
1961-10-29,9.42,0.0,10.4,1.5,-3.6,10,29,6,9.75,17.58
1961-10-30,14.88,0.0,12.5,5.0,-1.1,10,30,0,9.42,16.21
1961-10-31,15.25,0.5,15.4,8.3,8.4,10,31,1,14.88,17.96
1961-11-01,13.08,0.3,15.4,7.7,3.1,11,1,2,15.25,18.34
1961-11-02,15.83,0.5,11.7,8.0,5.4,11,2,3,13.08,9.79
1961-11-03,11.21,0.0,8.2,2.2,-1.2,11,3,4,15.83,7.79
1961-11-04,8.5,0.0,10.6,1.3,-2.4,11,4,5,11.21,9.75
1961-11-05,10.79,0.4,13.0,3.0,2.73654650788542,11,5,6,8.5,9.42
1961-11-06,8.21,0.0,11.3,6.6,4.1,11,6,0,10.79,14.88
1961-11-07,9.29,4.1,13.2,6.6,5.6,11,7,1,8.21,15.25
1961-11-08,6.58,0.0,10.0,2.3,-1.6,11,8,2,9.29,13.08
1961-11-09,8.21,0.0,9.5,-1.0,-6.3,11,9,3,6.58,15.83
1961-11-10,7.71,0.3,6.1,-1.6,-6.6,11,10,4,8.21,11.21
1961-11-11,12.12,0.0,8.6,-1.6,-5.5,11,11,5,7.71,8.5
1961-11-12,13.04,0.0,10.5,0.8,-4.4,11,12,6,12.12,10.79
1961-11-13,21.87,0.0,10.5,3.2,1.1,11,13,0,13.04,8.21
1961-11-14,15.71,0.0,9.4,8.0,5.4,11,14,1,21.87,9.29
1961-11-15,6.0,0.0,8.7,6.7,5.8,11,15,2,15.71,6.58
1961-11-16,2.29,0.5,8.3,6.1,5.0,11,16,3,6.0,8.21
1961-11-17,3.13,0.4,9.6,6.0,5.5,11,17,4,2.29,7.71
1961-11-18,9.29,0.0,9.6,6.1,6.3,11,18,5,3.13,12.12
1961-11-19,9.33,0.0,9.4,8.4,7.2,11,19,6,9.29,13.04
1961-11-20,13.04,0.0,9.5,8.4,7.2,11,20,0,9.33,21.87
1961-11-21,7.0,17.8,10.2,1.1,-2.7,11,21,1,13.04,15.71
1961-11-22,9.17,0.7,12.3,1.6,2.73654650788542,11,22,2,7.0,6.0
1961-11-23,15.41,0.0,8.7,2.4,-0.5,11,23,3,9.17,2.29
1961-11-24,16.17,0.9,10.0,3.3,2.73654650788542,11,24,4,15.41,3.13
1961-11-25,11.83,0.0,7.7,2.8,-0.2,11,25,5,16.17,9.29
1961-11-26,6.34,8.6,8.1,-0.4,-5.4,11,26,6,11.83,9.33
1961-11-27,5.83,1.2,6.8,0.0,2.73654650788542,11,27,0,6.34,13.04
1961-11-28,12.79,0.9,8.3,1.7,-1.7,11,28,1,5.83,7.0
1961-11-29,15.29,12.5,12.6,3.5,4.2,11,29,2,12.79,9.17
1961-11-30,16.5,5.8,13.1,6.6,6.7,11,30,3,15.29,15.41
1961-12-01,7.25,0.0,5.5,4.6,3.3,12,1,4,16.5,16.17
1961-12-02,12.21,3.0,7.2,0.3,-2.6,12,2,5,7.25,11.83
1961-12-03,7.67,3.2,7.4,-3.2,-7.8,12,3,6,12.21,6.34
1961-12-04,13.79,8.4,13.1,-2.2,2.73654650788542,12,4,0,7.67,5.83
1961-12-05,17.83,0.1,5.0,0.7,-1.4,12,5,1,13.79,12.79
1961-12-06,12.62,0.0,3.3,-0.4,-3.1,12,6,2,17.83,15.29
1961-12-07,8.87,4.5,5.5,-5.4,-10.4,12,7,3,12.62,16.5
1961-12-08,19.83,4.2,11.5,-5.0,2.73654650788542,12,8,4,8.87,7.25
1961-12-09,10.04,3.4,13.3,5.1,0.1,12,9,5,19.83,12.21
1961-12-10,18.84,4.6,14.0,5.1,0.4,12,10,6,10.04,7.67
1961-12-11,25.62,0.4,11.8,9.5,8.3,12,11,0,18.84,13.79
1961-12-12,16.83,3.3,13.4,9.1,7.5,12,12,1,25.62,17.83
1961-12-13,16.66,0.2,13.5,7.8,2.5,12,13,2,16.83,12.62
1961-12-14,9.38,0.1,12.7,-1.1,-5.5,12,14,3,16.66,8.87
1961-12-15,10.71,0.0,13.2,-0.5,2.73654650788542,12,15,4,9.38,19.83
1961-12-16,6.92,0.0,11.2,7.8,3.3,12,16,5,10.71,10.04
1961-12-17,9.54,0.0,9.0,4.8,1.6,12,17,6,6.92,18.84
1961-12-18,4.79,0.0,4.4,-2.7,-8.3,12,18,0,9.54,25.62
1961-12-19,3.54,0.0,2.1,-5.0,-8.5,12,19,1,4.79,16.83
1961-12-20,3.63,0.0,6.1,-5.5,-9.0,12,20,2,3.54,16.66
1961-12-21,4.33,0.0,6.2,-5.0,-6.7,12,21,3,3.63,9.38
1961-12-22,13.59,0.0,6.8,-1.6,2.73654650788542,12,22,4,4.33,10.71
1961-12-23,18.12,0.0,5.0,3.8,3.4,12,23,5,13.59,6.92
1961-12-24,8.5,0.0,2.6,-0.5,-5.1,12,24,6,18.12,9.54
1961-12-25,11.92,0.0,5.0,-2.7,-10.7,12,25,0,8.5,4.79
1961-12-26,17.12,0.0,5.0,0.7,-0.5,12,26,1,11.92,3.54
1961-12-27,2.92,0.0,3.3,-3.2,-9.4,12,27,2,17.12,3.63
1961-12-28,8.96,0.0,3.8,-5.2,-10.0,12,28,3,2.92,4.33
1961-12-29,15.0,0.0,3.0,-5.0,-8.6,12,29,4,8.96,13.59
1961-12-30,17.29,0.0,1.7,0.1,0.0,12,30,5,15.0,18.12
1961-12-31,10.04,1.3,1.5,-11.0,-13.4,12,31,6,17.29,8.5
1962-01-01,10.41,0.0,1.2,-10.7,2.73654650788542,1,1,0,10.04,11.92
1962-01-02,8.46,0.0,-0.1,-7.8,-10.5,1,2,1,10.41,17.12
1962-01-03,4.58,0.0,1.8,-8.1,-8.8,1,3,2,8.46,2.92
1962-01-04,5.5,0.0,6.0,-3.8,2.73654650788542,1,4,3,4.58,8.96
1962-01-05,15.29,1.8,9.1,-2.3,-7.1,1,5,4,5.5,15.0
1962-01-06,8.46,2.1,11.6,4.6,2.4,1,6,5,15.29,17.29
1962-01-07,14.29,0.0,8.8,4.5,0.6,1,7,6,8.46,10.04
1962-01-08,17.71,6.8,10.8,6.2,3.3,1,8,0,14.29,10.41
1962-01-09,15.29,0.0,6.2,3.1,0.5,1,9,1,17.71,8.46
1962-01-10,14.29,4.2,12.5,1.7,-1.1,1,10,2,15.29,4.58
1962-01-11,25.96,0.7,7.6,2.4,0.0,1,11,3,14.29,5.5
1962-01-12,23.54,0.1,7.6,3.2,0.7,1,12,4,25.96,15.29
1962-01-13,19.7,0.0,5.5,0.0,-1.2,1,13,5,23.54,8.46
1962-01-14,12.42,0.1,8.6,0.5,-2.6,1,14,6,19.7,14.29
1962-01-15,20.38,7.8,11.5,0.8,-0.3,1,15,0,12.42,17.71
1962-01-16,19.75,2.7,8.1,2.6,-0.5,1,16,1,20.38,15.29
1962-01-17,22.79,1.0,8.6,2.8,3.8,1,17,2,19.75,14.29
1962-01-18,12.46,0.0,8.3,1.1,-2.7,1,18,3,22.79,25.96
1962-01-19,16.08,1.1,9.8,2.2,1.6,1,19,4,12.46,23.54
1962-01-20,10.29,1.1,11.1,4.2,1.8,1,20,5,16.08,19.7
1962-01-21,17.29,2.4,8.8,5.5,3.8,1,21,6,10.29,12.42
1962-01-22,23.25,0.0,6.2,1.8,-0.5,1,22,0,17.29,20.38
1962-01-23,12.71,2.6,11.2,2.3,-0.4,1,23,1,23.25,19.75
1962-01-24,17.25,1.0,11.7,3.3,1.1,1,24,2,12.71,22.79
1962-01-25,18.29,0.0,11.3,7.2,5.4,1,25,3,17.25,12.46
1962-01-26,7.41,0.9,8.7,7.0,4.7,1,26,4,18.29,16.08
1962-01-27,5.17,0.0,7.7,4.6,1.8,1,27,5,7.41,10.29
1962-01-28,3.63,0.0,8.2,5.6,5.0,1,28,6,5.17,17.29
1962-01-29,2.17,0.0,10.2,5.5,4.5,1,29,0,3.63,23.25
1962-01-30,13.33,0.3,11.1,1.1,-2.7,1,30,1,2.17,12.71
1962-01-31,22.42,2.0,12.2,6.1,2.73654650788542,1,31,2,13.33,17.25
1962-02-01,15.71,0.3,7.4,1.6,-0.5,2,1,3,22.42,18.29
1962-02-02,13.17,0.8,10.0,2.1,1.1,2,2,4,15.71,7.41
1962-02-03,15.96,0.0,10.7,3.6,-1.7,2,3,5,13.17,5.17
1962-02-04,18.88,4.0,10.2,3.8,1.1,2,4,6,15.96,3.63
1962-02-05,15.75,0.0,10.7,3.3,0.4,2,5,0,18.88,2.17
1962-02-06,18.75,2.6,11.6,3.8,1.8,2,6,1,15.75,13.33
1962-02-07,25.0,1.1,8.5,5.5,3.8,2,7,2,18.75,22.42
1962-02-08,8.21,0.1,10.0,1.7,-1.4,2,8,3,25.0,15.71
1962-02-09,12.08,0.0,11.2,1.7,2.73654650788542,2,9,4,8.21,13.17
1962-02-10,14.96,1.1,10.5,6.8,6.0,2,10,5,12.08,15.96
1962-02-11,24.41,0.4,12.4,1.7,-2.2,2,11,6,14.96,18.88
1962-02-12,29.54,0.7,12.5,4.4,2.73654650788542,2,12,0,24.41,15.75
1962-02-13,15.79,2.7,6.1,2.0,-0.1,2,13,1,29.54,18.75
1962-02-14,11.71,0.0,6.8,-1.1,-4.0,2,14,2,15.79,25.0
1962-02-15,23.45,2.9,10.7,0.1,-5.0,2,15,3,11.71,8.21
1962-02-16,28.84,0.0,8.8,6.3,5.5,2,16,4,23.45,12.08
1962-02-17,14.12,0.0,10.5,3.1,2.4,2,17,5,28.84,14.96
1962-02-18,8.29,0.0,9.8,3.8,-0.8,2,18,6,14.12,24.41
1962-02-19,7.92,0.0,10.8,6.2,2.2,2,19,0,8.29,29.54
1962-02-20,1.46,0.0,10.6,4.8,2.7,2,20,1,7.92,15.79
1962-02-21,7.04,0.0,9.5,6.1,5.4,2,21,2,1.46,11.71
1962-02-22,15.29,0.0,6.6,2.7,-2.3,2,22,3,7.04,23.45
1962-02-23,20.21,0.0,4.0,3.2,-0.5,2,23,4,15.29,28.84
1962-02-24,18.12,0.0,5.7,2.2,1.1,2,24,5,20.21,14.12
1962-02-25,22.63,0.4,4.6,2.3,1.7,2,25,6,18.12,8.29
1962-02-26,25.62,5.4,2.7,-1.0,-1.5,2,26,0,22.63,7.92
1962-02-27,26.87,0.0,3.5,-1.0,-0.8,2,27,1,25.62,1.46
1962-02-28,13.88,5.5,3.6,-0.5,-1.1,2,28,2,26.87,7.04
1962-03-01,7.96,1.1,3.5,0.0,-0.1,3,1,3,13.88,15.29
1962-03-02,9.59,0.5,5.5,0.1,-1.6,3,2,4,7.96,20.21
1962-03-03,6.71,5.0,1.0,-6.0,-5.4,3,3,5,9.59,18.12
1962-03-04,5.33,0.0,3.3,-7.4,-8.8,3,4,6,6.71,22.63
1962-03-05,5.79,0.0,6.1,-6.2,-12.0,3,5,0,5.33,25.62
1962-03-06,8.0,0.0,6.1,-6.6,-12.0,3,6,1,5.79,26.87
1962-03-07,29.58,2.7,5.5,-1.2,-4.7,3,7,2,8.0,13.88
1962-03-08,18.0,13.9,6.2,1.2,0.3,3,8,3,29.58,7.96
1962-03-09,9.0,6.0,9.2,2.7,1.6,3,9,4,18.0,9.59
1962-03-10,3.83,7.7,8.3,5.8,6.6,3,10,5,9.0,6.71
1962-03-11,10.92,2.7,5.5,4.5,4.5,3,11,6,3.83,5.33
1962-03-12,7.71,0.0,6.1,3.1,1.1,3,12,0,10.92,5.79
1962-03-13,6.83,0.0,5.7,-2.7,-7.2,3,13,1,7.71,8.0
1962-03-14,4.0,0.0,5.4,-3.8,-10.0,3,14,2,6.83,29.58
1962-03-15,16.54,3.0,5.6,0.2,-3.2,3,15,3,4.0,18.0
1962-03-16,12.58,0.0,6.1,1.7,1.8,3,16,4,16.54,9.0
1962-03-17,7.71,0.0,7.2,3.5,2.3,3,17,5,12.58,3.83
1962-03-18,5.79,0.0,11.6,-4.2,-9.2,3,18,6,7.71,10.92
1962-03-19,9.04,0.0,6.7,-0.5,-6.3,3,19,0,5.79,7.71
1962-03-20,7.67,0.0,9.4,-1.6,-6.4,3,20,1,9.04,6.83
1962-03-21,6.71,0.0,6.5,2.2,-2.3,3,21,2,7.67,4.0
1962-03-22,5.96,0.5,9.3,-1.5,-6.6,3,22,3,6.71,16.54
1962-03-23,9.42,0.0,6.8,2.5,-0.5,3,23,4,5.96,12.58
1962-03-24,3.5,0.2,6.8,2.6,0.0,3,24,5,9.42,7.71
1962-03-25,19.41,2.3,10.2,2.7,1.5,3,25,6,3.5,5.79
1962-03-26,14.88,0.3,12.6,2.8,1.7,3,26,0,19.41,9.04
1962-03-27,9.92,0.2,11.1,1.6,-2.2,3,27,1,14.88,7.67
1962-03-28,13.54,4.4,10.1,-2.1,-7.7,3,28,2,9.92,6.71
1962-03-29,10.83,1.2,13.6,3.2,2.2,3,29,3,13.54,5.96
1962-03-30,13.75,0.3,9.3,0.8,-3.8,3,30,4,10.83,9.42
1962-03-31,16.42,0.4,9.2,-0.1,-4.3,3,31,5,13.75,3.5
1962-04-01,19.79,2.7,8.6,1.4,-2.0,4,1,6,16.42,19.41
1962-04-02,20.83,5.2,9.8,2.4,-0.1,4,2,0,19.79,14.88
1962-04-03,10.67,4.0,12.1,3.4,0.0,4,3,1,20.83,9.92
1962-04-04,17.83,3.8,10.2,1.7,-1.1,4,4,2,10.67,13.54
1962-04-05,22.42,1.7,9.3,4.4,3.0,4,5,3,17.83,10.83
1962-04-06,17.08,1.1,10.8,1.1,-1.1,4,6,4,22.42,13.75
1962-04-07,22.5,1.5,13.1,5.4,5.5,4,7,5,17.08,16.42
1962-04-08,18.25,6.1,10.5,2.2,0.3,4,8,6,22.5,19.79
1962-04-09,16.21,3.8,9.4,3.0,1.3,4,9,0,18.25,20.83
1962-04-10,12.04,1.8,11.1,4.5,4.3,4,10,1,16.21,10.67
1962-04-11,14.12,0.1,12.3,6.6,5.6,4,11,2,12.04,17.83
1962-04-12,3.79,0.0,10.5,5.0,3.4,4,12,3,14.12,22.42
1962-04-13,6.58,0.0,10.6,-1.1,-5.2,4,13,4,3.79,17.08
1962-04-14,11.42,0.0,8.2,1.7,-3.7,4,14,5,6.58,22.5
1962-04-15,13.83,0.0,7.6,1.8,-3.1,4,15,6,11.42,18.25
1962-04-16,15.34,0.5,9.1,1.6,-2.8,4,16,0,13.83,16.21
1962-04-17,14.83,3.3,9.0,5.4,5.3,4,17,1,15.34,12.04
1962-04-18,11.71,0.8,8.4,5.7,4.3,4,18,2,14.83,14.12
1962-04-19,6.21,0.0,12.0,6.1,5.6,4,19,3,11.71,3.79
1962-04-20,6.17,0.2,12.2,3.3,-0.4,4,20,4,6.21,6.58
1962-04-21,3.58,7.4,11.1,3.3,-1.1,4,21,5,6.17,11.42
1962-04-22,8.58,0.0,14.8,0.2,-4.3,4,22,6,3.58,13.83
1962-04-23,8.96,0.0,13.1,6.1,2.7,4,23,0,8.58,15.34
1962-04-24,5.79,0.0,16.8,7.2,5.3,4,24,1,8.96,14.83
1962-04-25,5.83,0.0,15.0,3.3,-1.4,4,25,2,5.79,11.71
1962-04-26,7.67,0.0,15.8,5.8,0.6,4,26,3,5.83,6.21
1962-04-27,6.42,0.0,13.2,5.1,-0.5,4,27,4,7.67,6.17
1962-04-28,5.17,0.0,15.5,0.7,-2.1,4,28,5,6.42,3.58
1962-04-29,5.37,0.0,13.0,3.4,-1.1,4,29,6,5.17,8.58
1962-04-30,5.41,0.0,13.6,1.1,-2.2,4,30,0,5.37,8.96
1962-05-01,2.25,0.0,13.8,2.0,-1.3,5,1,1,5.41,5.79
1962-05-02,4.0,0.0,15.7,2.8,-1.4,5,2,2,2.25,5.83
1962-05-03,3.5,0.0,15.7,2.7,-0.7,5,3,3,4.0,7.67
1962-05-04,5.83,0.0,16.7,8.8,8.3,5,4,4,3.5,6.42
1962-05-05,8.79,0.0,15.7,6.4,1.8,5,5,5,5.83,5.17
1962-05-06,4.88,7.9,18.8,8.8,9.4,5,6,6,8.79,5.37
1962-05-07,14.09,0.3,18.6,10.3,7.1,5,7,0,4.88,5.41
1962-05-08,11.34,2.0,16.7,11.5,6.6,5,8,1,14.09,2.25
1962-05-09,7.04,2.6,13.3,5.5,-0.5,5,9,2,11.34,4.0
1962-05-10,5.96,6.9,14.3,5.0,-1.1,5,10,3,7.04,3.5
1962-05-11,11.04,1.6,14.0,6.2,3.1,5,11,4,5.96,5.83
1962-05-12,10.46,0.3,13.3,6.6,1.1,5,12,5,11.04,8.79
1962-05-13,8.75,0.0,16.5,3.2,-1.6,5,13,6,10.46,4.88
1962-05-14,13.79,0.0,17.4,10.2,7.6,5,14,0,8.75,14.09
1962-05-15,9.83,3.5,14.5,8.5,4.6,5,15,1,13.79,11.34
1962-05-16,23.25,0.4,13.3,8.0,5.7,5,16,2,9.83,7.04
1962-05-17,18.05,2.8,13.6,4.8,2.3,5,17,3,23.25,5.96
1962-05-18,11.21,27.0,13.4,5.8,3.2,5,18,4,18.05,11.04
1962-05-19,17.12,1.6,12.4,5.5,5.0,5,19,5,11.21,10.46
1962-05-20,12.42,0.9,12.8,4.4,-0.5,5,20,6,17.12,8.75
1962-05-21,11.63,1.5,16.1,4.5,4.6,5,21,0,12.42,13.79
1962-05-22,16.0,0.0,15.8,6.6,0.6,5,22,1,11.63,9.83
1962-05-23,16.42,0.4,14.8,5.8,4.4,5,23,2,16.0,23.25
1962-05-24,11.67,0.1,13.8,4.4,2.2,5,24,3,16.42,18.05
1962-05-25,8.0,0.0,11.0,2.3,-0.4,5,25,4,11.67,11.21
1962-05-26,7.46,0.0,11.0,4.1,1.2,5,26,5,8.0,17.12
1962-05-27,9.92,0.0,12.3,5.2,3.3,5,27,6,7.46,12.42
1962-05-28,6.83,3.8,14.4,5.2,1.7,5,28,0,9.92,11.63
1962-05-29,6.75,0.1,10.7,9.0,8.6,5,29,1,6.83,16.0
1962-05-30,7.17,0.0,15.6,2.6,-0.5,5,30,2,6.75,16.42
1962-05-31,7.83,0.0,11.7,2.5,-0.8,5,31,3,7.17,11.67
1962-06-01,5.91,0.0,14.0,1.1,-2.6,6,1,4,7.83,8.0
1962-06-02,3.17,0.0,14.5,2.5,-0.4,6,2,5,5.91,7.46
1962-06-03,3.0,0.0,15.6,5.5,1.1,6,3,6,3.17,9.92
1962-06-04,3.33,0.0,16.4,4.5,1.8,6,4,0,3.0,6.83
1962-06-05,8.21,0.0,16.7,4.6,1.1,6,5,1,3.33,6.75
1962-06-06,6.08,0.0,20.1,4.8,1.1,6,6,2,8.21,7.17
1962-06-07,3.83,0.0,21.7,8.5,5.5,6,7,3,6.08,7.83
1962-06-08,5.41,0.0,22.7,10.6,8.1,6,8,4,3.83,5.91
1962-06-09,8.29,0.0,19.1,11.1,7.8,6,9,5,5.41,3.17
1962-06-10,6.5,4.4,15.1,7.6,4.3,6,10,6,8.29,3.0
1962-06-11,7.96,2.3,16.2,9.1,8.3,6,11,0,6.5,3.33
1962-06-12,9.08,0.0,20.1,11.4,10.7,6,12,1,7.96,8.21
1962-06-13,9.62,0.0,15.6,8.8,5.6,6,13,2,9.08,6.08
1962-06-14,14.0,0.2,16.8,13.3,11.5,6,14,3,9.62,3.83
1962-06-15,2.79,7.8,16.8,8.2,5.0,6,15,4,14.0,5.41
1962-06-16,8.42,0.0,18.3,4.4,0.0,6,16,5,2.79,8.29
1962-06-17,10.37,1.6,16.8,6.3,1.6,6,17,6,8.42,6.5
1962-06-18,21.5,1.6,18.4,12.4,11.4,6,18,0,10.37,7.96
1962-06-19,23.42,0.9,15.6,11.1,9.5,6,19,1,21.5,9.08
1962-06-20,12.54,1.9,19.8,9.4,6.1,6,20,2,23.42,9.62
1962-06-21,16.04,0.8,19.4,13.8,12.2,6,21,3,12.54,14.0
1962-06-22,13.67,0.2,18.4,10.6,9.3,6,22,4,16.04,2.79
1962-06-23,16.66,0.3,17.3,9.0,7.5,6,23,5,13.67,8.42
1962-06-24,25.29,0.0,16.1,9.6,10.5,6,24,6,16.66,10.37
1962-06-25,18.79,0.2,16.1,7.1,5.4,6,25,0,25.29,21.5
1962-06-26,14.33,0.0,16.3,9.6,8.3,6,26,1,18.79,23.42
1962-06-27,11.92,0.0,16.1,4.5,2.3,6,27,2,14.33,12.54
1962-06-28,12.79,0.6,18.4,11.7,9.2,6,28,3,11.92,16.04
1962-06-29,6.42,0.0,17.2,6.0,6.7,6,29,4,12.79,13.67
1962-06-30,7.12,0.0,20.1,7.8,5.7,6,30,5,6.42,16.66
1962-07-01,11.17,0.0,20.7,9.3,7.7,7,1,6,7.12,25.29
1962-07-02,17.5,0.0,19.1,11.8,10.6,7,2,0,11.17,18.79
1962-07-03,12.87,0.0,19.0,10.6,10.5,7,3,1,17.5,14.33
1962-07-04,10.08,0.0,16.1,11.2,9.8,7,4,2,12.87,11.92
1962-07-05,7.79,0.0,13.7,5.3,2.1,7,5,3,10.08,12.79
1962-07-06,5.46,0.0,15.5,9.7,9.3,7,6,4,7.79,6.42
1962-07-07,3.13,0.0,15.5,11.3,10.6,7,7,5,5.46,7.12
1962-07-08,4.67,0.0,16.6,11.2,9.7,7,8,6,3.13,11.17
1962-07-09,4.63,9.0,18.3,11.3,8.6,7,9,0,4.67,17.5
1962-07-10,7.5,4.5,14.2,11.2,10.7,7,10,1,4.63,12.87
1962-07-11,5.71,0.0,15.6,11.1,11.1,7,11,2,7.5,10.08
1962-07-12,4.75,0.0,18.8,10.1,9.6,7,12,3,5.71,7.79
1962-07-13,5.54,4.3,19.2,8.3,5.5,7,13,4,4.75,5.46
1962-07-14,8.0,3.4,15.1,12.3,11.8,7,14,5,5.54,3.13
1962-07-15,5.79,0.0,14.8,11.6,11.4,7,15,6,8.0,4.67
1962-07-16,1.87,0.0,17.7,10.4,6.3,7,16,0,5.79,4.63
1962-07-17,4.54,0.0,17.2,5.3,1.5,7,17,1,1.87,7.5
1962-07-18,12.33,8.3,16.5,11.1,6.5,7,18,2,4.54,5.71
1962-07-19,13.04,0.0,18.4,13.3,13.2,7,19,3,12.33,4.75
1962-07-20,9.17,24.7,21.1,11.0,7.6,7,20,4,13.04,5.54
1962-07-21,12.96,1.2,17.3,11.4,11.0,7,21,5,9.17,8.0
1962-07-22,11.29,2.6,18.0,12.3,11.1,7,22,6,12.96,5.79
1962-07-23,5.88,1.9,18.4,11.6,10.5,7,23,0,11.29,1.87
1962-07-24,4.38,2.0,15.1,12.1,11.0,7,24,1,5.88,4.54
1962-07-25,6.34,0.0,17.3,11.1,2.73654650788542,7,25,2,4.38,12.33
1962-07-26,10.0,0.0,15.5,10.5,9.2,7,26,3,6.34,13.04
1962-07-27,3.67,0.0,17.0,11.1,8.4,7,27,4,10.0,9.17
1962-07-28,2.88,7.0,19.6,10.2,6.8,7,28,5,3.67,12.96
1962-07-29,6.58,1.9,21.7,14.0,13.3,7,29,6,2.88,11.29
1962-07-30,12.17,0.0,20.5,14.4,13.4,7,30,0,6.58,5.88
1962-07-31,9.54,0.0,16.5,12.8,10.8,7,31,1,12.17,4.38
1962-08-01,4.46,2.1,18.0,13.2,2.73654650788542,8,1,2,9.54,6.34
1962-08-02,8.38,0.4,16.5,13.6,2.73654650788542,8,2,3,4.46,10.0
1962-08-03,8.42,9.2,16.2,12.0,2.73654650788542,8,3,4,8.38,3.67
1962-08-04,14.25,0.6,17.0,9.7,2.73654650788542,8,4,5,8.42,2.88
1962-08-05,10.75,0.1,18.8,8.8,2.73654650788542,8,5,6,14.25,6.58
1962-08-06,5.63,3.0,16.2,5.6,2.73654650788542,8,6,0,10.75,12.17
1962-08-07,10.5,1.3,17.0,8.8,2.73654650788542,8,7,1,5.63,9.54
1962-08-08,7.12,2.3,17.0,7.8,2.73654650788542,8,8,2,10.5,4.46
1962-08-09,12.25,1.7,17.1,12.2,2.73654650788542,8,9,3,7.12,8.38
1962-08-10,14.29,0.6,19.5,10.8,2.73654650788542,8,10,4,12.25,8.42
1962-08-11,18.5,0.0,18.5,14.2,2.73654650788542,8,11,5,14.29,14.25
1962-08-12,9.38,0.0,17.3,10.0,2.73654650788542,8,12,6,18.5,10.75
1962-08-13,5.88,1.4,16.1,6.7,2.73654650788542,8,13,0,9.38,5.63
1962-08-14,8.67,11.1,18.2,7.3,2.73654650788542,8,14,1,5.88,10.5
1962-08-15,10.41,2.5,17.8,10.6,2.73654650788542,8,15,2,8.67,7.12
1962-08-16,11.38,1.1,16.7,10.0,2.73654650788542,8,16,3,10.41,12.25
1962-08-17,11.25,0.2,19.0,7.6,2.73654650788542,8,17,4,11.38,14.29
1962-08-18,7.54,0.8,17.7,8.4,2.73654650788542,8,18,5,11.25,18.5
1962-08-19,10.5,1.4,20.1,13.8,2.73654650788542,8,19,6,7.54,9.38
1962-08-20,11.25,2.8,18.5,13.7,2.73654650788542,8,20,0,10.5,5.88
1962-08-21,14.21,1.2,18.4,12.3,2.73654650788542,8,21,1,11.25,8.67
1962-08-22,15.09,0.9,18.6,11.7,2.73654650788542,8,22,2,14.21,10.41
1962-08-23,17.04,6.1,18.3,12.7,2.73654650788542,8,23,3,15.09,11.38
1962-08-24,21.09,0.9,17.8,11.7,2.73654650788542,8,24,4,17.04,11.25
1962-08-25,15.5,1.1,18.1,10.5,2.73654650788542,8,25,5,21.09,7.54
1962-08-26,22.13,4.8,18.1,12.4,2.73654650788542,8,26,6,15.5,10.5
1962-08-27,14.29,4.3,16.6,9.4,2.73654650788542,8,27,0,22.13,11.25
1962-08-28,5.54,1.0,15.5,10.2,2.73654650788542,8,28,1,14.29,14.21
1962-08-29,7.75,0.0,19.0,7.3,2.73654650788542,8,29,2,5.54,15.09
1962-08-30,6.42,0.0,20.2,10.1,2.73654650788542,8,30,3,7.75,17.04
1962-08-31,5.37,0.0,19.5,13.3,2.73654650788542,8,31,4,6.42,21.09
1962-09-01,7.41,0.5,19.0,15.2,12.1,9,1,5,5.37,15.5
1962-09-02,5.0,5.5,19.5,13.5,11.1,9,2,6,7.41,22.13
1962-09-03,6.17,1.6,18.3,13.2,12.2,9,3,0,5.0,14.29
1962-09-04,6.46,5.2,16.7,12.2,8.4,9,4,1,6.17,5.54
1962-09-05,7.5,11.0,18.8,9.8,7.8,9,5,2,6.46,7.75
1962-09-06,5.25,1.9,15.1,8.4,6.0,9,6,3,7.5,6.42
1962-09-07,11.63,1.2,16.2,5.7,3.8,9,7,4,5.25,5.37
1962-09-08,8.04,0.2,16.6,9.5,8.2,9,8,5,11.63,7.41
1962-09-09,18.79,1.1,17.3,12.1,10.7,9,9,6,8.04,5.0
1962-09-10,9.59,18.3,16.6,13.1,11.0,9,10,0,18.79,6.17
1962-09-11,8.38,3.0,18.1,10.1,10.8,9,11,1,9.59,6.46
1962-09-12,7.54,0.1,13.4,10.4,9.3,9,12,2,8.38,7.5
1962-09-13,6.13,0.0,14.3,3.5,0.6,9,13,3,7.54,5.25
1962-09-14,7.25,1.1,16.2,9.5,9.0,9,14,4,6.13,11.63
1962-09-15,7.92,1.9,15.4,10.5,8.8,9,15,5,7.25,8.04
1962-09-16,11.75,1.1,14.1,5.7,3.7,9,16,6,7.92,18.79
1962-09-17,10.58,0.0,13.3,5.1,3.3,9,17,0,11.75,9.59
1962-09-18,6.79,0.0,14.5,2.8,0.1,9,18,1,10.58,8.38
1962-09-19,2.88,0.0,13.3,7.4,4.0,9,19,2,6.79,7.54
1962-09-20,4.63,0.0,12.8,9.4,5.7,9,20,3,2.88,6.13
1962-09-21,2.29,0.0,14.3,3.8,-1.3,9,21,4,4.63,7.25
1962-09-22,6.58,0.0,14.0,2.3,-1.5,9,22,5,2.29,7.92
1962-09-23,8.33,0.0,16.1,10.0,9.0,9,23,6,6.58,11.75
1962-09-24,4.88,1.3,16.2,12.3,10.5,9,24,0,8.33,10.58
1962-09-25,10.83,13.3,14.8,11.1,7.1,9,25,1,4.88,6.79
1962-09-26,12.0,13.3,9.6,8.7,8.4,9,26,2,10.83,2.88
1962-09-27,8.42,10.8,15.0,1.3,-2.7,9,27,3,12.0,4.63
1962-09-28,11.29,0.8,15.5,6.7,2.73654650788542,9,28,4,8.42,2.29
1962-09-29,13.79,20.0,14.3,2.5,-1.4,9,29,5,11.29,6.58
1962-09-30,16.54,3.0,16.3,9.6,6.7,9,30,6,13.79,8.33
1962-10-01,13.29,1.6,16.6,10.5,7.6,10,1,0,16.54,4.88
1962-10-02,7.12,0.0,16.3,6.5,1.0,10,2,1,13.29,10.83
1962-10-03,7.33,0.0,17.2,2.7,-1.6,10,3,2,7.12,12.0
1962-10-04,11.54,0.5,16.6,11.5,7.0,10,4,3,7.33,8.42
1962-10-05,8.29,0.0,17.7,10.1,7.2,10,5,4,11.54,11.29
1962-10-06,6.25,0.0,17.7,6.6,3.3,10,6,5,8.29,13.79
1962-10-07,8.04,0.0,17.8,10.5,6.7,10,7,6,6.25,16.54
1962-10-08,8.46,0.0,16.8,11.6,9.2,10,8,0,8.04,13.29
1962-10-09,4.88,0.0,16.6,5.4,2.7,10,9,1,8.46,7.12
1962-10-10,4.83,0.0,15.5,10.1,7.2,10,10,2,4.88,7.33
1962-10-11,7.79,0.0,15.5,9.8,6.8,10,11,3,4.83,11.54
1962-10-12,4.96,0.0,14.5,8.1,4.3,10,12,4,7.79,8.29
1962-10-13,2.5,0.0,14.6,6.1,3.4,10,13,5,4.96,6.25
1962-10-14,4.88,0.0,12.7,7.7,5.0,10,14,6,2.5,8.04
1962-10-15,3.92,0.0,15.6,10.3,9.3,10,15,0,4.88,8.46
1962-10-16,4.38,0.0,12.8,4.0,2.3,10,16,1,3.92,4.88
1962-10-17,6.29,0.0,10.0,3.6,3.5,10,17,2,4.38,4.83
1962-10-18,11.63,0.2,15.0,6.6,7.2,10,18,3,6.29,7.79
1962-10-19,5.58,0.0,16.1,9.5,10.0,10,19,4,11.63,4.96
1962-10-20,3.79,0.0,13.2,7.1,5.1,10,20,5,5.58,2.5
1962-10-21,6.34,0.0,12.8,9.5,5.4,10,21,6,3.79,4.88
1962-10-22,4.92,0.0,14.5,9.7,8.5,10,22,0,6.34,3.92
1962-10-23,6.54,0.0,14.3,3.6,-0.1,10,23,1,4.92,4.38
1962-10-24,8.5,0.5,15.7,9.0,8.3,10,24,2,6.54,6.29
1962-10-25,11.79,0.5,14.4,11.3,10.6,10,25,3,8.5,11.63
1962-10-26,11.04,0.0,8.7,2.7,0.8,10,26,4,11.79,5.58
1962-10-27,15.63,0.6,11.4,-0.5,-3.8,10,27,5,11.04,3.79
1962-10-28,15.92,0.9,9.5,4.4,2.7,10,28,6,15.63,6.34
1962-10-29,11.96,8.1,12.7,1.1,-2.7,10,29,0,15.92,4.92
1962-10-30,20.75,0.9,9.5,3.6,2.73654650788542,10,30,1,11.96,6.54
1962-10-31,12.75,3.5,10.0,3.7,1.8,10,31,2,20.75,8.5
1962-11-01,10.46,0.0,13.3,3.7,-0.3,11,1,3,12.75,11.79
1962-11-02,6.04,9.1,10.6,7.3,1.3,11,2,4,10.46,11.04
1962-11-03,6.83,0.1,9.5,5.6,4.0,11,3,5,6.04,15.63
1962-11-04,10.92,11.2,11.8,2.2,-1.4,11,4,6,6.83,15.92
1962-11-05,19.75,0.5,12.1,8.3,7.0,11,5,0,10.92,11.96
1962-11-06,8.29,1.2,12.1,6.1,2.1,11,6,1,19.75,20.75
1962-11-07,3.5,0.0,11.2,8.3,7.3,11,7,2,8.29,12.75
1962-11-08,4.42,0.0,10.7,0.5,-2.7,11,8,3,3.5,10.46
1962-11-09,12.58,0.2,11.2,1.8,0.1,11,9,4,4.42,6.04
1962-11-10,16.25,0.0,11.7,10.0,8.8,11,10,5,12.58,6.83
1962-11-11,14.75,0.5,9.6,8.7,7.8,11,11,6,16.25,10.92
1962-11-12,5.5,0.2,7.6,5.0,3.8,11,12,0,14.75,19.75
1962-11-13,7.29,0.0,8.0,1.7,-0.6,11,13,1,5.5,8.29
1962-11-14,13.7,0.5,10.1,1.6,2.73654650788542,11,14,2,7.29,3.5
1962-11-15,9.42,0.3,7.2,1.6,-0.4,11,15,3,13.7,4.42
1962-11-16,10.41,3.0,9.3,-0.5,-5.1,11,16,4,9.42,12.58
1962-11-17,18.0,0.6,5.1,3.8,0.1,11,17,5,10.41,16.25
1962-11-18,16.46,0.0,4.4,-0.5,-2.5,11,18,6,18.0,14.75
1962-11-19,10.37,0.1,4.4,-1.8,-3.8,11,19,0,16.46,5.5
1962-11-20,10.54,0.5,6.3,-0.8,-5.4,11,20,1,10.37,7.29
1962-11-21,8.42,0.0,7.7,3.8,1.6,11,21,2,10.54,13.7
1962-11-22,8.38,9.5,11.3,2.7,-1.6,11,22,3,8.42,9.42
1962-11-23,12.96,0.5,12.7,5.1,5.1,11,23,4,8.38,10.41
1962-11-24,11.17,9.5,10.0,8.7,7.1,11,24,5,12.96,18.0
1962-11-25,4.0,0.0,10.0,5.1,1.6,11,25,6,11.17,16.46
1962-11-26,5.96,0.0,7.2,1.6,-2.0,11,26,0,4.0,10.37
1962-11-27,5.09,0.0,8.7,3.4,0.4,11,27,1,5.96,10.54
1962-11-28,4.88,0.0,7.7,4.7,4.6,11,28,2,5.09,8.42
1962-11-29,7.41,0.0,6.7,5.1,4.5,11,29,3,4.88,8.38
1962-11-30,4.71,0.0,8.4,3.7,1.1,11,30,4,7.41,12.96
1962-12-01,8.42,0.1,9.5,3.7,4.0,12,1,5,4.71,11.17
1962-12-02,12.96,0.0,9.2,6.2,4.5,12,2,6,8.42,4.0
1962-12-03,10.13,0.0,10.5,6.7,4.5,12,3,0,12.96,5.96
1962-12-04,4.79,0.0,10.0,5.5,3.6,12,4,1,10.13,5.09
1962-12-05,8.96,0.0,11.4,-0.5,-5.5,12,5,2,4.79,4.88
1962-12-06,4.17,0.0,11.1,0.5,-3.8,12,6,3,8.96,7.41
1962-12-07,13.13,19.0,12.7,0.3,-3.5,12,7,4,4.17,4.71
1962-12-08,23.67,17.0,9.6,5.8,5.5,12,8,5,13.13,8.42
1962-12-09,20.25,1.0,7.6,3.8,2.2,12,9,6,23.67,12.96
1962-12-10,12.67,6.2,10.3,4.5,3.7,12,10,0,20.25,10.13
1962-12-11,16.42,1.3,9.6,6.3,5.4,12,11,1,12.67,4.79
1962-12-12,19.67,0.3,3.8,2.3,0.0,12,12,2,16.42,8.96
1962-12-13,14.0,0.3,8.2,0.0,-1.4,12,13,3,19.67,4.17
1962-12-14,20.0,7.8,12.4,-0.6,-0.4,12,14,4,14.0,13.13
1962-12-15,28.91,1.2,12.8,7.8,2.73654650788542,12,15,5,20.0,23.67
1962-12-16,16.54,0.4,6.6,3.6,2.1,12,16,6,28.91,20.25
1962-12-17,9.59,1.2,7.6,0.3,-2.2,12,17,0,16.54,12.67
1962-12-18,15.92,0.9,6.3,2.8,1.6,12,18,1,9.59,16.42
1962-12-19,9.87,5.3,12.1,2.7,0.5,12,19,2,15.92,19.67
1962-12-20,16.08,0.3,11.5,3.0,1.2,12,20,3,9.87,14.0
1962-12-21,10.41,0.0,8.2,1.5,-0.5,12,21,4,16.08,20.0
1962-12-22,5.71,0.0,7.5,-2.8,-7.1,12,22,5,10.41,28.91
1962-12-23,9.33,0.0,7.1,-2.5,2.73654650788542,12,23,6,5.71,16.54
1962-12-24,4.92,0.0,2.7,-2.2,-7.2,12,24,0,9.33,9.59
1962-12-25,7.0,5.1,2.8,-3.8,-7.7,12,25,1,4.92,15.92
1962-12-26,12.38,6.0,5.0,-1.8,-1.8,12,26,2,7.0,9.87
1962-12-27,11.92,3.4,4.4,-0.1,-2.7,12,27,3,12.38,16.08
1962-12-28,7.79,0.0,3.4,0.5,-1.5,12,28,4,11.92,10.41
1962-12-29,13.62,0.0,3.2,-7.2,-11.1,12,29,5,7.79,5.71
1962-12-30,28.79,10.8,3.2,0.1,-2.2,12,30,6,13.62,9.33
1962-12-31,27.79,0.0,3.1,0.0,-0.8,12,31,0,28.79,4.92
1963-01-01,23.45,0.0,13.339123131194354,6.411677966101696,1.1,1,1,1,27.79,7.0
1963-01-02,20.75,3.9,13.339123131194354,6.411677966101696,0.2,1,2,2,23.45,12.38
1963-01-03,13.83,12.5,13.339123131194354,6.411677966101696,0.2,1,3,3,20.75,11.92
1963-01-04,8.54,6.4,13.339123131194354,6.411677966101696,1.6,1,4,4,13.83,7.79
1963-01-05,13.08,1.2,13.339123131194354,6.411677966101696,1.8,1,5,5,8.54,13.62
1963-01-06,20.91,0.0,13.339123131194354,6.411677966101696,2.2,1,6,6,13.08,28.79
1963-01-07,16.75,0.0,13.339123131194354,6.411677966101696,0.7,1,7,0,20.91,27.79
1963-01-08,16.83,0.0,13.339123131194354,6.411677966101696,-0.7,1,8,1,16.75,23.45
1963-01-09,21.67,0.0,13.339123131194354,6.411677966101696,-1.1,1,9,2,16.83,20.75
1963-01-10,19.38,0.0,13.339123131194354,6.411677966101696,0.0,1,10,3,21.67,13.83
1963-01-11,9.79,0.0,13.339123131194354,6.411677966101696,-1.1,1,11,4,19.38,8.54
1963-01-12,3.96,6.0,13.339123131194354,6.411677966101696,-6.7,1,12,5,9.79,13.08
1963-01-13,5.21,0.0,13.339123131194354,6.411677966101696,-13.0,1,13,6,3.96,20.91
1963-01-14,10.46,0.0,13.339123131194354,6.411677966101696,-14.4,1,14,0,5.21,16.75
1963-01-15,9.17,3.6,13.339123131194354,6.411677966101696,-6.7,1,15,1,10.46,16.83
1963-01-16,12.58,0.1,13.339123131194354,6.411677966101696,-1.3,1,16,2,9.17,21.67
1963-01-17,15.37,0.0,13.339123131194354,6.411677966101696,-3.4,1,17,3,12.58,19.38
1963-01-18,21.5,0.0,13.339123131194354,6.411677966101696,-2.1,1,18,4,15.37,9.79
1963-01-19,23.79,0.0,13.339123131194354,6.411677966101696,-2.1,1,19,5,21.5,3.96
1963-01-20,19.62,0.8,13.339123131194354,6.411677966101696,-3.3,1,20,6,23.79,5.21
1963-01-21,13.83,0.0,13.339123131194354,6.411677966101696,-2.6,1,21,0,19.62,10.46
1963-01-22,11.92,0.0,13.339123131194354,6.411677966101696,-4.0,1,22,1,13.83,9.17
1963-01-23,2.17,0.0,13.339123131194354,6.411677966101696,-11.6,1,23,2,11.92,12.58
1963-01-24,3.04,0.0,13.339123131194354,6.411677966101696,-12.2,1,24,3,2.17,15.37
1963-01-25,8.92,0.0,13.339123131194354,6.411677966101696,-8.8,1,25,4,3.04,21.5
1963-01-26,8.38,0.0,13.339123131194354,6.411677966101696,-7.2,1,26,5,8.92,23.79
1963-01-27,1.63,0.0,13.339123131194354,6.411677966101696,-6.0,1,27,6,8.38,19.62
1963-01-28,1.33,0.0,13.339123131194354,6.411677966101696,-4.7,1,28,0,1.63,13.83
1963-01-29,7.41,7.6,13.339123131194354,6.411677966101696,0.0,1,29,1,1.33,11.92
1963-01-30,19.62,0.6,13.339123131194354,6.411677966101696,-0.6,1,30,2,7.41,2.17
1963-01-31,11.83,1.3,13.339123131194354,6.411677966101696,-1.0,1,31,3,19.62,3.04
1963-02-01,14.04,0.4,13.339123131194354,6.411677966101696,0.0,2,1,4,11.83,8.92
1963-02-02,15.16,0.6,13.339123131194354,6.411677966101696,-3.0,2,2,5,14.04,8.38
1963-02-03,8.67,0.2,13.339123131194354,6.411677966101696,-5.6,2,3,6,15.16,1.63
1963-02-04,9.13,7.0,13.339123131194354,6.411677966101696,-8.8,2,4,0,8.67,1.33
1963-02-05,22.0,32.0,13.339123131194354,6.411677966101696,-3.2,2,5,1,9.13,7.41
1963-02-06,20.25,12.0,13.339123131194354,6.411677966101696,-0.1,2,6,2,22.0,19.62
1963-02-07,11.83,0.0,13.339123131194354,6.411677966101696,1.1,2,7,3,20.25,11.83
1963-02-08,10.37,0.7,13.339123131194354,6.411677966101696,-5.4,2,8,4,11.83,14.04
1963-02-09,16.88,5.3,13.339123131194354,6.411677966101696,-1.5,2,9,5,10.37,15.16
1963-02-10,15.67,0.0,13.339123131194354,6.411677966101696,1.6,2,10,6,16.88,8.67
1963-02-11,6.79,0.0,13.339123131194354,6.411677966101696,1.1,2,11,0,15.67,9.13
1963-02-12,5.21,0.0,13.339123131194354,6.411677966101696,-0.1,2,12,1,6.79,22.0
1963-02-13,12.83,7.2,13.339123131194354,6.411677966101696,-6.1,2,13,2,5.21,20.25
1963-02-14,19.17,6.3,13.339123131194354,6.411677966101696,4.4,2,14,3,12.83,11.83
1963-02-15,15.5,0.0,13.339123131194354,6.411677966101696,3.7,2,15,4,19.17,10.37
1963-02-16,13.54,0.0,13.339123131194354,6.411677966101696,1.1,2,16,5,15.5,16.88
1963-02-17,7.83,0.0,13.339123131194354,6.411677966101696,0.4,2,17,6,13.54,15.67
1963-02-18,10.34,0.0,13.339123131194354,6.411677966101696,-6.6,2,18,0,7.83,6.79
1963-02-19,14.54,0.0,13.339123131194354,6.411677966101696,-1.5,2,19,1,10.34,5.21
1963-02-20,9.92,0.0,13.339123131194354,6.411677966101696,-4.0,2,20,2,14.54,12.83
1963-02-21,8.5,0.0,13.339123131194354,6.411677966101696,-2.7,2,21,3,9.92,19.17
1963-02-22,5.5,0.0,13.339123131194354,6.411677966101696,-6.6,2,22,4,8.5,15.5
1963-02-23,9.33,0.0,13.339123131194354,6.411677966101696,-7.3,2,23,5,5.5,13.54
1963-02-24,13.75,0.0,13.339123131194354,6.411677966101696,-2.7,2,24,6,9.33,7.83
1963-02-25,11.46,0.0,13.339123131194354,6.411677966101696,-8.7,2,25,0,13.75,10.34
1963-02-26,19.25,0.0,13.339123131194354,6.411677966101696,-1.5,2,26,1,11.46,14.54
1963-02-27,12.5,0.0,13.339123131194354,6.411677966101696,-2.0,2,27,2,19.25,9.92
1963-02-28,16.46,0.0,13.339123131194354,6.411677966101696,-0.1,2,28,3,12.5,8.5
1963-03-01,16.21,0.0,7.1,2.2,-2.2,3,1,4,16.46,5.5
1963-03-02,15.83,0.1,7.8,1.7,-1.6,3,2,5,16.21,9.33
1963-03-03,14.46,0.3,8.4,4.0,4.1,3,3,6,15.83,13.75
1963-03-04,14.42,4.0,11.8,4.8,3.8,3,4,0,14.46,11.46
1963-03-05,20.21,2.3,13.4,6.7,5.6,3,5,1,14.42,19.25
1963-03-06,9.96,0.2,11.7,8.3,7.7,3,6,2,20.21,12.5
1963-03-07,17.88,0.0,12.8,6.1,6.2,3,7,3,9.96,16.46
1963-03-08,17.5,1.0,11.8,7.2,6.2,3,8,4,17.88,16.21
1963-03-09,13.33,3.7,9.1,6.1,4.4,3,9,5,17.5,15.83
1963-03-10,17.33,0.5,11.3,4.8,4.4,3,10,6,13.33,14.46
1963-03-11,5.66,0.0,8.3,-1.6,-4.8,3,11,0,17.33,14.42
1963-03-12,6.67,0.1,11.7,0.9,-1.6,3,12,1,5.66,20.21
1963-03-13,11.46,0.7,12.1,-2.7,-6.2,3,13,2,6.67,9.96
1963-03-14,13.92,0.1,12.3,4.6,4.8,3,14,3,11.46,17.88
1963-03-15,14.25,18.5,14.2,8.3,6.6,3,15,4,13.92,17.5
1963-03-16,16.62,2.0,12.4,6.6,6.1,3,16,5,14.25,13.33
1963-03-17,13.17,4.7,10.1,6.6,1.2,3,17,6,16.62,17.33
1963-03-18,12.42,0.0,13.4,6.6,5.5,3,18,0,13.17,5.66
1963-03-19,9.54,14.8,8.4,1.7,-1.1,3,19,1,12.42,6.67
1963-03-20,7.54,0.0,11.4,4.8,4.8,3,20,2,9.54,11.46
1963-03-21,4.33,0.0,10.2,0.0,-4.0,3,21,3,7.54,13.92
1963-03-22,4.17,0.0,6.8,2.6,-2.2,3,22,4,4.33,14.25
1963-03-23,4.79,0.0,12.1,-2.1,-5.4,3,23,5,4.17,16.62
1963-03-24,19.75,6.4,10.1,1.7,-2.6,3,24,6,4.79,13.17
1963-03-25,19.55,0.4,11.4,5.4,5.4,3,25,0,19.75,12.42
1963-03-26,7.62,2.9,12.7,4.4,4.4,3,26,1,19.55,9.54
1963-03-27,13.92,0.2,10.1,4.0,3.4,3,27,2,7.62,7.54
1963-03-28,9.83,1.5,7.9,2.2,0.5,3,28,3,13.92,4.33
1963-03-29,8.67,0.0,9.7,-1.0,-4.8,3,29,4,9.83,4.17
1963-03-30,9.38,0.0,7.9,0.6,-1.6,3,30,5,8.67,4.79
1963-03-31,6.83,0.0,11.2,-2.2,-5.4,3,31,6,9.38,19.75
1963-04-01,11.79,2.2,13.339123131194354,6.411677966101696,1.6,4,1,0,6.83,19.55
1963-04-02,8.96,0.0,13.339123131194354,6.411677966101696,-3.2,4,2,1,11.79,7.62
1963-04-03,8.71,0.2,13.339123131194354,6.411677966101696,-1.6,4,3,2,8.96,13.92
1963-04-04,13.0,4.3,13.339123131194354,6.411677966101696,1.2,4,4,3,8.71,9.83
1963-04-05,20.04,7.2,13.339123131194354,6.411677966101696,2.0,4,5,4,13.0,8.67
1963-04-06,20.5,1.8,13.339123131194354,6.411677966101696,2.7,4,6,5,20.04,9.38
1963-04-07,18.5,0.0,13.339123131194354,6.411677966101696,2.7,4,7,6,20.5,6.83
1963-04-08,10.41,0.3,13.339123131194354,6.411677966101696,2.7,4,8,0,18.5,11.79
1963-04-09,11.67,1.1,13.339123131194354,6.411677966101696,4.4,4,9,1,10.41,8.96
1963-04-10,7.25,1.2,13.339123131194354,6.411677966101696,4.4,4,10,2,11.67,8.71
1963-04-11,9.54,0.0,13.339123131194354,6.411677966101696,4.4,4,11,3,7.25,13.0
1963-04-12,16.0,0.0,13.339123131194354,6.411677966101696,-3.6,4,12,4,9.54,20.04
1963-04-13,15.21,10.1,13.339123131194354,6.411677966101696,0.5,4,13,5,16.0,20.5
1963-04-14,16.46,2.7,13.339123131194354,6.411677966101696,3.3,4,14,6,15.21,18.5
1963-04-15,8.87,1.1,13.339123131194354,6.411677966101696,7.7,4,15,0,16.46,10.41
1963-04-16,9.67,0.0,13.339123131194354,6.411677966101696,7.7,4,16,1,8.87,11.67
1963-04-17,8.0,0.0,13.339123131194354,6.411677966101696,2.3,4,17,2,9.67,7.25
1963-04-18,9.92,1.1,13.339123131194354,6.411677966101696,2.5,4,18,3,8.0,9.54
1963-04-19,9.5,5.8,13.339123131194354,6.411677966101696,-4.5,4,19,4,9.92,16.0
1963-04-20,21.54,1.7,13.339123131194354,6.411677966101696,4.5,4,20,5,9.5,15.21
1963-04-21,19.58,4.4,13.339123131194354,6.411677966101696,5.6,4,21,6,21.54,16.46
1963-04-22,13.42,0.0,13.339123131194354,6.411677966101696,6.6,4,22,0,19.58,8.87
1963-04-23,6.0,0.2,13.339123131194354,6.411677966101696,6.0,4,23,1,13.42,9.67
1963-04-24,6.67,0.2,13.339123131194354,6.411677966101696,3.3,4,24,2,6.0,8.0
1963-04-25,4.83,0.0,13.339123131194354,6.411677966101696,-0.7,4,25,3,6.67,9.92
1963-04-26,5.71,0.6,13.339123131194354,6.411677966101696,-0.5,4,26,4,4.83,9.5
1963-04-27,12.12,0.1,13.339123131194354,6.411677966101696,0.0,4,27,5,5.71,21.54
1963-04-28,11.42,0.2,13.339123131194354,6.411677966101696,12.1,4,28,6,12.12,19.58
1963-04-29,11.75,0.0,13.339123131194354,6.411677966101696,6.1,4,29,0,11.42,13.42
1963-04-30,12.33,1.1,13.339123131194354,6.411677966101696,2.2,4,30,1,11.75,6.0
1963-05-01,14.46,0.1,12.8,6.5,3.4,5,1,2,12.33,6.67
1963-05-02,15.37,1.2,12.7,2.3,0.5,5,2,3,14.46,4.83
1963-05-03,12.96,0.0,13.5,5.6,3.8,5,3,4,15.37,5.71
1963-05-04,13.37,2.6,14.4,4.5,1.1,5,4,5,12.96,12.12
1963-05-05,14.96,0.4,11.2,3.4,1.7,5,5,6,13.37,11.42
1963-05-06,13.67,0.7,14.1,4.1,2.6,5,6,0,14.96,11.75
1963-05-07,18.75,3.2,15.2,8.8,7.7,5,7,1,13.67,12.33
1963-05-08,11.67,0.8,14.0,8.4,7.2,5,8,2,18.75,14.46
1963-05-09,13.88,1.3,14.4,5.6,2.2,5,9,3,11.67,15.37
1963-05-10,23.09,0.9,12.2,8.2,7.5,5,10,4,13.88,12.96
1963-05-11,12.25,0.0,13.8,4.0,1.4,5,11,5,23.09,13.37
1963-05-12,15.59,0.1,15.5,10.0,7.5,5,12,6,12.25,14.96
1963-05-13,20.33,0.8,14.2,9.0,5.6,5,13,0,15.59,13.67
1963-05-14,13.42,1.1,14.5,7.7,5.5,5,14,1,20.33,18.75
1963-05-15,12.83,0.5,15.5,5.5,2.73654650788542,5,15,2,13.42,11.67
1963-05-16,14.42,0.5,18.3,3.8,-0.2,5,16,3,12.83,13.88
1963-05-17,13.96,0.0,16.6,3.8,-0.2,5,17,4,14.42,23.09
1963-05-18,19.33,0.8,13.3,8.4,6.3,5,18,5,13.96,12.25
1963-05-19,11.38,5.0,13.6,4.8,2.2,5,19,6,19.33,15.59
1963-05-20,14.5,3.4,15.0,7.7,7.2,5,20,0,11.38,20.33
1963-05-21,7.21,6.8,12.6,6.7,3.8,5,21,1,14.5,13.42
1963-05-22,7.62,0.0,12.8,2.7,-1.2,5,22,2,7.21,12.83
1963-05-23,7.0,0.2,12.0,5.4,0.6,5,23,3,7.62,14.42
1963-05-24,4.96,4.1,11.6,0.6,-4.1,5,24,4,7.0,13.96
1963-05-25,8.38,1.1,15.5,8.4,7.2,5,25,5,4.96,19.33
1963-05-26,9.29,0.4,15.7,11.0,8.3,5,26,6,8.38,11.38
1963-05-27,5.13,0.0,14.0,6.0,0.5,5,27,0,9.29,14.5
1963-05-28,5.63,0.0,17.0,2.3,-0.7,5,28,1,5.13,7.21
1963-05-29,10.92,0.0,16.1,6.7,2.73654650788542,5,29,2,5.63,7.62
1963-05-30,8.25,2.5,12.8,6.7,5.1,5,30,3,10.92,7.0
1963-05-31,6.13,0.0,17.1,10.0,7.2,5,31,4,8.25,4.96
1963-06-01,10.92,0.0,13.339123131194354,6.411677966101696,7.0,6,1,5,6.13,8.38
1963-06-02,14.46,0.0,13.339123131194354,6.411677966101696,7.6,6,2,6,10.92,9.29
1963-06-03,17.67,0.0,13.339123131194354,6.411677966101696,8.1,6,3,0,14.46,5.13
1963-06-04,9.79,0.2,13.339123131194354,6.411677966101696,5.5,6,4,1,17.67,5.63
1963-06-05,6.0,0.0,13.339123131194354,6.411677966101696,9.5,6,5,2,9.79,10.92
1963-06-06,6.29,0.0,13.339123131194354,6.411677966101696,9.4,6,6,3,6.0,8.25
1963-06-07,3.58,0.0,13.339123131194354,6.411677966101696,7.2,6,7,4,6.29,6.13
1963-06-08,4.25,0.0,13.339123131194354,6.411677966101696,4.4,6,8,5,3.58,10.92
1963-06-09,8.38,0.0,13.339123131194354,6.411677966101696,7.8,6,9,6,4.25,14.46
1963-06-10,5.75,0.0,13.339123131194354,6.411677966101696,6.7,6,10,0,8.38,17.67
1963-06-11,2.92,18.8,13.339123131194354,6.411677966101696,5.0,6,11,1,5.75,9.79
1963-06-12,4.25,5.0,13.339123131194354,6.411677966101696,12.0,6,12,2,2.92,6.0
1963-06-13,4.92,0.0,13.339123131194354,6.411677966101696,4.5,6,13,3,4.25,6.29
1963-06-14,4.83,0.0,13.339123131194354,6.411677966101696,5.6,6,14,4,4.92,3.58
1963-06-15,7.17,5.0,13.339123131194354,6.411677966101696,5.0,6,15,5,4.83,4.25
1963-06-16,8.29,0.8,13.339123131194354,6.411677966101696,10.3,6,16,6,7.17,8.38
1963-06-17,5.88,4.5,13.339123131194354,6.411677966101696,9.6,6,17,0,8.29,5.75
1963-06-18,17.83,0.8,13.339123131194354,6.411677966101696,10.7,6,18,1,5.88,2.92
1963-06-19,8.92,3.3,13.339123131194354,6.411677966101696,6.2,6,19,2,17.83,4.25
1963-06-20,8.67,0.1,13.339123131194354,6.411677966101696,9.5,6,20,3,8.92,4.92
1963-06-21,10.34,0.5,13.339123131194354,6.411677966101696,9.4,6,21,4,8.67,4.83
1963-06-22,11.83,6.3,13.339123131194354,6.411677966101696,7.5,6,22,5,10.34,7.17
1963-06-23,11.87,0.3,13.339123131194354,6.411677966101696,5.0,6,23,6,11.83,8.29
1963-06-24,12.04,2.8,13.339123131194354,6.411677966101696,8.5,6,24,0,11.87,5.88
1963-06-25,8.17,3.1,13.339123131194354,6.411677966101696,8.3,6,25,1,12.04,17.83
1963-06-26,12.71,3.5,13.339123131194354,6.411677966101696,8.3,6,26,2,8.17,8.92
1963-06-27,13.04,3.0,13.339123131194354,6.411677966101696,6.1,6,27,3,12.71,8.67
1963-06-28,12.17,3.4,13.339123131194354,6.411677966101696,10.3,6,28,4,13.04,10.34
1963-06-29,13.5,2.8,13.339123131194354,6.411677966101696,9.7,6,29,5,12.17,11.83
1963-06-30,11.58,0.5,13.339123131194354,6.411677966101696,9.6,6,30,6,13.5,11.87
1963-07-01,8.54,0.8,16.2,11.4,10.7,7,1,0,11.58,12.04
1963-07-02,5.09,0.3,17.0,11.1,11.2,7,2,1,8.54,8.17
1963-07-03,6.46,0.0,17.2,12.2,10.6,7,3,2,5.09,12.71
1963-07-04,8.5,0.7,15.7,11.3,8.5,7,4,3,6.46,13.04
1963-07-05,5.17,3.4,16.6,10.5,10.5,7,5,4,8.5,12.17
1963-07-06,2.67,0.1,16.1,11.6,11.2,7,6,5,5.17,13.5
1963-07-07,6.46,0.0,16.6,11.1,9.6,7,7,6,2.67,11.58
1963-07-08,10.92,0.0,16.6,10.7,10.1,7,8,0,6.46,8.54
1963-07-09,13.96,0.1,16.4,11.5,10.1,7,9,1,10.92,5.09
1963-07-10,8.17,0.2,17.0,10.6,10.4,7,10,2,13.96,6.46
1963-07-11,4.46,0.9,15.0,8.4,4.7,7,11,3,8.17,8.5
1963-07-12,4.79,0.3,15.6,10.2,8.8,7,12,4,4.46,5.17
1963-07-13,5.54,0.5,17.2,7.8,3.4,7,13,5,4.79,2.67
1963-07-14,14.71,0.0,20.0,12.2,9.5,7,14,6,5.54,6.46
1963-07-15,12.04,3.8,18.8,13.4,11.0,7,15,0,14.71,10.92
1963-07-16,10.29,2.0,19.0,11.6,10.0,7,16,1,12.04,13.96
1963-07-17,9.75,0.0,17.6,12.1,9.0,7,17,2,10.29,8.17
1963-07-18,6.5,0.0,19.4,10.2,7.5,7,18,3,9.75,4.46
1963-07-19,10.04,0.4,19.4,13.7,12.7,7,19,4,6.5,4.79
1963-07-20,6.5,0.0,17.7,4.7,1.0,7,20,5,10.04,5.54
1963-07-21,7.29,0.0,24.0,11.6,8.3,7,21,6,6.5,14.71
1963-07-22,6.5,3.4,17.7,15.0,13.3,7,22,0,7.29,12.04
1963-07-23,7.87,2.3,18.3,12.6,10.1,7,23,1,6.5,10.29
1963-07-24,11.17,0.1,18.2,13.1,13.3,7,24,2,7.87,9.75
1963-07-25,11.0,1.1,17.5,8.3,6.2,7,25,3,11.17,6.5
1963-07-26,6.5,0.0,17.7,9.2,6.0,7,26,4,11.0,10.04
1963-07-27,5.5,0.0,20.1,7.2,2.5,7,27,5,6.5,6.5
1963-07-28,5.91,0.0,20.4,6.6,3.0,7,28,6,5.5,7.29
1963-07-29,8.21,0.0,21.1,7.1,2.7,7,29,0,5.91,6.5
1963-07-30,4.33,0.0,25.5,9.5,7.2,7,30,1,8.21,7.87
1963-07-31,4.33,0.0,22.3,8.7,4.5,7,31,2,4.33,11.17
1963-08-01,5.41,0.0,21.4,12.7,10.4,8,1,3,4.33,11.0
1963-08-02,4.08,0.0,20.3,10.0,5.5,8,2,4,5.41,6.5
1963-08-03,2.62,0.0,19.6,10.5,6.7,8,3,5,4.08,5.5
1963-08-04,3.13,0.0,21.1,13.3,11.6,8,4,6,2.62,5.91
1963-08-05,10.5,4.1,18.3,12.8,9.6,8,5,0,3.13,8.21
1963-08-06,7.0,0.0,18.8,11.6,10.8,8,6,1,10.5,4.33
1963-08-07,12.58,0.0,20.6,14.0,12.8,8,7,2,7.0,4.33
1963-08-08,13.5,0.0,16.6,9.7,7.4,8,8,3,12.58,5.41
1963-08-09,7.96,9.4,17.3,8.6,4.7,8,9,4,13.5,4.08
1963-08-10,14.09,2.1,19.7,12.6,10.3,8,10,5,7.96,2.62
1963-08-11,11.25,1.6,18.4,12.2,11.2,8,11,6,14.09,3.13
1963-08-12,8.38,0.0,18.8,11.6,10.6,8,12,0,11.25,10.5
1963-08-13,6.58,0.0,16.2,10.7,10.7,8,13,1,8.38,7.0
1963-08-14,6.67,4.3,17.6,8.7,5.7,8,14,2,6.58,12.58
1963-08-15,9.21,15.1,16.3,6.2,1.8,8,15,3,6.67,13.5
1963-08-16,17.67,44.4,13.0,9.6,9.4,8,16,4,9.21,7.96
1963-08-17,15.67,0.0,15.0,8.8,8.8,8,17,5,17.67,14.09
1963-08-18,6.92,0.0,17.7,7.3,3.8,8,18,6,15.67,11.25
1963-08-19,7.79,3.6,17.8,11.2,10.3,8,19,0,6.92,8.38
1963-08-20,11.08,0.4,17.0,8.8,6.6,8,20,1,7.79,6.58
1963-08-21,9.46,3.4,18.3,9.7,7.6,8,21,2,11.08,6.67
1963-08-22,7.62,0.2,18.8,12.7,11.8,8,22,3,9.46,9.21
1963-08-23,13.13,3.8,17.8,10.3,6.1,8,23,4,7.62,17.67
1963-08-24,13.59,0.4,19.0,11.1,9.4,8,24,5,13.13,15.67
1963-08-25,9.0,3.6,17.7,12.7,11.4,8,25,6,13.59,6.92
1963-08-26,19.62,3.3,17.3,12.3,10.5,8,26,0,9.0,7.79
1963-08-27,14.62,0.2,15.5,11.4,10.0,8,27,1,19.62,11.08
1963-08-28,7.41,0.0,15.5,9.8,4.7,8,28,2,14.62,9.46
1963-08-29,8.33,0.0,16.5,10.5,6.6,8,29,3,7.41,7.62
1963-08-30,11.12,11.4,17.7,12.3,8.2,8,30,4,8.33,13.13
1963-08-31,9.59,0.5,15.6,11.6,11.1,8,31,5,11.12,13.59
1963-09-01,10.34,0.5,13.339123131194354,6.411677966101696,5.5,9,1,6,9.59,9.0
1963-09-02,8.96,1.3,13.339123131194354,6.411677966101696,8.8,9,2,0,10.34,19.62
1963-09-03,11.25,2.8,13.339123131194354,6.411677966101696,5.5,9,3,1,8.96,14.62
1963-09-04,5.96,0.0,13.339123131194354,6.411677966101696,5.3,9,4,2,11.25,7.41
1963-09-05,9.25,6.8,13.339123131194354,6.411677966101696,5.1,9,5,3,5.96,8.33
1963-09-06,10.34,6.9,13.339123131194354,6.411677966101696,3.1,9,6,4,9.25,11.12
1963-09-07,14.67,2.0,13.339123131194354,6.411677966101696,10.0,9,7,5,10.34,9.59
1963-09-08,13.13,1.2,13.339123131194354,6.411677966101696,1.4,9,8,6,14.67,10.34
1963-09-09,14.04,0.3,13.339123131194354,6.411677966101696,5.6,9,9,0,13.13,8.96
1963-09-10,3.71,0.0,13.339123131194354,6.411677966101696,1.1,9,10,1,14.04,11.25
1963-09-11,2.54,0.0,13.339123131194354,6.411677966101696,9.8,9,11,2,3.71,5.96
1963-09-12,4.29,0.0,13.339123131194354,6.411677966101696,3.0,9,12,3,2.54,9.25
1963-09-13,9.79,0.0,13.339123131194354,6.411677966101696,3.8,9,13,4,4.29,10.34
1963-09-14,9.33,0.0,13.339123131194354,6.411677966101696,7.8,9,14,5,9.79,14.67
1963-09-15,5.91,0.0,13.339123131194354,6.411677966101696,1.6,9,15,6,9.33,13.13
1963-09-16,4.75,0.0,13.339123131194354,6.411677966101696,1.6,9,16,0,5.91,14.04
1963-09-17,7.83,5.6,13.339123131194354,6.411677966101696,3.3,9,17,1,4.75,3.71
1963-09-18,5.41,0.0,13.339123131194354,6.411677966101696,4.4,9,18,2,7.83,2.54
1963-09-19,6.75,0.2,13.339123131194354,6.411677966101696,3.3,9,19,3,5.41,4.29
1963-09-20,5.5,0.0,13.339123131194354,6.411677966101696,10.2,9,20,4,6.75,9.79
1963-09-21,2.54,0.0,13.339123131194354,6.411677966101696,4.1,9,21,5,5.5,9.33
1963-09-22,3.21,0.0,13.339123131194354,6.411677966101696,5.5,9,22,6,2.54,5.91
1963-09-23,5.09,2.0,13.339123131194354,6.411677966101696,4.4,9,23,0,3.21,4.75
1963-09-24,14.67,1.3,13.339123131194354,6.411677966101696,7.7,9,24,1,5.09,7.83
1963-09-25,13.37,15.8,13.339123131194354,6.411677966101696,1.7,9,25,2,14.67,5.41
1963-09-26,23.04,0.0,13.339123131194354,6.411677966101696,7.7,9,26,3,13.37,6.75
1963-09-27,15.0,0.0,13.339123131194354,6.411677966101696,3.7,9,27,4,23.04,5.5
1963-09-28,10.17,0.3,13.339123131194354,6.411677966101696,3.2,9,28,5,15.0,2.54
1963-09-29,17.88,0.0,13.339123131194354,6.411677966101696,11.2,9,29,6,10.17,3.21
1963-09-30,12.5,0.2,13.339123131194354,6.411677966101696,7.7,9,30,0,17.88,5.09
1963-10-01,15.71,0.9,13.339123131194354,6.411677966101696,10.0,10,1,1,12.5,14.67
1963-10-02,10.54,1.2,13.339123131194354,6.411677966101696,10.0,10,2,2,15.71,13.37
1963-10-03,14.21,2.0,13.339123131194354,6.411677966101696,9.0,10,3,3,10.54,23.04
1963-10-04,14.25,1.5,13.339123131194354,6.411677966101696,2.5,10,4,4,14.21,15.0
1963-10-05,9.04,2.4,13.339123131194354,6.411677966101696,4.5,10,5,5,14.25,10.17
1963-10-06,8.71,5.1,13.339123131194354,6.411677966101696,-1.0,10,6,6,9.04,17.88
1963-10-07,11.17,0.0,13.339123131194354,6.411677966101696,8.5,10,7,0,8.71,12.5
1963-10-08,14.33,0.4,13.339123131194354,6.411677966101696,11.6,10,8,1,11.17,15.71
1963-10-09,15.25,0.0,13.339123131194354,6.411677966101696,-0.5,10,9,2,14.33,10.54
1963-10-10,14.42,0.0,13.339123131194354,6.411677966101696,8.6,10,10,3,15.25,14.21
1963-10-11,9.83,0.0,13.339123131194354,6.411677966101696,8.8,10,11,4,14.42,14.25
1963-10-12,9.42,0.3,13.339123131194354,6.411677966101696,-1.6,10,12,5,9.83,9.04
1963-10-13,14.21,0.0,13.339123131194354,6.411677966101696,3.8,10,13,6,9.42,8.71
1963-10-14,3.83,4.3,13.339123131194354,6.411677966101696,-1.6,10,14,0,14.21,11.17
1963-10-15,11.67,1.0,13.339123131194354,6.411677966101696,8.6,10,15,1,3.83,14.33
1963-10-16,7.46,0.0,13.339123131194354,6.411677966101696,-0.5,10,16,2,11.67,15.25
1963-10-17,10.37,0.0,13.339123131194354,6.411677966101696,6.7,10,17,3,7.46,14.42
1963-10-18,12.96,0.0,13.339123131194354,6.411677966101696,4.3,10,18,4,10.37,9.83
1963-10-19,15.09,0.2,13.339123131194354,6.411677966101696,10.6,10,19,5,12.96,9.42
1963-10-20,13.42,0.0,13.339123131194354,6.411677966101696,0.5,10,20,6,15.09,14.21
1963-10-21,13.88,6.3,13.339123131194354,6.411677966101696,9.8,10,21,0,13.42,3.83
1963-10-22,9.79,0.4,13.339123131194354,6.411677966101696,0.5,10,22,1,13.88,11.67
1963-10-23,12.92,0.0,13.339123131194354,6.411677966101696,8.8,10,23,2,9.79,7.46
1963-10-24,4.83,0.0,13.339123131194354,6.411677966101696,10.0,10,24,3,12.92,10.37
1963-10-25,6.04,0.0,13.339123131194354,6.411677966101696,0.5,10,25,4,4.83,12.96
1963-10-26,11.21,0.0,13.339123131194354,6.411677966101696,9.4,10,26,5,6.04,15.09
1963-10-27,15.37,0.1,13.339123131194354,6.411677966101696,8.7,10,27,6,11.21,13.42
1963-10-28,12.04,5.4,13.339123131194354,6.411677966101696,11.0,10,28,0,15.37,13.88
1963-10-29,8.21,3.0,13.339123131194354,6.411677966101696,8.0,10,29,1,12.04,9.79
1963-10-30,15.92,9.6,13.339123131194354,6.411677966101696,10.5,10,30,2,8.21,12.92
1963-10-31,5.25,0.2,13.339123131194354,6.411677966101696,3.1,10,31,3,15.92,4.83
1963-11-01,8.25,0.5,13.339123131194354,6.411677966101696,3.1,11,1,4,5.25,6.04
1963-11-02,6.0,16.2,13.339123131194354,6.411677966101696,3.0,11,2,5,8.25,11.21
1963-11-03,7.33,2.0,13.339123131194354,6.411677966101696,5.8,11,3,6,6.0,15.37
1963-11-04,16.13,7.9,13.339123131194354,6.411677966101696,6.2,11,4,0,7.33,12.04
1963-11-05,11.12,9.8,13.339123131194354,6.411677966101696,8.5,11,5,1,16.13,8.21
1963-11-06,3.0,0.2,13.339123131194354,6.411677966101696,2.1,11,6,2,11.12,15.92
1963-11-07,7.62,0.0,13.339123131194354,6.411677966101696,3.1,11,7,3,3.0,5.25
1963-11-08,13.0,0.0,13.339123131194354,6.411677966101696,-2.7,11,8,4,7.62,8.25
1963-11-09,6.58,11.2,13.339123131194354,6.411677966101696,-4.4,11,9,5,13.0,6.0
1963-11-10,19.83,7.6,13.339123131194354,6.411677966101696,8.6,11,10,6,6.58,7.33
1963-11-11,18.29,0.3,13.339123131194354,6.411677966101696,9.4,11,11,0,19.83,16.13
1963-11-12,25.92,0.0,13.339123131194354,6.411677966101696,6.6,11,12,1,18.29,11.12
1963-11-13,14.42,1.7,13.339123131194354,6.411677966101696,-0.2,11,13,2,25.92,3.0
1963-11-14,12.08,0.1,13.339123131194354,6.411677966101696,0.6,11,14,3,14.42,7.62
1963-11-15,2.92,6.3,13.339123131194354,6.411677966101696,-5.5,11,15,4,12.08,13.0
1963-11-16,6.29,0.0,13.339123131194354,6.411677966101696,-3.8,11,16,5,2.92,6.58
1963-11-17,13.75,11.5,13.339123131194354,6.411677966101696,-3.3,11,17,6,6.29,19.83
1963-11-18,22.5,0.9,13.339123131194354,6.411677966101696,6.1,11,18,0,13.75,18.29
1963-11-19,10.08,2.2,13.339123131194354,6.411677966101696,6.1,11,19,1,22.5,25.92
1963-11-20,7.17,2.0,13.339123131194354,6.411677966101696,-2.7,11,20,2,10.08,14.42
1963-11-21,24.71,7.0,13.339123131194354,6.411677966101696,-5.2,11,21,3,7.17,12.08
1963-11-22,10.21,0.0,13.339123131194354,6.411677966101696,2.5,11,22,4,24.71,2.92
1963-11-23,13.17,3.1,13.339123131194354,6.411677966101696,2.8,11,23,5,10.21,6.29
1963-11-24,14.62,0.0,13.339123131194354,6.411677966101696,9.4,11,24,6,13.17,13.75
1963-11-25,18.41,1.5,13.339123131194354,6.411677966101696,3.8,11,25,0,14.62,22.5
1963-11-26,14.42,0.0,13.339123131194354,6.411677966101696,3.8,11,26,1,18.41,10.08
1963-11-27,5.91,3.5,13.339123131194354,6.411677966101696,-2.7,11,27,2,14.42,7.17
1963-11-28,10.41,0.0,13.339123131194354,6.411677966101696,-1.6,11,28,3,5.91,24.71
1963-11-29,6.46,0.2,13.339123131194354,6.411677966101696,-5.1,11,29,4,10.41,10.21
1963-11-30,6.42,7.2,13.339123131194354,6.411677966101696,-7.7,11,30,5,6.46,13.17
1963-12-01,13.79,1.0,13.339123131194354,6.411677966101696,3.4,12,1,6,6.42,14.62
1963-12-02,16.0,0.0,13.339123131194354,6.411677966101696,0.7,12,2,0,13.79,18.41
1963-12-03,21.29,0.0,13.339123131194354,6.411677966101696,7.2,12,3,1,16.0,14.42
1963-12-04,16.08,0.0,13.339123131194354,6.411677966101696,6.1,12,4,2,21.29,5.91
1963-12-05,10.71,0.0,13.339123131194354,6.411677966101696,3.2,12,5,3,16.08,10.41
1963-12-06,13.21,0.0,13.339123131194354,6.411677966101696,3.3,12,6,4,10.71,6.46
1963-12-07,8.92,0.0,13.339123131194354,6.411677966101696,1.6,12,7,5,13.21,6.42
1963-12-08,1.83,0.0,13.339123131194354,6.411677966101696,-3.6,12,8,6,8.92,13.79
1963-12-09,3.46,0.0,13.339123131194354,6.411677966101696,-7.3,12,9,0,1.83,16.0
1963-12-10,12.17,0.0,13.339123131194354,6.411677966101696,-7.2,12,10,1,3.46,21.29
1963-12-11,17.54,6.4,13.339123131194354,6.411677966101696,3.1,12,11,2,12.17,16.08
1963-12-12,16.96,0.0,13.339123131194354,6.411677966101696,4.5,12,12,3,17.54,10.71
1963-12-13,13.04,0.3,13.339123131194354,6.411677966101696,2.4,12,13,4,16.96,13.21
1963-12-14,9.08,0.0,13.339123131194354,6.411677966101696,0.0,12,14,5,13.04,8.92
1963-12-15,6.5,1.8,13.339123131194354,6.411677966101696,2.0,12,15,6,9.08,1.83
1963-12-16,4.92,0.0,13.339123131194354,6.411677966101696,2.2,12,16,0,6.5,3.46
1963-12-17,6.42,0.0,13.339123131194354,6.411677966101696,2.1,12,17,1,4.92,12.17
1963-12-18,7.5,1.2,13.339123131194354,6.411677966101696,-5.5,12,18,2,6.42,17.54
1963-12-19,10.58,0.0,13.339123131194354,6.411677966101696,-2.7,12,19,3,7.5,16.96
1963-12-20,8.38,0.0,13.339123131194354,6.411677966101696,-8.3,12,20,4,10.58,13.04
1963-12-21,10.88,0.0,13.339123131194354,6.411677966101696,-8.3,12,21,5,8.38,9.08
1963-12-22,6.63,0.0,13.339123131194354,6.411677966101696,-5.3,12,22,6,10.88,6.5
1963-12-23,12.08,0.0,13.339123131194354,6.411677966101696,-7.7,12,23,0,6.63,4.92
1963-12-24,18.08,1.1,13.339123131194354,6.411677966101696,1.2,12,24,1,12.08,6.42
1963-12-25,12.21,0.0,13.339123131194354,6.411677966101696,1.1,12,25,2,18.08,7.5
1963-12-26,8.29,0.0,13.339123131194354,6.411677966101696,-6.1,12,26,3,12.21,10.58
1963-12-27,10.54,0.0,13.339123131194354,6.411677966101696,-4.7,12,27,4,8.29,8.38
1963-12-28,12.87,2.0,13.339123131194354,6.411677966101696,4.1,12,28,5,10.54,10.88
1963-12-29,14.29,1.5,13.339123131194354,6.411677966101696,5.0,12,29,6,12.87,6.63
1963-12-30,17.29,2.6,13.339123131194354,6.411677966101696,2.7,12,30,0,14.29,12.08
1963-12-31,18.29,0.1,13.339123131194354,6.411677966101696,3.3,12,31,1,17.29,18.08
1964-01-01,14.12,0.0,11.6,4.3,0.5,1,1,2,18.29,12.21
1964-01-02,22.63,0.0,11.6,6.4,4.5,1,2,3,14.12,8.29
1964-01-03,16.13,0.0,12.2,10.0,8.8,1,3,4,22.63,10.54
1964-01-04,6.5,2.6,11.7,9.4,7.7,1,4,5,16.13,12.87
1964-01-05,3.67,0.1,7.8,5.0,5.0,1,5,6,6.5,14.29
1964-01-06,2.54,0.5,9.2,5.5,4.1,1,6,0,3.67,17.29
1964-01-07,2.92,0.0,10.1,2.5,-1.0,1,7,1,2.54,18.29
1964-01-08,4.08,0.0,8.3,-0.4,-4.1,1,8,2,2.92,14.12
1964-01-09,2.67,0.0,9.1,2.4,1.1,1,9,3,4.08,22.63
1964-01-10,2.71,0.0,8.1,4.1,2.3,1,10,4,2.67,16.13
1964-01-11,4.42,0.0,6.4,2.8,0.1,1,11,5,2.71,6.5
1964-01-12,7.54,0.0,6.5,3.3,1.7,1,12,6,4.42,3.67
1964-01-13,15.04,1.8,6.6,3.8,2.8,1,13,0,7.54,2.54
1964-01-14,8.71,0.0,7.2,0.1,-5.3,1,14,1,15.04,2.92
1964-01-15,11.12,0.0,7.3,0.5,2.73654650788542,1,15,2,8.71,4.08
1964-01-16,11.34,0.0,5.4,4.3,0.5,1,16,3,11.12,2.67
1964-01-17,12.25,0.0,6.5,2.8,-1.1,1,17,4,11.34,2.71
1964-01-18,15.29,0.0,10.5,4.0,1.0,1,18,5,12.25,4.42
1964-01-19,2.62,0.0,9.6,6.1,2.2,1,19,6,15.29,7.54
1964-01-20,7.58,0.0,11.1,4.0,1.1,1,20,0,2.62,15.04
1964-01-21,1.92,0.0,9.3,1.2,-2.4,1,21,1,7.58,8.71
1964-01-22,3.0,0.1,8.3,2.2,1.6,1,22,2,1.92,11.12
1964-01-23,9.92,0.8,9.4,4.0,-0.5,1,23,3,3.0,11.34
1964-01-24,6.34,0.0,5.1,-0.3,-3.3,1,24,4,9.92,12.25
1964-01-25,9.08,0.0,6.5,0.3,-3.4,1,25,5,6.34,15.29
1964-01-26,7.12,0.0,7.3,1.1,-1.8,1,26,6,9.08,2.62
1964-01-27,11.08,0.9,10.0,-0.5,-5.0,1,27,0,7.12,7.58
1964-01-28,15.87,0.0,9.4,5.0,2.7,1,28,1,11.08,1.92
1964-01-29,17.25,0.9,11.0,5.5,3.8,1,29,2,15.87,3.0
1964-01-30,19.0,2.8,11.0,2.7,0.5,1,30,3,17.25,9.92
1964-01-31,22.92,0.9,11.2,3.3,2.0,1,31,4,19.0,6.34
1964-02-01,17.67,0.4,12.2,9.0,7.0,2,1,5,22.92,9.08
1964-02-02,15.34,0.8,11.8,9.4,7.3,2,2,6,17.67,7.12
1964-02-03,16.79,0.5,9.0,5.6,2.3,2,3,0,15.34,11.08
1964-02-04,15.5,0.6,9.1,3.6,0.7,2,4,1,16.79,15.87
1964-02-05,7.25,0.0,6.1,0.5,-2.5,2,5,2,15.5,17.25
1964-02-06,5.63,0.0,5.5,-6.1,-9.4,2,6,3,7.25,19.0
1964-02-07,5.88,0.0,5.5,-4.2,-6.7,2,7,4,5.63,22.92
1964-02-08,7.21,0.0,6.1,-2.5,-6.6,2,8,5,5.88,17.67
1964-02-09,7.54,0.0,6.3,-5.1,-9.0,2,9,6,7.21,15.34
1964-02-10,10.83,0.0,7.1,-3.8,2.73654650788542,2,10,0,7.54,16.79
1964-02-11,8.5,0.0,7.7,3.4,3.4,2,11,1,10.83,15.5
1964-02-12,9.67,0.0,8.4,-2.3,-6.6,2,12,2,8.5,7.25
1964-02-13,20.3,1.4,8.3,4.7,0.5,2,13,3,9.67,5.63
1964-02-14,17.04,2.6,8.6,4.4,3.3,2,14,4,20.3,5.88
1964-02-15,13.88,2.9,8.4,5.4,3.6,2,15,5,17.04,7.21
1964-02-16,12.96,2.7,5.5,4.4,3.7,2,16,6,13.88,7.54
1964-02-17,12.83,4.8,5.5,1.8,1.1,2,17,0,12.96,10.83
1964-02-18,24.0,1.2,3.3,0.2,-0.4,2,18,1,12.83,8.5
1964-02-19,16.38,0.0,3.3,0.0,0.0,2,19,2,24.0,9.67
1964-02-20,9.67,0.0,2.7,1.5,0.3,2,20,3,16.38,20.3
1964-02-21,18.29,1.8,5.0,1.1,0.0,2,21,4,9.67,17.04
1964-02-22,19.25,2.2,8.8,-2.1,2.73654650788542,2,22,5,18.29,13.88
1964-02-23,8.92,0.5,13.8,4.4,2.7,2,23,6,19.25,12.96
1964-02-24,15.04,1.3,10.7,2.8,2.8,2,24,0,8.92,12.83
1964-02-25,11.08,0.1,12.2,2.7,2.73654650788542,2,25,1,15.04,24.0
1964-02-26,16.25,2.0,11.0,7.6,4.4,2,26,2,11.08,16.38
1964-02-27,13.79,0.0,13.3,7.6,6.6,2,27,3,16.25,9.67
1964-02-28,8.46,0.0,11.7,7.1,4.4,2,28,4,13.79,18.29
1964-02-29,5.88,0.0,12.1,2.1,-3.8,2,29,5,8.46,19.25
1964-03-01,8.87,0.0,11.2,-1.3,-6.1,3,1,6,5.88,8.92
1964-03-02,6.04,0.0,9.0,0.0,-5.4,3,2,0,8.87,15.04
1964-03-03,4.83,0.0,5.6,1.7,2.7,3,3,1,6.04,11.08
1964-03-04,7.83,0.2,9.3,-2.0,-5.6,3,4,2,4.83,16.25
1964-03-05,7.67,1.6,6.8,2.4,-2.7,3,5,3,7.83,13.79
1964-03-06,5.88,0.0,5.7,0.3,-4.7,3,6,4,7.67,8.46
1964-03-07,10.08,1.2,5.0,-0.1,-4.6,3,7,5,5.88,5.88
1964-03-08,9.5,0.3,7.0,2.2,-2.0,3,8,6,10.08,8.87
1964-03-09,10.29,0.1,7.8,1.7,-1.0,3,9,0,9.5,6.04
1964-03-10,10.67,0.0,6.5,5.0,4.4,3,10,1,10.29,4.83
1964-03-11,15.16,0.0,10.0,3.2,-3.6,3,11,2,10.67,7.83
1964-03-12,15.37,12.3,8.3,4.9,2.3,3,12,3,15.16,7.67
1964-03-13,12.87,11.4,9.4,4.9,4.4,3,13,4,15.37,5.88
1964-03-14,13.21,0.4,12.8,7.1,4.3,3,14,5,12.87,10.08
1964-03-15,6.54,0.0,10.0,0.2,-4.3,3,15,6,13.21,9.5
1964-03-16,17.41,16.2,5.6,3.3,-1.1,3,16,0,6.54,10.29
1964-03-17,23.13,0.9,5.7,1.7,0.0,3,17,1,17.41,10.67
1964-03-18,22.54,11.1,5.6,3.7,0.0,3,18,2,23.13,15.16
1964-03-19,15.37,10.6,10.2,3.6,2.0,3,19,3,22.54,15.37
1964-03-20,11.34,0.8,9.8,4.8,2.2,3,20,4,15.37,12.87
1964-03-21,8.71,1.7,11.1,6.3,1.8,3,21,5,11.34,13.21
1964-03-22,6.08,0.2,9.0,6.4,6.6,3,22,6,8.71,6.54
1964-03-23,11.0,2.8,12.3,3.9,-0.7,3,23,0,6.08,17.41
1964-03-24,7.58,8.6,11.4,7.3,4.4,3,24,1,11.0,23.13
1964-03-25,15.37,0.1,10.3,2.9,0.3,3,25,2,7.58,22.54
1964-03-26,6.0,2.8,10.2,-1.1,-5.0,3,26,3,15.37,15.37
1964-03-27,9.67,8.7,8.0,3.9,1.6,3,27,4,6.0,11.34
1964-03-28,8.92,0.5,7.7,5.8,6.1,3,28,5,9.67,8.71
1964-03-29,7.71,0.3,7.2,5.0,4.4,3,29,6,8.92,6.08
1964-03-30,7.71,0.0,6.7,0.3,-3.1,3,30,0,7.71,11.0
1964-03-31,10.58,0.0,5.7,4.2,-0.5,3,31,1,7.71,7.58
1964-04-01,12.04,0.3,6.6,4.3,3.4,4,1,2,10.58,15.37
1964-04-02,10.63,0.1,7.8,0.8,-2.3,4,2,3,12.04,6.0
1964-04-03,11.83,0.0,7.2,2.1,-1.0,4,3,4,10.63,9.67
1964-04-04,12.75,0.0,7.7,1.1,-1.4,4,4,5,11.83,8.92
1964-04-05,6.58,5.0,11.1,0.5,-3.2,4,5,6,12.75,7.71
1964-04-06,7.33,0.0,11.1,3.1,-1.5,4,6,0,6.58,7.71
1964-04-07,7.29,0.0,12.6,-1.0,-3.6,4,7,1,7.33,10.58
1964-04-08,11.63,0.0,14.0,6.1,2.8,4,8,2,7.29,12.04
1964-04-09,18.05,0.4,14.2,7.8,4.0,4,9,3,11.63,10.63
1964-04-10,8.54,0.0,13.3,1.3,-1.6,4,10,4,18.05,11.83
1964-04-11,10.04,1.1,14.1,7.2,2.8,4,11,5,8.54,12.75
1964-04-12,14.37,0.1,13.0,9.7,8.2,4,12,6,10.04,6.58
1964-04-13,15.96,2.2,12.7,4.4,1.4,4,13,0,14.37,7.33
1964-04-14,19.04,1.0,12.2,4.8,3.4,4,14,1,15.96,7.29
1964-04-15,10.71,0.7,14.0,7.2,5.0,4,15,2,19.04,11.63
1964-04-16,9.17,7.0,11.6,7.0,4.3,4,16,3,10.71,18.05
1964-04-17,12.79,0.5,12.7,7.1,6.1,4,17,4,9.17,8.54
1964-04-18,12.87,0.0,12.0,7.6,5.5,4,18,5,12.79,10.04
1964-04-19,4.75,1.0,12.5,2.3,-1.2,4,19,6,12.87,14.37
1964-04-20,9.25,3.2,10.7,3.5,-1.0,4,20,0,4.75,15.96
1964-04-21,5.41,4.5,9.2,6.1,4.6,4,21,1,9.25,19.04
1964-04-22,9.04,2.5,11.5,4.4,1.8,4,22,2,5.41,10.71
1964-04-23,9.79,0.0,14.6,5.1,1.4,4,23,3,9.04,9.17
1964-04-24,7.83,6.7,12.2,2.8,-1.0,4,24,4,9.79,12.79
1964-04-25,12.29,0.0,14.6,8.3,7.8,4,25,5,7.83,12.87
1964-04-26,7.21,2.4,14.6,10.1,4.0,4,26,6,12.29,4.75
1964-04-27,11.42,2.5,14.3,9.7,8.6,4,27,0,7.21,9.25
1964-04-28,11.63,5.8,15.5,9.4,7.7,4,28,1,11.42,5.41
1964-04-29,15.09,2.8,14.2,7.7,5.7,4,29,2,11.63,9.04
1964-04-30,14.5,3.4,13.7,6.7,4.8,4,30,3,15.09,9.79
1964-05-01,11.08,4.5,14.0,6.0,3.3,5,1,4,14.5,7.83
1964-05-02,9.79,1.1,16.6,8.3,7.7,5,2,5,11.08,12.29
1964-05-03,20.08,3.4,15.0,8.5,5.4,5,3,6,9.79,7.21
1964-05-04,19.41,2.2,15.7,7.5,5.6,5,4,0,20.08,11.42
1964-05-05,15.54,0.0,15.0,6.5,4.4,5,5,1,19.41,11.63
1964-05-06,9.75,1.0,15.1,10.0,6.1,5,6,2,15.54,15.09
1964-05-07,16.66,3.6,15.7,10.5,7.8,5,7,3,9.75,14.5
1964-05-08,19.7,3.2,14.7,6.5,4.4,5,8,4,16.66,11.08
1964-05-09,15.96,6.3,14.5,9.6,6.1,5,9,5,19.7,9.79
1964-05-10,15.92,6.0,14.4,7.2,4.3,5,10,6,15.96,20.08
1964-05-11,15.04,0.0,17.7,8.8,8.0,5,11,0,15.92,19.41
1964-05-12,14.37,0.0,18.3,11.7,9.4,5,12,1,15.04,15.54
1964-05-13,11.54,0.0,15.6,6.6,3.3,5,13,2,14.37,9.75
1964-05-14,9.92,0.0,16.1,5.1,2.4,5,14,3,11.54,16.66
1964-05-15,5.25,0.0,18.4,5.0,1.7,5,15,4,9.92,19.7
1964-05-16,5.66,0.0,20.1,8.3,6.1,5,16,5,5.25,15.96
1964-05-17,7.08,0.5,17.7,7.4,3.4,5,17,6,5.66,15.92
1964-05-18,13.46,0.4,18.3,12.0,9.8,5,18,0,7.08,15.04
1964-05-19,7.33,3.8,15.1,7.2,4.1,5,19,1,13.46,14.37
1964-05-20,7.54,0.8,15.2,5.8,2.3,5,20,2,7.33,11.54
1964-05-21,6.96,0.0,16.8,11.8,9.3,5,21,3,7.54,9.92
1964-05-22,10.71,0.7,12.7,9.3,7.5,5,22,4,6.96,5.25
1964-05-23,10.92,0.0,16.4,7.7,5.3,5,23,5,10.71,5.66
1964-05-24,11.08,0.0,18.2,10.2,8.0,5,24,6,10.92,7.08
1964-05-25,11.29,0.0,18.7,10.6,9.0,5,25,0,11.08,13.46
1964-05-26,6.13,0.0,19.4,6.6,3.1,5,26,1,11.29,7.33
1964-05-27,8.87,0.0,19.0,10.0,5.8,5,27,2,6.13,7.54
1964-05-28,10.54,0.5,15.0,11.0,9.3,5,28,3,8.87,6.96
1964-05-29,8.17,0.0,18.8,11.5,11.2,5,29,4,10.54,10.71
1964-05-30,3.08,2.8,18.5,6.1,3.2,5,30,5,8.17,10.92
1964-05-31,13.54,0.3,15.5,11.6,7.7,5,31,6,3.08,11.08
1964-06-01,17.37,3.0,10.8,9.4,8.7,6,1,0,13.54,11.29
1964-06-02,10.67,1.4,11.4,6.7,6.1,6,2,1,17.37,6.13
1964-06-03,7.67,3.8,16.1,7.2,5.0,6,3,2,10.67,8.87
1964-06-04,15.5,0.4,18.4,9.5,9.5,6,4,3,7.67,10.54
1964-06-05,11.12,1.0,18.3,12.2,9.4,6,5,4,15.5,8.17
1964-06-06,8.25,4.2,14.5,11.1,6.2,6,6,5,11.12,3.08
1964-06-07,10.04,0.4,18.3,11.5,10.3,6,7,6,8.25,13.54
1964-06-08,10.71,0.3,18.0,9.5,7.1,6,8,0,10.04,17.37
1964-06-09,8.58,5.9,17.2,12.6,10.7,6,9,1,10.71,10.67
1964-06-10,9.62,6.8,19.1,11.6,7.7,6,10,2,8.58,7.67
1964-06-11,11.21,0.4,19.0,11.2,9.3,6,11,3,9.62,15.5
1964-06-12,6.75,7.4,16.8,12.3,11.1,6,12,4,11.21,11.12
1964-06-13,8.63,0.0,18.1,10.6,7.3,6,13,5,6.75,8.25
1964-06-14,13.25,1.3,16.1,7.2,4.3,6,14,6,8.63,10.04
1964-06-15,15.37,0.0,16.5,8.2,5.5,6,15,0,13.25,10.71
1964-06-16,13.21,0.1,19.2,9.7,7.5,6,16,1,15.37,8.58
1964-06-17,6.17,4.0,16.3,10.5,8.5,6,17,2,13.21,9.62
1964-06-18,5.91,0.0,17.3,8.4,4.7,6,18,3,6.17,11.21
1964-06-19,13.25,0.0,15.0,6.3,2.8,6,19,4,5.91,6.75
1964-06-20,10.25,0.0,16.3,4.4,1.8,6,20,5,13.25,8.63
1964-06-21,8.96,0.2,19.3,4.4,2.73654650788542,6,21,6,10.25,13.25
1964-06-22,3.67,1.2,14.5,10.5,8.5,6,22,0,8.96,15.37
1964-06-23,4.63,1.3,16.0,9.7,10.3,6,23,1,3.67,13.21
1964-06-24,4.29,0.0,20.1,7.1,3.4,6,24,2,4.63,6.17
1964-06-25,3.92,0.0,19.6,10.6,7.1,6,25,3,4.29,5.91
1964-06-26,8.0,2.4,21.8,10.6,8.1,6,26,4,3.92,13.25
1964-06-27,10.41,2.1,18.7,13.4,12.7,6,27,5,8.0,10.25
1964-06-28,5.21,0.0,17.2,13.0,12.6,6,28,6,10.41,8.96
1964-06-29,8.92,0.0,20.0,8.8,5.7,6,29,0,5.21,3.67
1964-06-30,14.88,0.0,20.6,12.5,10.0,6,30,1,8.92,4.63
1964-07-01,7.92,0.0,20.2,12.0,9.7,7,1,2,14.88,4.29
1964-07-02,9.87,0.0,18.1,12.7,11.4,7,2,3,7.92,3.92
1964-07-03,6.58,0.0,16.5,11.3,10.6,7,3,4,9.87,8.0
1964-07-04,5.21,0.0,17.3,5.7,2.7,7,4,5,6.58,10.41
1964-07-05,8.42,0.2,17.8,9.3,8.3,7,5,6,5.21,5.21
1964-07-06,6.42,0.0,17.3,7.6,3.8,7,6,0,8.42,8.92
1964-07-07,19.41,1.9,17.2,11.1,7.3,7,7,1,6.42,14.88
1964-07-08,16.21,4.3,16.1,10.5,8.5,7,8,2,19.41,7.92
1964-07-09,14.5,0.0,17.6,9.0,6.8,7,9,3,16.21,9.87
1964-07-10,12.25,3.0,18.3,7.7,5.5,7,10,4,14.5,6.58
1964-07-11,13.42,0.0,20.5,13.3,12.2,7,11,5,12.25,5.21
1964-07-12,6.54,0.0,17.7,10.1,7.7,7,12,6,13.42,8.42
1964-07-13,9.54,2.0,19.8,10.6,7.0,7,13,0,6.54,6.42
1964-07-14,13.54,0.0,21.1,14.4,14.0,7,14,1,9.54,19.41
1964-07-15,11.58,0.0,22.0,5.0,2.73654650788542,7,15,2,13.54,16.21
1964-07-16,4.29,3.8,22.3,9.0,4.8,7,16,3,11.58,14.5
1964-07-17,4.08,0.2,20.7,14.4,12.2,7,17,4,4.29,12.25
1964-07-18,4.63,10.0,16.3,13.4,11.6,7,18,5,4.08,13.42
1964-07-19,7.79,1.0,18.3,14.0,12.6,7,19,6,4.63,6.54
1964-07-20,2.5,3.9,18.1,12.2,8.8,7,20,0,7.79,9.54
1964-07-21,1.96,0.3,19.5,12.2,9.7,7,21,1,2.5,13.54
1964-07-22,4.63,0.0,21.2,12.7,9.4,7,22,2,1.96,11.58
1964-07-23,6.83,0.0,20.8,14.8,14.6,7,23,3,4.63,4.29
1964-07-24,9.96,0.0,22.2,14.4,11.0,7,24,4,6.83,4.08
1964-07-25,8.17,0.0,21.7,15.5,14.6,7,25,5,9.96,4.63
1964-07-26,3.96,0.0,19.7,10.1,7.8,7,26,6,8.17,7.79
1964-07-27,15.09,0.0,21.5,12.3,10.6,7,27,0,3.96,2.5
1964-07-28,11.96,0.2,21.1,13.2,12.4,7,28,1,15.09,1.96
1964-07-29,6.71,0.0,19.6,14.8,13.6,7,29,2,11.96,4.63
1964-07-30,10.13,0.2,22.3,14.8,14.2,7,30,3,6.71,6.83
1964-07-31,13.79,0.2,19.7,13.5,12.8,7,31,4,10.13,9.96
1964-08-01,16.54,0.0,18.3,13.4,12.2,8,1,5,13.79,8.17
1964-08-02,14.04,0.0,20.4,14.0,12.7,8,2,6,16.54,3.96
1964-08-03,8.71,0.0,23.7,15.5,15.0,8,3,0,14.04,15.09
1964-08-04,4.42,0.0,21.8,15.5,12.4,8,4,1,8.71,11.96
1964-08-05,7.67,11.8,19.1,14.4,10.5,8,5,2,4.42,6.71
1964-08-06,6.83,3.3,18.8,11.5,11.1,8,6,3,7.67,10.13
1964-08-07,9.21,10.1,16.5,10.1,8.3,8,7,4,6.83,13.79
1964-08-08,6.96,1.3,18.4,11.1,10.2,8,8,5,9.21,16.54
1964-08-09,4.88,1.2,19.1,7.8,8.8,8,9,6,6.96,14.04
1964-08-10,3.08,4.5,17.0,13.1,6.4,8,10,0,4.88,8.71
1964-08-11,3.63,0.0,18.8,12.8,11.6,8,11,1,3.08,4.42
1964-08-12,2.46,0.0,18.2,7.5,5.8,8,12,2,3.63,7.67
1964-08-13,5.09,0.0,17.1,12.7,10.5,8,13,3,2.46,6.83
1964-08-14,3.04,0.0,18.8,10.1,6.7,8,14,4,5.09,9.21
1964-08-15,2.79,2.4,19.0,9.5,6.4,8,15,5,3.04,6.96
1964-08-16,7.08,13.9,18.5,12.7,10.4,8,16,6,2.79,4.88
1964-08-17,13.42,24.3,17.0,14.4,13.8,8,17,0,7.08,3.08
1964-08-18,15.09,1.0,16.2,13.8,13.3,8,18,1,13.42,3.63
1964-08-19,10.67,0.0,15.4,7.3,5.1,8,19,2,15.09,2.46
1964-08-20,5.71,2.6,15.5,4.3,-0.4,8,20,3,10.67,5.09
1964-08-21,4.25,0.0,15.7,3.3,-0.4,8,21,4,5.71,3.04
1964-08-22,9.42,0.0,19.1,7.8,4.1,8,22,5,4.25,2.79
1964-08-23,13.62,1.2,18.7,13.7,9.5,8,23,6,9.42,7.08
1964-08-24,15.34,0.0,21.5,16.0,13.2,8,24,0,13.62,13.42
1964-08-25,13.0,0.0,22.2,15.7,14.3,8,25,1,15.34,15.09
1964-08-26,8.04,0.0,20.5,13.6,8.6,8,26,2,13.0,10.67
1964-08-27,7.12,0.0,23.1,10.4,5.6,8,27,3,8.04,5.71
1964-08-28,11.34,5.0,18.0,11.5,7.7,8,28,4,7.12,4.25
1964-08-29,9.25,0.0,17.2,8.1,-1.6,8,29,5,11.34,9.42
1964-08-30,4.38,0.0,16.8,3.2,1.0,8,30,6,9.25,13.62
1964-08-31,7.21,0.0,16.6,4.2,1.1,8,31,0,4.38,15.34
1964-09-01,11.29,0.1,17.1,10.3,6.7,9,1,1,7.21,13.0
1964-09-02,10.0,0.0,20.0,12.2,9.2,9,2,2,11.29,8.04
1964-09-03,2.04,0.0,18.3,11.1,8.3,9,3,3,10.0,7.12
1964-09-04,2.46,0.0,19.0,9.3,8.1,9,4,4,2.04,11.34
1964-09-05,5.63,13.7,16.9,9.3,7.1,9,5,5,2.46,9.25
1964-09-06,8.58,0.0,18.3,11.0,9.1,9,6,6,5.63,4.38
1964-09-07,10.37,0.2,20.3,9.4,7.3,9,7,0,8.58,7.21
1964-09-08,12.33,0.0,18.9,12.6,2.73654650788542,9,8,1,10.37,11.29
1964-09-09,13.29,0.8,20.1,13.9,12.8,9,9,2,12.33,10.0
1964-09-10,14.58,0.1,21.8,16.7,15.6,9,10,3,13.29,2.04
1964-09-11,10.75,0.0,19.0,14.4,13.9,9,11,4,14.58,2.46
1964-09-12,4.5,0.0,15.7,5.9,2.2,9,12,5,10.75,5.63
1964-09-13,9.17,0.4,19.4,8.6,5.0,9,13,6,4.5,8.58
1964-09-14,9.42,3.6,19.6,14.4,14.0,9,14,0,9.17,10.37
1964-09-15,10.13,17.3,17.8,10.9,7.8,9,15,1,9.42,12.33
1964-09-16,8.08,0.6,15.6,10.8,8.7,9,16,2,10.13,13.29
1964-09-17,9.29,0.9,15.2,7.2,4.6,9,17,3,8.08,14.58
1964-09-18,10.75,1.9,17.2,7.8,5.1,9,18,4,9.29,10.75
1964-09-19,15.12,0.0,16.1,8.6,6.4,9,19,5,10.75,4.5
1964-09-20,10.17,0.4,14.7,5.9,4.1,9,20,6,15.12,9.17
1964-09-21,8.33,3.5,16.9,3.3,-0.2,9,21,0,10.17,9.42
1964-09-22,14.21,0.0,18.4,8.4,2.73654650788542,9,22,1,8.33,10.13
1964-09-23,6.83,2.0,20.6,10.7,6.4,9,23,2,14.21,8.08
1964-09-24,15.04,1.4,17.7,12.9,7.9,9,24,3,6.83,9.29
1964-09-25,10.58,1.4,18.4,12.8,8.8,9,25,4,15.04,10.75
1964-09-26,9.08,0.7,16.1,11.1,6.2,9,26,5,10.58,15.12
1964-09-27,6.25,0.0,16.7,9.4,6.7,9,27,6,9.08,10.17
1964-09-28,6.87,0.0,19.2,4.1,-0.9,9,28,0,6.25,8.33
1964-09-29,5.88,0.0,18.9,7.4,2.9,9,29,1,6.87,14.21
1964-09-30,3.67,0.0,15.7,6.7,1.1,9,30,2,5.88,6.83
1964-10-01,3.08,0.0,16.1,7.2,2.3,10,1,3,3.67,15.04
1964-10-02,6.96,0.0,14.4,6.0,1.3,10,2,4,3.08,10.58
1964-10-03,7.67,0.0,16.2,3.4,-0.9,10,3,5,6.96,9.08
1964-10-04,6.87,5.0,17.3,3.4,2.2,10,4,6,7.67,6.25
1964-10-05,10.41,3.6,16.0,13.4,11.6,10,5,0,6.87,6.87
1964-10-06,16.46,8.8,15.4,7.3,4.3,10,6,1,10.41,5.88
1964-10-07,18.71,0.5,13.6,11.0,8.2,10,7,2,16.46,3.67
1964-10-08,14.83,2.3,11.9,7.7,3.7,10,8,3,18.71,3.08
1964-10-09,7.12,24.5,10.6,4.9,-1.0,10,9,4,14.83,6.96
1964-10-10,15.37,1.6,10.4,0.6,0.0,10,10,5,7.12,7.67
1964-10-11,8.71,0.4,10.4,1.6,-1.4,10,11,6,15.37,6.87
1964-10-12,6.75,2.2,12.1,1.6,-1.6,10,12,0,8.71,10.41
1964-10-13,9.08,2.7,9.0,0.0,-1.1,10,13,1,6.75,16.46
1964-10-14,9.13,2.7,10.4,3.3,4.0,10,14,2,9.08,18.71
1964-10-15,12.04,0.5,10.7,5.1,2.9,10,15,3,9.13,14.83
1964-10-16,10.13,0.4,12.8,5.7,1.1,10,16,4,12.04,7.12
1964-10-17,5.58,0.0,12.4,1.8,-1.8,10,17,5,10.13,15.37
1964-10-18,4.17,0.2,17.2,4.0,2.73654650788542,10,18,6,5.58,8.71
1964-10-19,5.17,0.0,17.1,11.8,6.6,10,19,0,4.17,6.75
1964-10-20,5.75,1.2,16.0,6.2,1.7,10,20,1,5.17,9.08
1964-10-21,5.25,0.0,15.4,10.2,6.7,10,21,2,5.75,9.13
1964-10-22,12.0,1.6,10.4,6.2,3.9,10,22,3,5.25,12.04
1964-10-23,14.71,0.1,9.3,5.0,-0.7,10,23,4,12.0,10.13
1964-10-24,10.37,1.0,11.0,0.8,-2.6,10,24,5,14.71,5.58
1964-10-25,6.25,0.0,12.8,4.3,2.73654650788542,10,25,6,10.37,4.17
1964-10-26,6.25,0.9,14.4,6.3,3.7,10,26,0,6.25,5.17
1964-10-27,2.54,0.0,15.3,7.8,3.3,10,27,1,6.25,5.75
1964-10-28,2.46,0.0,13.2,2.3,-1.2,10,28,2,2.54,5.25
1964-10-29,1.92,0.0,10.3,4.4,0.1,10,29,3,2.46,12.0
1964-10-30,1.75,0.0,11.7,4.9,2.1,10,30,4,1.92,14.71
1964-10-31,6.21,0.3,12.8,7.8,6.1,10,31,5,1.75,10.37
1964-11-01,2.46,0.0,12.1,5.4,2.2,11,1,6,6.21,6.25
1964-11-02,6.17,0.0,10.9,1.1,-1.9,11,2,0,2.46,6.25
1964-11-03,8.54,0.0,10.7,2.1,-2.2,11,3,1,6.17,2.54
1964-11-04,9.67,0.0,10.6,5.4,0.4,11,4,2,8.54,2.46
1964-11-05,8.0,0.0,10.2,8.2,7.2,11,5,3,9.67,1.92
1964-11-06,5.88,0.0,9.7,7.2,6.4,11,6,4,8.0,1.75
1964-11-07,9.21,0.0,10.1,1.8,-2.6,11,7,5,5.88,6.21
1964-11-08,7.71,0.0,9.4,0.6,-4.0,11,8,6,9.21,2.46
1964-11-09,3.46,0.0,10.1,-5.0,-7.8,11,9,0,7.71,6.17
1964-11-10,2.96,0.7,10.2,-5.0,-7.9,11,10,1,3.46,8.54
1964-11-11,8.96,0.3,14.1,-3.9,-6.9,11,11,2,2.96,9.67
1964-11-12,14.04,1.9,14.3,3.3,3.2,11,12,3,8.96,8.0
1964-11-13,16.13,0.6,14.3,7.9,5.7,11,13,4,14.04,5.88
1964-11-14,24.08,1.1,11.4,9.2,7.2,11,14,5,16.13,9.21
1964-11-15,17.88,2.2,12.8,5.4,2.8,11,15,6,24.08,7.71
1964-11-16,17.33,6.3,13.3,7.1,7.3,11,16,0,17.88,3.46
1964-11-17,9.62,5.2,15.6,5.8,2.8,11,17,1,17.33,2.96
1964-11-18,12.42,0.3,14.4,7.4,2.8,11,18,2,9.62,8.96
1964-11-19,11.29,0.0,12.6,10.9,8.3,11,19,3,12.42,14.04
1964-11-20,9.25,0.0,11.1,5.1,-0.2,11,20,4,11.29,16.13
1964-11-21,6.46,0.3,13.8,4.6,1.6,11,21,5,9.25,24.08
1964-11-22,11.63,0.1,12.9,6.3,6.8,11,22,6,6.46,17.88
1964-11-23,13.54,0.0,14.0,7.6,7.8,11,23,0,11.63,17.33
1964-11-24,18.16,0.0,14.4,8.2,2.73654650788542,11,24,1,13.54,9.62
1964-11-25,8.5,0.1,13.4,9.8,8.2,11,25,2,18.16,12.42
1964-11-26,13.21,1.7,13.2,9.9,8.0,11,26,3,8.5,11.29
1964-11-27,16.08,0.0,7.0,2.1,-1.0,11,27,4,13.21,9.25
1964-11-28,15.41,1.6,6.8,0.4,-2.4,11,28,5,16.08,6.46
1964-11-29,14.71,0.7,7.2,0.8,2.73654650788542,11,29,6,15.41,11.63
1964-11-30,11.12,0.0,6.8,-0.9,-6.0,11,30,0,14.71,13.54
1964-12-01,12.42,0.0,7.8,2.2,-1.1,12,1,1,11.12,18.16
1964-12-02,15.04,0.7,10.3,-1.4,-6.1,12,2,2,12.42,8.5
1964-12-03,15.79,0.1,7.2,3.3,1.4,12,3,3,15.04,13.21
1964-12-04,9.54,1.4,10.7,2.1,-1.0,12,4,4,15.79,16.08
1964-12-05,16.42,0.4,12.1,1.1,-0.4,12,5,5,9.54,15.41
1964-12-06,19.38,11.4,12.7,7.8,7.8,12,6,6,16.42,14.71
1964-12-07,16.75,7.0,13.7,6.3,1.7,12,7,0,19.38,11.12
1964-12-08,20.88,15.5,12.9,4.8,2.6,12,8,1,16.75,12.42
1964-12-09,13.54,0.0,11.0,6.8,7.2,12,9,2,20.88,15.04
1964-12-10,7.17,0.0,8.2,0.2,-4.0,12,10,3,13.54,15.79
1964-12-11,14.0,11.8,13.3,-3.2,-7.9,12,11,4,7.17,9.54
1964-12-12,12.75,18.5,13.2,-2.6,2.73654650788542,12,12,5,14.0,16.42
1964-12-13,15.71,0.0,12.4,4.4,2.3,12,13,6,12.75,19.38
1964-12-14,8.87,0.0,5.1,0.1,-4.4,12,14,0,15.71,16.75
1964-12-15,7.83,6.7,9.0,-4.0,-8.3,12,15,1,8.87,20.88
1964-12-16,9.87,0.7,7.9,-3.9,2.73654650788542,12,16,2,7.83,13.54
1964-12-17,8.21,0.2,6.7,4.4,0.0,12,17,3,9.87,7.17
1964-12-18,3.21,0.0,4.4,1.9,-1.7,12,18,4,8.21,14.0
1964-12-19,6.29,0.5,7.1,0.8,-0.3,12,19,5,3.21,12.75
1964-12-20,10.21,0.0,7.4,1.8,-0.1,12,20,6,6.29,15.71
1964-12-21,14.37,0.3,7.1,3.2,-0.6,12,21,0,10.21,8.87
1964-12-22,15.04,0.0,7.0,5.3,3.0,12,22,1,14.37,7.83
1964-12-23,10.34,4.3,6.2,4.6,2.7,12,23,2,15.04,9.87
1964-12-24,10.17,0.0,5.6,1.1,-1.2,12,24,3,10.34,8.21
1964-12-25,10.79,0.0,5.0,-2.7,-5.7,12,25,4,10.17,3.21
1964-12-26,8.71,18.7,3.7,-2.6,-5.6,12,26,5,10.79,6.29
1964-12-27,10.37,2.8,4.2,-0.9,-2.2,12,27,6,8.71,10.21
1964-12-28,6.96,1.8,7.9,-3.6,-7.9,12,28,0,10.37,14.37
1964-12-29,17.88,1.3,9.4,-3.4,2.73654650788542,12,29,1,6.96,15.04
1964-12-30,20.3,3.4,5.6,5.0,3.9,12,30,2,17.88,10.34
1964-12-31,19.83,0.3,6.2,1.6,-0.4,12,31,3,20.3,10.17
1965-01-01,10.25,0.0,13.339123131194354,6.411677966101696,-2.2,1,1,4,19.83,10.79
1965-01-02,7.79,0.6,13.339123131194354,6.411677966101696,-5.5,1,2,5,10.25,8.71
1965-01-03,8.63,0.0,13.339123131194354,6.411677966101696,-4.6,1,3,6,7.79,10.37
1965-01-04,7.71,0.0,13.339123131194354,6.411677966101696,-7.7,1,4,0,8.63,6.96
1965-01-05,7.62,0.0,13.339123131194354,6.411677966101696,-10.4,1,5,1,7.71,17.88
1965-01-06,14.79,0.2,13.339123131194354,6.411677966101696,3.2,1,6,2,7.62,20.3
1965-01-07,13.17,2.9,13.339123131194354,6.411677966101696,8.4,1,7,3,14.79,19.83
1965-01-08,13.21,1.4,13.339123131194354,6.411677966101696,2.6,1,8,4,13.17,10.25
1965-01-09,21.84,5.6,13.339123131194354,6.411677966101696,0.5,1,9,5,13.21,7.79
1965-01-10,19.62,0.3,13.339123131194354,6.411677966101696,6.6,1,10,6,21.84,8.63
1965-01-11,18.12,0.3,13.339123131194354,6.411677966101696,5.2,1,11,0,19.62,7.71
1965-01-12,17.21,4.1,13.339123131194354,6.411677966101696,0.5,1,12,1,18.12,7.62
1965-01-13,23.45,3.9,13.339123131194354,6.411677966101696,-0.7,1,13,2,17.21,14.79
1965-01-14,20.12,3.5,13.339123131194354,6.411677966101696,-1.1,1,14,3,23.45,13.17
1965-01-15,17.08,5.5,13.339123131194354,6.411677966101696,-0.7,1,15,4,20.12,13.21
1965-01-16,18.84,4.7,13.339123131194354,6.411677966101696,0.0,1,16,5,17.08,21.84
1965-01-17,28.5,13.7,13.339123131194354,6.411677966101696,1.1,1,17,6,18.84,19.62
1965-01-18,16.96,0.0,13.339123131194354,6.411677966101696,0.6,1,18,0,28.5,18.12
1965-01-19,10.63,32.4,13.339123131194354,6.411677966101696,-4.3,1,19,1,16.96,17.21
1965-01-20,20.12,2.1,13.339123131194354,6.411677966101696,0.5,1,20,2,10.63,23.45
1965-01-21,10.63,3.5,13.339123131194354,6.411677966101696,-6.1,1,21,3,20.12,20.12
1965-01-22,11.34,0.0,13.339123131194354,6.411677966101696,-3.4,1,22,4,10.63,17.08
1965-01-23,9.92,1.0,13.339123131194354,6.411677966101696,-1.1,1,23,5,11.34,18.84
1965-01-24,5.58,0.2,13.339123131194354,6.411677966101696,-1.1,1,24,6,9.92,28.5
1965-01-25,5.5,0.0,13.339123131194354,6.411677966101696,-0.3,1,25,0,5.58,16.96
1965-01-26,8.87,4.2,13.339123131194354,6.411677966101696,0.4,1,26,1,5.5,10.63
1965-01-27,9.33,4.9,13.339123131194354,6.411677966101696,-0.6,1,27,2,8.87,20.12
1965-01-28,10.29,3.3,13.339123131194354,6.411677966101696,-1.4,1,28,3,9.33,10.63
1965-01-29,13.29,0.0,13.339123131194354,6.411677966101696,-0.6,1,29,4,10.29,11.34
1965-01-30,15.09,0.0,13.339123131194354,6.411677966101696,-0.5,1,30,5,13.29,9.92
1965-01-31,13.88,0.0,13.339123131194354,6.411677966101696,0.0,1,31,6,15.09,5.58
1965-02-01,8.63,0.0,13.339123131194354,6.411677966101696,-7.2,2,1,0,13.88,5.5
1965-02-02,8.83,0.0,13.339123131194354,6.411677966101696,-2.6,2,2,1,8.63,8.87
1965-02-03,4.21,0.0,13.339123131194354,6.411677966101696,-9.2,2,3,2,8.83,9.33
1965-02-04,3.63,0.0,13.339123131194354,6.411677966101696,-1.0,2,4,3,4.21,10.29
1965-02-05,5.66,0.0,13.339123131194354,6.411677966101696,-6.2,2,5,4,3.63,13.29
1965-02-06,4.79,0.0,13.339123131194354,6.411677966101696,0.5,2,6,5,5.66,15.09
1965-02-07,9.38,0.0,13.339123131194354,6.411677966101696,2.6,2,7,6,4.79,13.88
1965-02-08,4.79,0.0,13.339123131194354,6.411677966101696,-3.2,2,8,0,9.38,8.63
1965-02-09,6.0,0.3,13.339123131194354,6.411677966101696,2.5,2,9,1,4.79,8.83
1965-02-10,7.29,0.0,13.339123131194354,6.411677966101696,0.0,2,10,2,6.0,4.21
1965-02-11,12.87,0.0,13.339123131194354,6.411677966101696,1.2,2,11,3,7.29,3.63
1965-02-12,21.04,0.9,13.339123131194354,6.411677966101696,5.0,2,12,4,12.87,5.66
1965-02-13,18.63,0.0,13.339123131194354,6.411677966101696,0.2,2,13,5,21.04,4.79
1965-02-14,9.29,0.0,13.339123131194354,6.411677966101696,-4.5,2,14,6,18.63,9.38
1965-02-15,8.33,0.0,13.339123131194354,6.411677966101696,1.3,2,15,0,9.29,4.79
1965-02-16,5.88,0.0,13.339123131194354,6.411677966101696,-0.2,2,16,1,8.33,6.0
1965-02-17,9.42,0.0,13.339123131194354,6.411677966101696,4.8,2,17,2,5.88,7.29
1965-02-18,4.25,0.0,13.339123131194354,6.411677966101696,-4.5,2,18,3,9.42,12.87
1965-02-19,13.46,0.0,13.339123131194354,6.411677966101696,4.6,2,19,4,4.25,21.04
1965-02-20,15.92,1.1,13.339123131194354,6.411677966101696,3.2,2,20,5,13.46,18.63
1965-02-21,11.83,0.4,13.339123131194354,6.411677966101696,0.8,2,21,6,15.92,9.29
1965-02-22,10.0,0.1,13.339123131194354,6.411677966101696,1.7,2,22,0,11.83,8.33
1965-02-23,7.41,1.5,13.339123131194354,6.411677966101696,2.6,2,23,1,10.0,5.88
1965-02-24,12.42,1.0,13.339123131194354,6.411677966101696,-0.5,2,24,2,7.41,9.42
1965-02-25,4.79,0.0,13.339123131194354,6.411677966101696,-7.7,2,25,3,12.42,4.25
1965-02-26,10.83,0.4,13.339123131194354,6.411677966101696,-5.8,2,26,4,4.79,13.46
1965-02-27,8.46,0.1,13.339123131194354,6.411677966101696,-1.2,2,27,5,10.83,15.92
1965-02-28,11.0,1.1,13.339123131194354,6.411677966101696,-5.5,2,28,6,8.46,11.83
1965-03-01,17.33,3.1,13.339123131194354,6.411677966101696,-5.5,3,1,0,11.0,10.0
1965-03-02,8.79,0.4,13.339123131194354,6.411677966101696,-8.8,3,2,1,17.33,7.41
1965-03-03,14.83,6.3,13.339123131194354,6.411677966101696,-5.5,3,3,2,8.79,12.42
1965-03-04,22.46,0.0,13.339123131194354,6.411677966101696,-0.3,3,4,3,14.83,4.79
1965-03-05,11.54,0.0,13.339123131194354,6.411677966101696,-3.4,3,5,4,22.46,10.83
1965-03-06,8.46,0.0,13.339123131194354,6.411677966101696,-7.7,3,6,5,11.54,8.46
1965-03-07,10.63,0.0,13.339123131194354,6.411677966101696,-7.0,3,7,6,8.46,11.0
1965-03-08,8.46,0.0,13.339123131194354,6.411677966101696,-5.5,3,8,0,10.63,17.33
1965-03-09,9.33,0.0,13.339123131194354,6.411677966101696,-8.1,3,9,1,8.46,8.79
1965-03-10,18.34,0.0,13.339123131194354,6.411677966101696,0.7,3,10,2,9.33,14.83
1965-03-11,12.42,0.4,13.339123131194354,6.411677966101696,-2.5,3,11,3,18.34,22.46
1965-03-12,13.17,0.6,13.339123131194354,6.411677966101696,4.4,3,12,4,12.42,11.54
1965-03-13,8.58,0.0,13.339123131194354,6.411677966101696,-0.3,3,13,5,13.17,8.46
1965-03-14,9.21,0.0,13.339123131194354,6.411677966101696,3.5,3,14,6,8.58,10.63
1965-03-15,15.92,2.4,13.339123131194354,6.411677966101696,4.8,3,15,0,9.21,8.46
1965-03-16,20.3,1.3,13.339123131194354,6.411677966101696,4.4,3,16,1,15.92,9.33
1965-03-17,6.63,0.6,13.339123131194354,6.411677966101696,2.1,3,17,2,20.3,18.34
1965-03-18,12.96,0.7,13.339123131194354,6.411677966101696,-0.7,3,18,3,6.63,12.42
1965-03-19,7.12,3.2,13.339123131194354,6.411677966101696,-1.6,3,19,4,12.96,13.17
1965-03-20,12.58,6.6,13.339123131194354,6.411677966101696,2.3,3,20,5,7.12,8.58
1965-03-21,12.08,5.0,13.339123131194354,6.411677966101696,4.0,3,21,6,12.58,9.21
1965-03-22,8.38,4.5,13.339123131194354,6.411677966101696,3.8,3,22,0,12.08,15.92
1965-03-23,10.5,1.0,13.339123131194354,6.411677966101696,6.1,3,23,1,8.38,20.3
1965-03-24,14.04,2.7,13.339123131194354,6.411677966101696,2.2,3,24,2,10.5,6.63
1965-03-25,17.12,6.8,13.339123131194354,6.411677966101696,0.0,3,25,3,14.04,12.96
1965-03-26,14.04,0.6,13.339123131194354,6.411677966101696,2.6,3,26,4,17.12,7.12
1965-03-27,16.66,0.0,13.339123131194354,6.411677966101696,8.3,3,27,5,14.04,12.58
1965-03-28,7.41,0.0,13.339123131194354,6.411677966101696,-1.1,3,28,6,16.66,12.08
1965-03-29,5.71,0.0,13.339123131194354,6.411677966101696,-5.2,3,29,0,7.41,8.38
1965-03-30,10.83,0.0,13.339123131194354,6.411677966101696,-3.2,3,30,1,5.71,10.5
1965-03-31,10.67,0.0,13.339123131194354,6.411677966101696,-0.5,3,31,2,10.83,14.04
1965-04-01,8.67,0.0,11.1,6.1,-2.2,4,1,3,10.67,17.12
1965-04-02,8.12,0.0,16.7,1.8,-3.2,4,2,4,8.67,14.04
1965-04-03,8.71,0.0,15.0,0.0,-4.3,4,3,5,8.12,16.66
1965-04-04,11.34,1.0,13.8,7.2,4.4,4,4,6,8.71,7.41
1965-04-05,4.88,1.4,10.7,6.4,2.7,4,5,0,11.34,5.71
1965-04-06,9.17,1.0,11.7,0.6,-3.3,4,6,1,4.88,10.83
1965-04-07,8.08,0.2,11.8,1.9,-2.2,4,7,2,9.17,10.67
1965-04-08,9.92,0.6,13.9,7.0,4.6,4,8,3,8.08,8.67
1965-04-09,12.17,10.2,13.9,2.9,-1.7,4,9,4,9.92,8.12
1965-04-10,18.0,0.9,12.2,6.6,6.8,4,10,5,12.17,8.71
1965-04-11,19.55,3.9,9.4,3.7,1.7,4,11,6,18.0,11.34
1965-04-12,18.66,0.6,12.1,4.4,1.9,4,12,0,19.55,4.88
1965-04-13,10.37,4.3,12.9,3.4,-0.1,4,13,1,18.66,9.17
1965-04-14,12.46,1.3,14.6,7.4,6.7,4,14,2,10.37,8.08
1965-04-15,15.34,0.1,14.4,10.6,9.7,4,15,3,12.46,9.92
1965-04-16,16.21,0.8,14.4,7.7,5.3,4,16,4,15.34,12.17
1965-04-17,27.08,1.0,13.9,10.1,9.8,4,17,5,16.21,18.0
1965-04-18,21.87,0.8,12.3,3.9,0.6,4,18,6,27.08,19.55
1965-04-19,20.38,0.1,11.7,0.7,-0.8,4,19,0,21.87,18.66
1965-04-20,8.04,0.0,8.9,1.7,-1.9,4,20,1,20.38,10.37
1965-04-21,7.5,0.0,10.1,-1.7,-6.1,4,21,2,8.04,12.46
1965-04-22,4.79,2.0,12.1,3.4,-2.9,4,22,3,7.5,15.34
1965-04-23,8.67,0.2,12.8,4.0,1.8,4,23,4,4.79,16.21
1965-04-24,8.08,5.2,13.339123131194354,3.2,-2.0,4,24,5,8.67,27.08
1965-04-25,10.88,0.3,13.339123131194354,6.411677966101696,2.73654650788542,4,25,6,8.08,21.87
1965-04-26,21.5,2.8,12.3,5.4,2.2,4,26,0,10.88,20.38
1965-04-27,12.21,2.7,11.8,5.4,2.8,4,27,1,21.5,8.04
1965-04-28,8.33,0.3,10.3,5.4,4.6,4,28,2,12.21,7.5
1965-04-29,6.92,0.0,10.7,6.2,3.4,4,29,3,8.33,4.79
1965-04-30,10.25,0.0,12.2,7.2,3.3,4,30,4,6.92,8.67
1965-05-01,12.12,1.2,13.339123131194354,6.411677966101696,7.4,5,1,5,10.25,8.08
1965-05-02,14.0,1.4,13.339123131194354,6.411677966101696,7.8,5,2,6,12.12,10.88
1965-05-03,7.46,3.0,13.339123131194354,6.411677966101696,2.1,5,3,0,14.0,21.5
1965-05-04,11.0,3.6,13.339123131194354,6.411677966101696,4.7,5,4,1,7.46,12.21
1965-05-05,15.25,1.2,13.339123131194354,6.411677966101696,6.6,5,5,2,11.0,8.33
1965-05-06,7.08,4.5,13.339123131194354,6.411677966101696,-1.1,5,6,3,15.25,6.92
1965-05-07,11.58,1.4,13.339123131194354,6.411677966101696,7.1,5,7,4,7.08,10.25
1965-05-08,17.46,6.4,13.339123131194354,6.411677966101696,8.3,5,8,5,11.58,12.12
1965-05-09,15.25,0.0,13.339123131194354,6.411677966101696,5.6,5,9,6,17.46,14.0
1965-05-10,4.79,0.0,13.339123131194354,6.411677966101696,2.7,5,10,0,15.25,7.46
1965-05-11,3.79,0.0,13.339123131194354,6.411677966101696,10.1,5,11,1,4.79,11.0
1965-05-12,8.46,0.0,13.339123131194354,6.411677966101696,6.2,5,12,2,3.79,15.25
1965-05-13,7.41,0.0,13.339123131194354,6.411677966101696,5.1,5,13,3,8.46,7.08
1965-05-14,3.37,0.0,13.339123131194354,6.411677966101696,4.1,5,14,4,7.41,11.58
1965-05-15,3.25,1.8,13.339123131194354,6.411677966101696,4.1,5,15,5,3.37,17.46
1965-05-16,5.88,1.0,13.339123131194354,6.411677966101696,8.3,5,16,6,3.25,15.25
1965-05-17,6.83,10.8,13.339123131194354,6.411677966101696,8.8,5,17,0,5.88,4.79
1965-05-18,9.87,0.2,13.339123131194354,6.411677966101696,1.1,5,18,1,6.83,3.79
1965-05-19,4.08,0.0,13.339123131194354,6.411677966101696,-5.0,5,19,2,9.87,8.46
1965-05-20,7.17,6.2,13.339123131194354,6.411677966101696,-3.3,5,20,3,4.08,7.41
1965-05-21,12.62,4.1,13.339123131194354,6.411677966101696,7.7,5,21,4,7.17,3.37
1965-05-22,10.21,1.7,13.339123131194354,6.411677966101696,8.7,5,22,5,12.62,3.25
1965-05-23,12.83,0.6,13.339123131194354,6.411677966101696,7.3,5,23,6,10.21,5.88
1965-05-24,8.96,4.8,13.339123131194354,6.411677966101696,6.1,5,24,0,12.83,6.83
1965-05-25,7.87,0.0,13.339123131194354,6.411677966101696,6.3,5,25,1,8.96,9.87
1965-05-26,9.54,0.1,13.339123131194354,6.411677966101696,7.6,5,26,2,7.87,4.08
1965-05-27,12.38,0.0,13.339123131194354,6.411677966101696,4.2,5,27,3,9.54,7.17
1965-05-28,9.13,0.0,13.339123131194354,6.411677966101696,7.8,5,28,4,12.38,12.62
1965-05-29,8.5,0.0,13.339123131194354,6.411677966101696,4.4,5,29,5,9.13,10.21
1965-05-30,9.17,0.0,13.339123131194354,6.411677966101696,-1.6,5,30,6,8.5,12.83
1965-05-31,7.33,0.0,13.339123131194354,6.411677966101696,7.6,5,31,0,9.17,8.96
1965-06-01,4.17,0.0,14.3,7.8,5.0,6,1,1,7.33,7.87
1965-06-02,1.83,0.0,16.0,2.2,-1.1,6,2,2,4.17,9.54
1965-06-03,3.79,0.0,18.8,4.8,3.7,6,3,3,1.83,12.38
1965-06-04,6.5,17.6,17.1,6.8,3.4,6,4,4,3.79,9.13
1965-06-05,3.46,1.5,15.4,10.6,10.0,6,5,5,6.5,8.5
1965-06-06,4.58,1.3,15.1,8.4,5.7,6,6,6,3.46,9.17
1965-06-07,2.5,0.0,16.9,7.6,4.4,6,7,0,4.58,7.33
1965-06-08,4.42,0.3,18.6,6.3,2.73654650788542,6,8,1,2.5,4.17
1965-06-09,3.54,0.0,19.0,10.8,9.9,6,9,2,4.42,1.83
1965-06-10,4.42,1.3,19.6,6.8,3.9,6,10,3,3.54,3.79
1965-06-11,6.29,5.0,18.2,12.1,11.7,6,11,4,4.42,6.5
1965-06-12,5.46,0.2,20.6,11.6,9.4,6,12,5,6.29,3.46
1965-06-13,8.5,0.0,18.3,10.1,6.8,6,13,6,5.46,4.58
1965-06-14,7.17,8.6,21.2,9.0,6.2,6,14,0,8.5,2.5
1965-06-15,15.67,0.2,20.6,12.9,12.2,6,15,1,7.17,4.42
1965-06-16,11.17,3.3,18.8,11.2,9.4,6,16,2,15.67,3.54
1965-06-17,13.42,5.5,19.0,9.4,6.7,6,17,3,11.17,4.42
1965-06-18,24.21,0.4,18.4,11.2,11.6,6,18,4,13.42,6.29
1965-06-19,13.83,0.3,19.2,10.7,8.3,6,19,5,24.21,5.46
1965-06-20,13.46,10.0,20.9,12.1,11.7,6,20,6,13.83,8.5
1965-06-21,5.17,16.4,20.1,10.6,2.73654650788542,6,21,0,13.46,7.17
1965-06-22,10.92,2.2,19.0,10.2,10.1,6,22,1,5.17,15.67
1965-06-23,21.04,1.4,19.0,12.4,10.7,6,23,2,10.92,11.17
1965-06-24,16.92,1.2,17.9,11.1,9.4,6,24,3,21.04,13.42
1965-06-25,15.12,1.0,18.3,14.1,13.4,6,25,4,16.92,24.21
1965-06-26,17.0,1.1,17.8,9.9,7.2,6,26,5,15.12,13.83
1965-06-27,8.83,0.0,17.1,9.0,4.4,6,27,6,17.0,13.46
1965-06-28,11.63,0.1,19.7,9.4,6.7,6,28,0,8.83,5.17
1965-06-29,4.12,0.2,19.8,13.8,13.7,6,29,1,11.63,10.92
1965-06-30,8.5,0.0,19.1,13.8,12.1,6,30,2,4.12,21.04
1965-07-01,8.54,0.0,13.339123131194354,6.411677966101696,5.1,7,1,3,8.5,16.92
1965-07-02,10.17,0.0,13.339123131194354,6.411677966101696,10.6,7,2,4,8.54,15.12
1965-07-03,9.38,0.0,13.339123131194354,6.411677966101696,4.0,7,3,5,10.17,17.0
1965-07-04,7.79,0.0,13.339123131194354,6.411677966101696,1.7,7,4,6,9.38,8.83
1965-07-05,9.92,0.3,13.339123131194354,6.411677966101696,8.2,7,5,0,7.79,11.63
1965-07-06,4.88,1.9,13.339123131194354,6.411677966101696,12.2,7,6,1,9.92,4.12
1965-07-07,7.75,0.0,13.339123131194354,6.411677966101696,5.0,7,7,2,4.88,8.5
1965-07-08,9.42,0.7,13.339123131194354,6.411677966101696,5.1,7,8,3,7.75,8.54
1965-07-09,7.04,0.3,13.339123131194354,6.411677966101696,4.3,7,9,4,9.42,10.17
1965-07-10,8.04,0.4,13.339123131194354,6.411677966101696,9.8,7,10,5,7.04,9.38
1965-07-11,10.08,0.2,13.339123131194354,6.411677966101696,10.8,7,11,6,8.04,7.79
1965-07-12,5.71,8.2,13.339123131194354,6.411677966101696,3.8,7,12,0,10.08,9.92
1965-07-13,4.5,6.1,13.339123131194354,6.411677966101696,12.3,7,13,1,5.71,4.88
1965-07-14,5.96,0.2,13.339123131194354,6.411677966101696,12.8,7,14,2,4.5,7.75
1965-07-15,8.04,0.0,13.339123131194354,6.411677966101696,12.1,7,15,3,5.96,9.42
1965-07-16,5.41,0.0,13.339123131194354,6.411677966101696,4.2,7,16,4,8.04,7.04
1965-07-17,4.88,0.0,13.339123131194354,6.411677966101696,5.8,7,17,5,5.41,8.04
1965-07-18,10.46,18.1,13.339123131194354,6.411677966101696,7.7,7,18,6,4.88,10.08
1965-07-19,8.83,0.0,13.339123131194354,6.411677966101696,11.3,7,19,0,10.46,5.71
1965-07-20,4.79,1.6,13.339123131194354,6.411677966101696,7.7,7,20,1,8.83,4.5
1965-07-21,7.21,9.5,13.339123131194354,6.411677966101696,10.5,7,21,2,4.79,5.96
1965-07-22,4.79,12.5,13.339123131194354,6.411677966101696,6.6,7,22,3,7.21,8.04
1965-07-23,6.96,4.1,13.339123131194354,6.411677966101696,7.6,7,23,4,4.79,5.41
1965-07-24,10.96,8.5,13.339123131194354,6.411677966101696,11.2,7,24,5,6.96,4.88
1965-07-25,7.79,0.1,13.339123131194354,6.411677966101696,12.8,7,25,6,10.96,10.46
1965-07-26,10.67,0.0,13.339123131194354,6.411677966101696,8.4,7,26,0,7.79,8.83
1965-07-27,12.96,2.3,13.339123131194354,6.411677966101696,11.1,7,27,1,10.67,4.79
1965-07-28,14.09,5.1,13.339123131194354,6.411677966101696,12.8,7,28,2,12.96,7.21
1965-07-29,18.71,0.2,13.339123131194354,6.411677966101696,12.3,7,29,3,14.09,4.79
1965-07-30,5.33,0.1,13.339123131194354,6.411677966101696,9.4,7,30,4,18.71,6.96
1965-07-31,13.29,0.9,13.339123131194354,6.411677966101696,2.8,7,31,5,5.33,10.96
1965-08-01,9.92,6.2,13.339123131194354,6.411677966101696,5.5,8,1,6,13.29,7.79
1965-08-02,7.71,6.7,13.339123131194354,6.411677966101696,10.6,8,2,0,9.92,10.67
1965-08-03,5.63,15.7,13.339123131194354,6.411677966101696,5.6,8,3,1,7.71,12.96
1965-08-04,11.92,0.2,13.339123131194354,6.411677966101696,12.5,8,4,2,5.63,14.09
1965-08-05,17.54,0.0,13.339123131194354,6.411677966101696,10.7,8,5,3,11.92,18.71
1965-08-06,12.33,2.8,13.339123131194354,6.411677966101696,7.7,8,6,4,17.54,5.33
1965-08-07,8.63,0.2,13.339123131194354,6.411677966101696,6.0,8,7,5,12.33,13.29
1965-08-08,3.58,0.0,13.339123131194354,6.411677966101696,6.0,8,8,6,8.63,9.92
1965-08-09,6.54,0.2,13.339123131194354,6.411677966101696,6.1,8,9,0,3.58,7.71
1965-08-10,9.75,0.0,13.339123131194354,6.411677966101696,10.7,8,10,1,6.54,5.63
1965-08-11,11.08,0.0,13.339123131194354,6.411677966101696,12.4,8,11,2,9.75,11.92
1965-08-12,11.17,0.0,13.339123131194354,6.411677966101696,14.4,8,12,3,11.08,17.54
1965-08-13,6.5,0.0,13.339123131194354,6.411677966101696,14.7,8,13,4,11.17,12.33
1965-08-14,7.12,0.2,13.339123131194354,6.411677966101696,12.7,8,14,5,6.5,8.63
1965-08-15,7.21,0.0,13.339123131194354,6.411677966101696,11.6,8,15,6,7.12,3.58
1965-08-16,4.21,0.0,13.339123131194354,6.411677966101696,6.8,8,16,0,7.21,6.54
1965-08-17,7.87,0.0,13.339123131194354,6.411677966101696,10.0,8,17,1,4.21,9.75
1965-08-18,12.67,0.0,13.339123131194354,6.411677966101696,12.8,8,18,2,7.87,11.08
1965-08-19,10.96,1.4,13.339123131194354,6.411677966101696,9.0,8,19,3,12.67,11.17
1965-08-20,14.17,4.6,13.339123131194354,6.411677966101696,6.1,8,20,4,10.96,6.5
1965-08-21,14.88,2.2,13.339123131194354,6.411677966101696,11.0,8,21,5,14.17,7.12
1965-08-22,16.83,0.8,13.339123131194354,6.411677966101696,8.8,8,22,6,14.88,7.21
1965-08-23,11.87,0.5,13.339123131194354,6.411677966101696,10.5,8,23,0,16.83,4.21
1965-08-24,16.42,4.7,13.339123131194354,6.411677966101696,11.1,8,24,1,11.87,7.87
1965-08-25,15.71,0.4,13.339123131194354,6.411677966101696,7.3,8,25,2,16.42,12.67
1965-08-26,7.79,0.6,13.339123131194354,6.411677966101696,10.3,8,26,3,15.71,10.96
1965-08-27,8.58,1.3,13.339123131194354,6.411677966101696,2.0,8,27,4,7.79,14.17
1965-08-28,16.92,0.0,13.339123131194354,6.411677966101696,12.2,8,28,5,8.58,14.88
1965-08-29,15.25,0.0,13.339123131194354,6.411677966101696,8.1,8,29,6,16.92,16.83
1965-08-30,11.87,1.8,13.339123131194354,6.411677966101696,7.1,8,30,0,15.25,11.87
1965-08-31,9.87,3.0,13.339123131194354,6.411677966101696,6.1,8,31,1,11.87,16.42
1965-09-01,7.75,0.0,13.339123131194354,6.411677966101696,1.6,9,1,2,9.87,15.71
1965-09-02,3.29,0.0,13.339123131194354,6.411677966101696,1.5,9,2,3,7.75,7.79
1965-09-03,10.63,0.8,13.339123131194354,6.411677966101696,2.2,9,3,4,3.29,8.58
1965-09-04,13.54,2.0,13.339123131194354,6.411677966101696,5.0,9,4,5,10.63,16.92
1965-09-05,11.29,0.5,13.339123131194354,6.411677966101696,9.6,9,5,6,13.54,15.25
1965-09-06,3.96,0.2,13.339123131194354,6.411677966101696,6.4,9,6,0,11.29,11.87
1965-09-07,5.33,0.0,13.339123131194354,6.411677966101696,3.0,9,7,1,3.96,9.87
1965-09-08,7.29,1.4,13.339123131194354,6.411677966101696,2.73654650788542,9,8,2,5.33,7.75
1965-09-09,16.33,1.4,13.339123131194354,6.411677966101696,2.73654650788542,9,9,3,7.29,3.29
1965-09-10,14.21,1.0,13.339123131194354,6.411677966101696,2.73654650788542,9,10,4,16.33,10.63
1965-09-11,10.92,0.2,13.339123131194354,6.411677966101696,9.7,9,11,5,14.21,13.54
1965-09-12,3.42,1.2,13.339123131194354,6.411677966101696,7.8,9,12,6,10.92,11.29
1965-09-13,2.71,1.2,13.339123131194354,6.411677966101696,10.0,9,13,0,3.42,3.96
1965-09-14,4.25,0.3,13.339123131194354,6.411677966101696,3.8,9,14,1,2.71,5.33
1965-09-15,6.42,2.5,13.339123131194354,6.411677966101696,13.2,9,15,2,4.25,7.29
1965-09-16,9.54,2.0,13.339123131194354,6.411677966101696,7.2,9,16,3,6.42,16.33
1965-09-17,12.71,25.1,13.339123131194354,6.411677966101696,6.3,9,17,4,9.54,14.21
1965-09-18,13.04,0.6,13.339123131194354,6.411677966101696,7.6,9,18,5,12.71,10.92
1965-09-19,9.25,0.0,13.339123131194354,6.411677966101696,0.0,9,19,6,13.04,3.42
1965-09-20,9.54,0.0,13.339123131194354,6.411677966101696,8.2,9,20,0,9.25,2.71
1965-09-21,12.21,0.0,13.339123131194354,6.411677966101696,6.6,9,21,1,9.54,4.25
1965-09-22,8.25,0.0,13.339123131194354,6.411677966101696,12.1,9,22,2,12.21,6.42
1965-09-23,4.21,2.6,13.339123131194354,6.411677966101696,7.5,9,23,3,8.25,9.54
1965-09-24,5.96,25.3,13.339123131194354,6.411677966101696,2.7,9,24,4,4.21,12.71
1965-09-25,4.29,0.0,13.339123131194354,6.411677966101696,10.0,9,25,5,5.96,13.04
1965-09-26,3.42,11.0,13.339123131194354,6.411677966101696,9.4,9,26,6,4.29,9.25
1965-09-27,5.37,0.0,13.339123131194354,6.411677966101696,0.6,9,27,0,3.42,9.54
1965-09-28,2.5,0.0,13.339123131194354,6.411677966101696,-2.0,9,28,1,5.37,12.21
1965-09-29,11.63,0.1,13.339123131194354,6.411677966101696,7.7,9,29,2,2.5,8.25
1965-09-30,15.63,0.0,13.339123131194354,6.411677966101696,9.8,9,30,3,11.63,4.21
1965-10-01,8.0,11.5,13.339123131194354,6.411677966101696,6.2,10,1,4,15.63,5.96
1965-10-02,4.67,1.5,13.339123131194354,6.411677966101696,8.7,10,2,5,8.0,4.29
1965-10-03,9.79,4.2,13.339123131194354,6.411677966101696,6.6,10,3,6,4.67,3.42
1965-10-04,6.79,1.5,13.339123131194354,6.411677966101696,12.3,10,4,0,9.79,5.37
1965-10-05,2.13,0.1,13.339123131194354,6.411677966101696,6.5,10,5,1,6.79,2.5
1965-10-06,0.42,2.5,13.339123131194354,6.411677966101696,5.1,10,6,2,2.13,11.63
1965-10-07,4.96,0.1,13.339123131194354,6.411677966101696,10.5,10,7,3,0.42,15.63
1965-10-08,10.71,0.0,13.339123131194354,6.411677966101696,12.7,10,8,4,4.96,8.0
1965-10-09,11.79,0.0,13.339123131194354,6.411677966101696,7.8,10,9,5,10.71,4.67
1965-10-10,9.04,0.0,13.339123131194354,6.411677966101696,1.6,10,10,6,11.79,9.79
1965-10-11,4.0,0.0,13.339123131194354,6.411677966101696,-0.5,10,11,0,9.04,6.79
1965-10-12,3.0,0.0,13.339123131194354,6.411677966101696,-1.3,10,12,1,4.0,2.13
1965-10-13,3.29,0.0,13.339123131194354,6.411677966101696,8.8,10,13,2,3.0,0.42
1965-10-14,6.75,2.0,13.339123131194354,6.411677966101696,2.7,10,14,3,3.29,4.96
1965-10-15,10.08,0.0,13.339123131194354,6.411677966101696,1.6,10,15,4,6.75,10.71
1965-10-16,5.29,0.0,13.339123131194354,6.411677966101696,0.8,10,16,5,10.08,11.79
1965-10-17,4.96,0.3,13.339123131194354,6.411677966101696,1.4,10,17,6,5.29,9.04
1965-10-18,5.33,0.0,13.339123131194354,6.411677966101696,8.0,10,18,0,4.96,4.0
1965-10-19,9.21,0.0,13.339123131194354,6.411677966101696,4.2,10,19,1,5.33,3.0
1965-10-20,10.46,0.0,13.339123131194354,6.411677966101696,3.4,10,20,2,9.21,3.29
1965-10-21,11.87,0.0,13.339123131194354,6.411677966101696,6.1,10,21,3,10.46,6.75
1965-10-22,8.96,0.0,13.339123131194354,6.411677966101696,9.3,10,22,4,11.87,10.08
1965-10-23,7.87,0.0,13.339123131194354,6.411677966101696,7.5,10,23,5,8.96,5.29
1965-10-24,6.83,0.0,13.339123131194354,6.411677966101696,-1.6,10,24,6,7.87,4.96
1965-10-25,7.17,0.0,13.339123131194354,6.411677966101696,1.8,10,25,0,6.83,5.33
1965-10-26,6.08,0.0,13.339123131194354,6.411677966101696,0.5,10,26,1,7.17,9.21
1965-10-27,17.0,1.3,13.339123131194354,6.411677966101696,10.1,10,27,2,6.08,10.46
1965-10-28,20.0,0.2,13.339123131194354,6.411677966101696,8.8,10,28,3,17.0,11.87
1965-10-29,15.12,0.0,13.339123131194354,6.411677966101696,2.3,10,29,4,20.0,8.96
1965-10-30,21.62,1.8,13.339123131194354,6.411677966101696,7.2,10,30,5,15.12,7.87
1965-10-31,19.21,8.5,13.339123131194354,6.411677966101696,4.4,10,31,6,21.62,6.83
1965-11-01,29.17,0.0,13.339123131194354,6.411677966101696,6.7,11,1,0,19.21,7.17
1965-11-02,12.04,0.0,13.339123131194354,6.411677966101696,0.1,11,2,1,29.17,6.08
1965-11-03,11.42,0.3,13.339123131194354,6.411677966101696,-3.8,11,3,2,12.04,17.0
1965-11-04,6.04,0.0,13.339123131194354,6.411677966101696,-2.6,11,4,3,11.42,20.0
1965-11-05,4.83,0.0,13.339123131194354,6.411677966101696,-1.0,11,5,4,6.04,15.12
1965-11-06,16.0,1.3,13.339123131194354,6.411677966101696,-0.5,11,6,5,4.83,21.62
1965-11-07,11.58,5.6,13.339123131194354,6.411677966101696,3.8,11,7,6,16.0,19.21
1965-11-08,9.59,1.4,13.339123131194354,6.411677966101696,1.6,11,8,0,11.58,29.17
1965-11-09,9.38,0.9,13.339123131194354,6.411677966101696,7.7,11,9,1,9.59,12.04
1965-11-10,6.96,0.0,13.339123131194354,6.411677966101696,7.5,11,10,2,9.38,11.42
1965-11-11,14.83,2.3,13.339123131194354,6.411677966101696,5.5,11,11,3,6.96,6.04
1965-11-12,6.75,0.7,13.339123131194354,6.411677966101696,1.5,11,12,4,14.83,4.83
1965-11-13,8.5,5.6,13.339123131194354,6.411677966101696,4.4,11,13,5,6.75,16.0
1965-11-14,11.63,0.0,13.339123131194354,6.411677966101696,0.5,11,14,6,8.5,11.58
1965-11-15,11.34,11.2,13.339123131194354,6.411677966101696,-6.6,11,15,0,11.63,9.59
1965-11-16,27.58,52.2,13.339123131194354,6.411677966101696,0.0,11,16,1,11.34,9.38
1965-11-17,25.33,25.6,13.339123131194354,6.411677966101696,0.0,11,17,2,27.58,6.96
1965-11-18,15.92,19.1,13.339123131194354,6.411677966101696,4.0,11,18,3,25.33,14.83
1965-11-19,9.75,2.0,13.339123131194354,6.411677966101696,5.4,11,19,4,15.92,6.75
1965-11-20,15.75,9.0,13.339123131194354,6.411677966101696,3.3,11,20,5,9.75,8.5
1965-11-21,10.75,5.3,13.339123131194354,6.411677966101696,-0.1,11,21,6,15.75,11.63
1965-11-22,10.67,0.0,13.339123131194354,6.411677966101696,-6.5,11,22,0,10.75,11.34
1965-11-23,20.0,5.8,13.339123131194354,6.411677966101696,-4.4,11,23,1,10.67,27.58
1965-11-24,7.46,28.0,13.339123131194354,6.411677966101696,-3.4,11,24,2,20.0,25.33
1965-11-25,13.75,7.0,13.339123131194354,6.411677966101696,3.3,11,25,3,7.46,15.92
1965-11-26,9.33,6.1,13.339123131194354,6.411677966101696,-4.4,11,26,4,13.75,9.75
1965-11-27,16.33,0.1,13.339123131194354,6.411677966101696,-1.0,11,27,5,9.33,15.75
1965-11-28,9.5,2.9,13.339123131194354,6.411677966101696,-3.2,11,28,6,16.33,10.75
1965-11-29,20.33,0.2,13.339123131194354,6.411677966101696,-1.0,11,29,0,9.5,10.67
1965-11-30,19.38,0.0,13.339123131194354,6.411677966101696,-3.3,11,30,1,20.33,20.0
1965-12-01,9.96,4.5,13.339123131194354,6.411677966101696,-6.5,12,1,2,19.38,7.46
1965-12-02,19.25,2.6,13.339123131194354,6.411677966101696,2.2,12,2,3,9.96,13.75
1965-12-03,15.96,0.6,13.339123131194354,6.411677966101696,0.8,12,3,4,19.25,9.33
1965-12-04,6.46,3.5,13.339123131194354,6.411677966101696,-3.8,12,4,5,15.96,16.33
1965-12-05,15.63,1.7,13.339123131194354,6.411677966101696,0.1,12,5,6,6.46,9.5
1965-12-06,18.63,0.1,13.339123131194354,6.411677966101696,-1.1,12,6,0,15.63,20.33
1965-12-07,11.0,1.8,13.339123131194354,6.411677966101696,-2.2,12,7,1,18.63,19.38
1965-12-08,13.46,9.2,13.339123131194354,6.411677966101696,-1.2,12,8,2,11.0,9.96
1965-12-09,24.0,5.2,13.339123131194354,6.411677966101696,5.0,12,9,3,13.46,19.25
1965-12-10,14.29,1.0,13.339123131194354,6.411677966101696,1.1,12,10,4,24.0,15.96
1965-12-11,11.54,4.2,13.339123131194354,6.411677966101696,-0.7,12,11,5,14.29,6.46
1965-12-12,8.92,13.0,13.339123131194354,6.411677966101696,-0.5,12,12,6,11.54,15.63
1965-12-13,14.29,0.8,13.339123131194354,6.411677966101696,2.2,12,13,0,8.92,18.63
1965-12-14,11.63,2.1,13.339123131194354,6.411677966101696,-2.7,12,14,1,14.29,11.0
1965-12-15,8.54,0.0,13.339123131194354,6.411677966101696,7.4,12,15,2,11.63,13.46
1965-12-16,8.21,3.7,13.339123131194354,6.411677966101696,-1.5,12,16,3,8.54,24.0
1965-12-17,17.92,0.8,13.339123131194354,6.411677966101696,-1.6,12,17,4,8.21,14.29
1965-12-18,7.5,0.8,13.339123131194354,6.411677966101696,2.1,12,18,5,17.92,11.54
1965-12-19,11.71,0.0,13.339123131194354,6.411677966101696,0.5,12,19,6,7.5,8.92
1965-12-20,8.96,0.1,13.339123131194354,6.411677966101696,-5.5,12,20,0,11.71,14.29
1965-12-21,9.42,0.1,13.339123131194354,6.411677966101696,-5.7,12,21,1,8.96,11.63
1965-12-22,9.38,4.3,13.339123131194354,6.411677966101696,2.7,12,22,2,9.42,8.54
1965-12-23,11.04,1.0,13.339123131194354,6.411677966101696,2.2,12,23,3,9.38,8.21
1965-12-24,7.12,1.6,13.339123131194354,6.411677966101696,3.7,12,24,4,11.04,17.92
1965-12-25,7.38,0.0,13.339123131194354,6.411677966101696,0.0,12,25,5,7.12,7.5
1965-12-26,5.79,0.3,13.339123131194354,6.411677966101696,-7.7,12,26,6,7.38,11.71
1965-12-27,6.38,0.3,13.339123131194354,6.411677966101696,-8.3,12,27,0,5.79,8.96
1965-12-28,6.58,1.0,13.339123131194354,6.411677966101696,-2.4,12,28,1,6.38,9.42
1965-12-29,12.5,1.4,13.339123131194354,6.411677966101696,-2.8,12,29,2,6.58,9.38
1965-12-30,17.41,1.7,13.339123131194354,6.411677966101696,0.1,12,30,3,12.5,11.04
1965-12-31,9.59,6.4,13.339123131194354,6.411677966101696,2.2,12,31,4,17.41,7.12
1966-01-01,21.79,0.8,9.1,4.4,2.0,1,1,5,9.59,7.38
1966-01-02,17.46,0.6,8.9,4.6,0.6,1,2,6,21.79,5.79
1966-01-03,7.83,0.9,7.2,1.2,-1.8,1,3,0,17.46,6.38
1966-01-04,15.46,5.1,12.8,-0.9,-3.9,1,4,1,7.83,6.58
1966-01-05,12.83,2.8,12.8,6.1,7.1,1,5,2,15.46,12.5
1966-01-06,10.96,1.6,12.9,7.9,3.9,1,6,3,12.83,17.41
1966-01-07,10.5,0.0,12.1,8.9,8.3,1,7,4,10.96,9.59
1966-01-08,12.5,0.0,11.1,7.0,6.1,1,8,5,10.5,21.79
1966-01-09,13.37,2.3,9.4,6.3,2.8,1,9,6,12.5,17.46
1966-01-10,19.21,27.8,7.4,4.6,3.9,1,10,0,13.37,7.83
1966-01-11,19.55,0.0,6.0,1.7,-1.3,1,11,1,19.21,15.46
1966-01-12,16.46,0.0,4.4,1.7,1.7,1,12,2,19.55,12.83
1966-01-13,12.29,0.0,3.9,2.8,1.0,1,13,3,16.46,10.96
1966-01-14,10.83,0.0,3.7,2.6,-2.1,1,14,4,12.29,10.5
1966-01-15,6.29,0.0,2.0,-2.0,-4.9,1,15,5,10.83,12.5
1966-01-16,4.71,3.5,1.9,-2.0,-1.1,1,16,6,6.29,13.37
1966-01-17,2.79,1.8,3.7,-1.1,-4.1,1,17,0,4.71,19.21
1966-01-18,8.5,0.0,3.3,0.0,-0.4,1,18,1,2.79,19.55
1966-01-19,14.33,0.0,3.1,-0.6,-1.7,1,19,2,8.5,16.46
1966-01-20,12.33,0.0,3.0,-0.4,0.0,1,20,3,14.33,12.29
1966-01-21,4.75,0.0,4.6,1.2,0.0,1,21,4,12.33,10.83
1966-01-22,8.54,0.3,5.1,1.7,0.0,1,22,5,4.75,6.29
1966-01-23,1.13,0.5,6.0,3.3,0.0,1,23,6,8.54,4.71
1966-01-24,8.08,13.0,6.7,2.8,0.0,1,24,0,1.13,2.79
1966-01-25,20.46,13.9,8.3,5.2,4.3,1,25,1,8.08,8.5
1966-01-26,19.08,7.4,8.7,5.9,5.8,1,26,2,20.46,14.33
1966-01-27,12.25,11.8,12.3,6.8,6.7,1,27,3,19.08,12.33
1966-01-28,17.46,0.2,13.3,6.7,5.9,1,28,4,12.25,4.75
1966-01-29,16.79,1.0,13.0,9.4,8.6,1,29,5,17.46,8.54
1966-01-30,14.33,0.0,11.1,7.0,3.7,1,30,6,16.79,1.13
1966-01-31,3.79,0.1,9.2,-0.7,-3.3,1,31,0,14.33,8.08
1966-02-01,13.75,2.8,10.6,5.0,0.6,2,1,1,3.79,20.46
1966-02-02,13.54,0.0,11.6,6.1,4.1,2,2,2,13.75,19.08
1966-02-03,10.96,4.3,13.8,6.7,0.4,2,3,3,13.54,12.25
1966-02-04,10.96,1.0,13.4,9.4,8.7,2,4,4,10.96,17.46
1966-02-05,19.33,2.9,12.0,8.8,6.2,2,5,5,10.96,16.79
1966-02-06,10.63,0.2,14.0,6.8,1.6,2,6,6,19.33,14.33
1966-02-07,8.04,8.8,9.6,6.1,3.2,2,7,0,10.63,3.79
1966-02-08,4.58,4.9,8.9,6.7,6.0,2,8,1,8.04,13.75
1966-02-09,6.13,1.6,7.3,4.9,3.9,2,9,2,4.58,13.54
1966-02-10,13.29,0.0,4.7,2.8,2.8,2,10,3,6.13,10.96
1966-02-11,11.42,2.9,4.6,2.4,1.7,2,11,4,13.29,10.96
1966-02-12,12.67,0.6,4.8,1.8,2.73654650788542,2,12,5,11.42,19.33
1966-02-13,11.63,0.2,4.4,1.7,1.4,2,13,6,12.67,10.63
1966-02-14,12.42,6.7,6.4,1.1,-0.6,2,14,0,11.63,8.04
1966-02-15,16.46,16.8,5.7,0.6,-0.8,2,15,1,12.42,4.58
1966-02-16,10.96,0.0,6.0,2.4,0.6,2,16,2,16.46,6.13
1966-02-17,13.7,4.4,5.3,1.9,-0.7,2,17,3,10.96,13.29
1966-02-18,13.59,17.0,7.0,2.1,-0.8,2,18,4,13.7,11.42
1966-02-19,10.04,1.6,11.8,3.7,2.9,2,19,5,13.59,12.67
1966-02-20,11.92,1.4,11.7,6.0,4.8,2,20,6,10.04,11.63
1966-02-21,8.71,9.3,10.0,5.1,-0.6,2,21,0,11.92,12.42
1966-02-22,13.59,7.4,8.9,5.6,5.0,2,22,1,8.71,16.46
1966-02-23,17.79,0.7,10.6,2.3,-0.6,2,23,2,13.59,10.96
1966-02-24,12.0,2.9,12.8,1.7,-2.8,2,24,3,17.79,13.7
1966-02-25,21.84,1.5,12.8,6.0,0.9,2,25,4,12.0,13.59
1966-02-26,22.95,0.6,11.4,7.1,4.0,2,26,5,21.84,10.04
1966-02-27,23.63,0.1,14.3,3.9,1.4,2,27,6,22.95,11.92
1966-02-28,14.79,1.9,10.6,6.0,5.6,2,28,0,23.63,8.71
1966-03-01,9.38,2.7,12.2,4.6,1.1,3,1,1,14.79,13.59
1966-03-02,13.92,3.3,14.0,5.4,5.4,3,2,2,9.38,17.79
1966-03-03,10.46,0.3,12.7,5.9,1.0,3,3,3,13.92,12.0
1966-03-04,9.71,0.0,12.0,2.8,-0.6,3,4,4,10.46,21.84
1966-03-05,10.29,0.0,13.8,5.1,2.73654650788542,3,5,5,9.71,22.95
1966-03-06,12.17,0.0,12.8,8.2,4.7,3,6,6,10.29,23.63
1966-03-07,16.04,0.2,12.3,8.2,5.1,3,7,0,12.17,14.79
1966-03-08,9.04,0.1,10.6,5.8,2.0,3,8,1,16.04,9.38
1966-03-09,16.13,0.0,10.8,1.8,-1.1,3,9,2,9.04,13.92
1966-03-10,22.29,0.4,12.7,4.4,2.73654650788542,3,10,3,16.13,10.46
1966-03-11,20.62,2.1,10.1,3.3,1.1,3,11,4,22.29,9.71
1966-03-12,11.25,0.3,11.1,1.8,-0.4,3,12,5,20.62,10.29
1966-03-13,11.21,0.0,13.9,5.9,3.1,3,13,6,11.25,12.17
1966-03-14,8.63,0.0,13.1,4.4,2.2,3,14,0,11.21,16.04
1966-03-15,8.21,0.0,11.2,6.1,5.0,3,15,1,8.63,9.04
1966-03-16,6.87,0.0,11.1,6.7,6.1,3,16,2,8.21,16.13
1966-03-17,14.83,1.8,12.1,6.7,5.6,3,17,3,6.87,22.29
1966-03-18,7.21,0.0,13.1,-0.6,-5.0,3,18,4,14.83,20.62
1966-03-19,5.25,0.0,15.3,-2.8,-7.0,3,19,5,7.21,11.25
1966-03-20,8.87,0.2,10.4,-0.3,-5.0,3,20,6,5.25,11.21
1966-03-21,9.96,0.2,11.4,6.7,5.9,3,21,0,8.87,8.63
1966-03-22,13.17,0.2,11.3,4.0,1.9,3,22,1,9.96,8.21
1966-03-23,20.54,0.0,10.0,5.0,4.9,3,23,2,13.17,6.87
1966-03-24,20.83,1.3,8.4,0.4,-1.3,3,24,3,20.54,14.83
1966-03-25,10.92,1.7,9.8,-2.3,-4.4,3,25,4,20.83,7.21
1966-03-26,21.29,5.8,12.2,0.6,2.73654650788542,3,26,5,10.92,5.25
1966-03-27,28.62,5.4,12.0,2.4,1.7,3,27,6,21.29,8.87
1966-03-28,14.54,0.2,11.3,0.0,-0.6,3,28,0,28.62,9.96
1966-03-29,10.92,0.0,10.6,3.9,-3.7,3,29,1,14.54,13.17
1966-03-30,13.59,0.2,11.6,5.5,0.1,3,30,2,10.92,20.54
1966-03-31,12.08,10.2,11.6,6.1,3.0,3,31,3,13.59,20.83
1966-04-01,14.42,17.5,10.8,3.6,1.8,4,1,4,12.08,10.92
1966-04-02,11.25,0.0,10.8,-1.1,-2.9,4,2,5,14.42,21.29
1966-04-03,10.58,0.0,10.0,-1.9,-8.7,4,3,6,11.25,28.62
1966-04-04,21.25,17.4,8.2,3.3,1.7,4,4,0,10.58,14.54
1966-04-05,17.37,5.7,10.3,3.9,3.1,4,5,1,21.25,10.92
1966-04-06,4.88,0.0,12.2,3.3,3.1,4,6,2,17.37,13.59
1966-04-07,9.33,0.0,11.1,6.7,6.1,4,7,3,4.88,12.08
1966-04-08,11.42,18.1,11.0,7.2,6.7,4,8,4,9.33,14.42
1966-04-09,18.63,6.0,12.6,7.8,7.2,4,9,5,11.42,11.25
1966-04-10,10.41,1.3,12.9,6.1,0.6,4,10,6,18.63,10.58
1966-04-11,14.21,0.2,10.2,7.1,4.0,4,11,0,10.41,21.25
1966-04-12,17.71,0.0,7.8,5.7,4.4,4,12,1,14.21,17.37
1966-04-13,24.71,0.0,5.6,3.3,3.0,4,13,2,17.71,4.88
1966-04-14,21.79,5.9,4.0,2.2,0.8,4,14,3,24.71,9.33
1966-04-15,20.62,19.0,5.1,1.6,0.2,4,15,4,21.79,11.42
1966-04-16,10.41,13.3,5.9,1.6,0.3,4,16,5,20.62,18.63
1966-04-17,10.71,1.3,6.1,4.2,3.6,4,17,6,10.41,10.41
1966-04-18,16.66,3.7,6.1,4.2,3.1,4,18,0,10.71,14.21
1966-04-19,11.71,9.9,7.1,4.3,3.3,4,19,1,16.66,17.71
1966-04-20,11.96,0.2,12.8,0.4,-2.7,4,20,2,11.71,24.71
1966-04-21,7.87,8.1,13.5,1.2,-2.9,4,21,3,11.96,21.79
1966-04-22,15.29,0.8,18.1,8.0,7.3,4,22,4,7.87,20.62
1966-04-23,12.96,5.2,15.6,8.8,7.2,4,23,5,15.29,10.41
1966-04-24,11.08,0.2,14.9,5.6,2.3,4,24,6,12.96,10.71
1966-04-25,9.21,0.0,15.3,5.4,1.7,4,25,0,11.08,16.66
1966-04-26,13.75,0.1,12.9,9.6,6.2,4,26,1,9.21,11.71
1966-04-27,20.88,0.1,14.2,9.9,6.7,4,27,2,13.75,11.96
1966-04-28,13.54,0.0,14.2,6.7,3.4,4,28,3,20.88,7.87
1966-04-29,13.29,0.0,18.1,10.1,6.7,4,29,4,13.54,15.29
1966-04-30,4.75,0.0,18.9,3.8,-0.6,4,30,5,13.29,12.96
1966-05-01,4.54,0.0,13.339123131194354,6.411677966101696,2.73654650788542,5,1,6,4.75,11.08
1966-05-02,1.96,0.5,13.339123131194354,6.411677966101696,2.73654650788542,5,2,0,4.54,9.21
1966-05-03,7.38,0.2,13.339123131194354,6.411677966101696,2.73654650788542,5,3,1,1.96,13.75
1966-05-04,15.34,0.9,13.339123131194354,6.411677966101696,2.73654650788542,5,4,2,7.38,20.88
1966-05-05,11.34,2.5,13.339123131194354,6.411677966101696,2.73654650788542,5,5,3,15.34,13.54
1966-05-06,16.0,1.1,13.339123131194354,6.411677966101696,2.73654650788542,5,6,4,11.34,13.29
1966-05-07,9.38,4.4,13.339123131194354,6.411677966101696,2.73654650788542,5,7,5,16.0,4.75
1966-05-08,5.96,0.3,13.339123131194354,6.411677966101696,2.73654650788542,5,8,6,9.38,4.54
1966-05-09,12.62,0.0,13.339123131194354,6.411677966101696,2.73654650788542,5,9,0,5.96,1.96
1966-05-10,10.5,1.1,13.339123131194354,6.411677966101696,2.73654650788542,5,10,1,12.62,7.38
1966-05-11,6.34,2.5,13.339123131194354,6.411677966101696,2.73654650788542,5,11,2,10.5,15.34
1966-05-12,5.79,0.0,13.339123131194354,6.411677966101696,2.73654650788542,5,12,3,6.34,11.34
1966-05-13,11.54,0.5,13.339123131194354,6.411677966101696,2.73654650788542,5,13,4,5.79,16.0
1966-05-14,11.79,5.3,13.339123131194354,6.411677966101696,2.73654650788542,5,14,5,11.54,9.38
1966-05-15,6.25,0.0,13.339123131194354,6.411677966101696,2.73654650788542,5,15,6,11.79,5.96
1966-05-16,6.75,5.8,13.339123131194354,6.411677966101696,2.73654650788542,5,16,0,6.25,12.62
1966-05-17,9.87,0.2,13.339123131194354,6.411677966101696,2.73654650788542,5,17,1,6.75,10.5
1966-05-18,9.17,0.2,13.339123131194354,6.411677966101696,2.73654650788542,5,18,2,9.87,6.34
1966-05-19,12.0,1.5,13.339123131194354,6.411677966101696,2.73654650788542,5,19,3,9.17,5.79
1966-05-20,9.25,0.8,13.339123131194354,6.411677966101696,2.73654650788542,5,20,4,12.0,11.54
1966-05-21,15.96,0.6,13.339123131194354,6.411677966101696,2.73654650788542,5,21,5,9.25,11.79
1966-05-22,24.41,4.1,13.339123131194354,6.411677966101696,2.73654650788542,5,22,6,15.96,6.25
1966-05-23,15.04,0.6,13.339123131194354,6.411677966101696,2.73654650788542,5,23,0,24.41,6.75
1966-05-24,10.75,4.0,13.339123131194354,6.411677966101696,2.73654650788542,5,24,1,15.04,9.87
1966-05-25,14.96,0.0,13.339123131194354,6.411677966101696,2.73654650788542,5,25,2,10.75,9.17
1966-05-26,11.38,0.0,13.339123131194354,6.411677966101696,2.73654650788542,5,26,3,14.96,12.0
1966-05-27,8.17,0.0,13.339123131194354,6.411677966101696,2.73654650788542,5,27,4,11.38,9.25
1966-05-28,6.54,0.0,13.339123131194354,6.411677966101696,2.73654650788542,5,28,5,8.17,15.96
1966-05-29,5.66,0.0,13.339123131194354,6.411677966101696,2.73654650788542,5,29,6,6.54,24.41
1966-05-30,2.62,0.0,13.339123131194354,6.411677966101696,2.73654650788542,5,30,0,5.66,15.04
1966-05-31,0.83,0.0,13.339123131194354,6.411677966101696,2.73654650788542,5,31,1,2.62,10.75
1966-06-01,4.54,0.0,13.339123131194354,6.411677966101696,2.73654650788542,6,1,2,0.83,14.96
1966-06-02,4.79,0.0,13.339123131194354,6.411677966101696,2.73654650788542,6,2,3,4.54,11.38
1966-06-03,8.58,0.2,13.339123131194354,6.411677966101696,2.73654650788542,6,3,4,4.79,8.17
1966-06-04,16.54,1.2,13.339123131194354,6.411677966101696,2.73654650788542,6,4,5,8.58,6.54
1966-06-05,10.41,0.7,13.339123131194354,6.411677966101696,2.73654650788542,6,5,6,16.54,5.66
1966-06-06,5.33,2.0,13.339123131194354,6.411677966101696,2.73654650788542,6,6,0,10.41,2.62
1966-06-07,2.5,0.0,13.339123131194354,6.411677966101696,2.73654650788542,6,7,1,5.33,0.83
1966-06-08,5.04,2.6,13.339123131194354,6.411677966101696,2.73654650788542,6,8,2,2.5,4.54
1966-06-09,7.96,44.9,13.339123131194354,6.411677966101696,2.73654650788542,6,9,3,5.04,4.79
1966-06-10,12.08,1.0,13.339123131194354,6.411677966101696,2.73654650788542,6,10,4,7.96,8.58
1966-06-11,7.04,8.1,13.339123131194354,6.411677966101696,2.73654650788542,6,11,5,12.08,16.54
1966-06-12,2.5,2.8,13.339123131194354,6.411677966101696,2.73654650788542,6,12,6,7.04,10.41
1966-06-13,2.29,7.6,13.339123131194354,6.411677966101696,2.73654650788542,6,13,0,2.5,5.33
1966-06-14,5.17,0.7,13.339123131194354,6.411677966101696,2.73654650788542,6,14,1,2.29,2.5
1966-06-15,8.67,0.8,13.339123131194354,6.411677966101696,2.73654650788542,6,15,2,5.17,5.04
1966-06-16,10.34,0.6,13.339123131194354,6.411677966101696,2.73654650788542,6,16,3,8.67,7.96
1966-06-17,8.63,2.1,13.339123131194354,6.411677966101696,2.73654650788542,6,17,4,10.34,12.08
1966-06-18,5.58,0.9,13.339123131194354,6.411677966101696,2.73654650788542,6,18,5,8.63,7.04
1966-06-19,6.34,23.1,13.339123131194354,6.411677966101696,2.73654650788542,6,19,6,5.58,2.5
1966-06-20,4.21,6.9,13.339123131194354,6.411677966101696,2.73654650788542,6,20,0,6.34,2.29
1966-06-21,4.71,0.0,13.339123131194354,6.411677966101696,2.73654650788542,6,21,1,4.21,5.17
1966-06-22,3.63,2.2,13.339123131194354,6.411677966101696,2.73654650788542,6,22,2,4.71,8.67
1966-06-23,8.92,3.8,13.339123131194354,6.411677966101696,2.73654650788542,6,23,3,3.63,10.34
1966-06-24,14.42,1.1,13.339123131194354,6.411677966101696,2.73654650788542,6,24,4,8.92,8.63
1966-06-25,9.71,0.9,13.339123131194354,6.411677966101696,2.73654650788542,6,25,5,14.42,5.58
1966-06-26,10.75,8.3,13.339123131194354,6.411677966101696,2.73654650788542,6,26,6,9.71,6.34
1966-06-27,17.0,0.2,13.339123131194354,6.411677966101696,2.73654650788542,6,27,0,10.75,4.21
1966-06-28,11.12,0.0,13.339123131194354,6.411677966101696,2.73654650788542,6,28,1,17.0,4.71
1966-06-29,4.46,0.0,13.339123131194354,6.411677966101696,2.73654650788542,6,29,2,11.12,3.63
1966-06-30,6.42,1.1,13.339123131194354,6.411677966101696,2.73654650788542,6,30,3,4.46,8.92
1966-07-01,3.71,0.0,20.2,11.8,9.0,7,1,4,6.42,14.42
1966-07-02,4.83,1.3,19.8,11.2,7.0,7,2,5,3.71,9.71
1966-07-03,2.88,0.0,17.5,10.5,7.9,7,3,6,4.83,10.75
1966-07-04,1.46,7.5,19.2,11.2,8.2,7,4,0,2.88,17.0
1966-07-05,1.63,5.7,16.5,12.0,7.5,7,5,1,1.46,11.12
1966-07-06,6.96,0.2,17.0,10.2,6.0,7,6,2,1.63,4.46
1966-07-07,6.79,0.0,19.8,12.0,10.8,7,7,3,6.96,6.42
1966-07-08,5.83,0.0,20.5,14.2,13.0,7,8,4,6.79,3.71
1966-07-09,7.67,4.2,17.9,13.0,6.5,7,9,5,5.83,4.83
1966-07-10,7.5,3.4,16.4,11.7,10.6,7,10,6,7.67,2.88
1966-07-11,7.58,0.2,19.6,10.0,7.0,7,11,0,7.5,1.46
1966-07-12,13.79,0.0,20.0,14.5,14.1,7,12,1,7.58,1.63
1966-07-13,14.83,0.2,19.1,13.0,11.5,7,13,2,13.79,6.96
1966-07-14,10.08,2.0,18.0,10.5,8.0,7,14,3,14.83,6.79
1966-07-15,10.25,1.7,19.2,11.5,8.5,7,15,4,10.08,5.83
1966-07-16,6.17,0.6,18.5,11.6,9.8,7,16,5,10.25,7.67
1966-07-17,4.75,0.6,17.8,7.8,2.7,7,17,6,6.17,7.5
1966-07-18,1.38,0.0,19.6,7.0,1.5,7,18,0,4.75,7.58
1966-07-19,5.46,0.0,21.6,7.2,1.3,7,19,1,1.38,13.79
1966-07-20,9.38,0.0,22.8,11.7,8.0,7,20,2,5.46,14.83
1966-07-21,7.17,0.0,23.6,13.5,11.0,7,21,3,9.38,10.08
1966-07-22,7.79,0.3,22.6,10.0,4.5,7,22,4,7.17,10.25
1966-07-23,13.21,1.4,20.5,12.6,13.2,7,23,5,7.79,6.17
1966-07-24,12.46,1.2,17.4,13.2,12.5,7,24,6,13.21,4.75
1966-07-25,9.42,0.0,17.5,8.6,5.4,7,25,0,12.46,1.38
1966-07-26,10.04,0.8,17.0,12.0,11.0,7,26,1,9.42,5.46
1966-07-27,5.46,0.0,17.8,12.5,4.5,7,27,2,10.04,9.38
1966-07-28,11.21,3.6,18.0,12.0,11.8,7,28,3,5.46,7.17
1966-07-29,10.71,2.1,17.4,11.0,8.5,7,29,4,11.21,7.79
1966-07-30,13.17,0.1,14.5,11.5,8.5,7,30,5,10.71,13.21
1966-07-31,3.33,3.4,15.1,9.3,7.1,7,31,6,13.17,12.46
1966-08-01,5.41,0.0,18.5,8.0,5.9,8,1,0,3.33,9.42
1966-08-02,5.41,5.4,17.0,6.1,2.5,8,2,1,5.41,10.04
1966-08-03,7.08,0.2,18.4,12.0,11.5,8,3,2,5.41,5.46
1966-08-04,10.63,0.0,18.4,8.6,5.9,8,4,3,7.08,11.21
1966-08-05,9.5,0.9,18.5,9.0,6.2,8,5,4,10.63,10.71
1966-08-06,3.17,0.5,16.1,8.5,5.0,8,6,5,9.5,13.17
1966-08-07,5.83,0.0,19.1,11.1,9.5,8,7,6,3.17,3.33
1966-08-08,8.25,8.0,17.6,8.4,4.5,8,8,0,5.83,5.41
1966-08-09,12.79,1.2,17.6,8.4,3.8,8,9,1,8.25,5.41
1966-08-10,17.46,0.1,19.8,12.0,10.5,8,10,2,12.79,7.08
1966-08-11,8.58,0.3,20.0,7.2,2.73654650788542,8,11,3,17.46,10.63
1966-08-12,6.54,15.6,20.0,13.6,14.4,8,12,4,8.58,9.5
1966-08-13,9.67,5.5,17.8,13.0,12.5,8,13,5,6.54,3.17
1966-08-14,2.88,2.6,16.8,9.8,6.0,8,14,6,9.67,5.83
1966-08-15,4.17,0.0,20.0,6.0,0.5,8,15,0,2.88,8.25
1966-08-16,8.87,0.0,23.0,8.8,3.7,8,16,1,4.17,12.79
1966-08-17,7.0,0.2,20.0,16.8,15.0,8,17,2,8.87,17.46
1966-08-18,3.08,0.0,19.0,12.6,2.73654650788542,8,18,3,7.0,8.58
1966-08-19,4.63,0.5,21.5,12.8,7.3,8,19,4,3.08,6.54
1966-08-20,3.46,2.0,15.5,12.5,9.0,8,20,5,4.63,9.67
1966-08-21,8.46,3.6,16.6,11.7,9.0,8,21,6,3.46,2.88
1966-08-22,6.58,0.0,15.3,12.0,11.5,8,22,0,8.46,4.17
1966-08-23,3.21,0.0,15.8,5.0,0.5,8,23,1,6.58,8.87
1966-08-24,5.09,0.0,21.1,7.0,1.0,8,24,2,3.21,7.0
1966-08-25,6.38,0.0,17.1,7.5,1.1,8,25,3,5.09,3.08
1966-08-26,9.17,0.0,16.6,12.1,6.1,8,26,4,6.38,4.63
1966-08-27,8.17,0.0,17.1,14.0,6.2,8,27,5,9.17,3.46
1966-08-28,8.96,3.4,19.1,13.5,7.0,8,28,6,8.17,8.46
1966-08-29,10.25,1.4,17.5,14.5,12.4,8,29,0,8.96,6.58
1966-08-30,6.58,0.8,18.2,13.2,7.6,8,30,1,10.25,3.21
1966-08-31,6.13,0.0,19.5,13.0,9.5,8,31,2,6.58,5.09
1966-09-01,7.62,4.0,22.0,14.4,11.6,9,1,3,6.13,6.38
1966-09-02,12.5,0.3,19.8,13.4,11.0,9,2,4,7.62,9.17
1966-09-03,14.37,15.6,18.6,12.0,8.0,9,3,5,12.5,8.17
1966-09-04,14.67,0.3,19.2,14.0,13.0,9,4,6,14.37,8.96
1966-09-05,15.67,0.0,21.9,13.3,9.4,9,5,0,14.67,10.25
1966-09-06,16.38,0.0,19.0,13.9,9.4,9,6,1,15.67,6.58
1966-09-07,6.75,0.0,18.6,12.5,9.0,9,7,2,16.38,6.13
1966-09-08,3.83,0.0,17.8,7.0,1.5,9,8,3,6.75,7.62
1966-09-09,7.96,0.0,22.1,12.2,6.5,9,9,4,3.83,12.5
1966-09-10,11.96,1.2,21.2,13.9,9.3,9,10,5,7.96,14.37
1966-09-11,3.96,9.8,18.7,13.1,7.0,9,11,6,11.96,14.67
1966-09-12,13.04,5.3,18.1,13.4,9.1,9,12,0,3.96,15.67
1966-09-13,15.41,0.0,17.0,11.3,8.1,9,13,1,13.04,16.38
1966-09-14,18.21,5.2,19.0,11.0,4.0,9,14,2,15.41,6.75
1966-09-15,16.29,0.0,16.0,10.9,8.0,9,15,3,18.21,3.83
1966-09-16,6.13,0.1,16.4,4.8,0.5,9,16,4,16.29,7.96
1966-09-17,2.04,0.0,17.3,11.1,11.0,9,17,5,6.13,11.96
1966-09-18,1.71,0.1,17.7,7.0,2.7,9,18,6,2.04,3.96
1966-09-19,1.21,0.0,18.0,7.1,4.5,9,19,0,1.71,13.04
1966-09-20,1.71,0.0,19.5,6.8,0.6,9,20,1,1.21,15.41
1966-09-21,1.83,0.0,16.8,7.8,1.5,9,21,2,1.71,18.21
1966-09-22,2.71,0.0,16.5,4.6,-2.0,9,22,3,1.83,16.29
1966-09-23,3.63,0.0,15.4,12.5,5.5,9,23,4,2.71,6.13
1966-09-24,2.33,0.0,18.6,4.4,2.73654650788542,9,24,5,3.63,2.04
1966-09-25,3.88,0.0,15.4,10.2,2.73654650788542,9,25,6,2.33,1.71
1966-09-26,1.87,0.0,16.6,10.6,2.73654650788542,9,26,0,3.88,1.21
1966-09-27,4.79,0.0,16.1,11.8,2.73654650788542,9,27,1,1.87,1.71
1966-09-28,3.88,1.2,16.6,10.7,2.73654650788542,9,28,2,4.79,1.83
1966-09-29,0.42,0.7,14.5,12.4,2.73654650788542,9,29,3,3.88,2.71
1966-09-30,2.33,16.5,15.8,12.4,8.0,9,30,4,0.42,3.63
1966-10-01,4.25,0.9,14.6,9.1,5.0,10,1,5,2.33,2.33
1966-10-02,4.33,8.2,15.0,7.5,2.0,10,2,6,4.25,3.88
1966-10-03,21.29,13.1,10.7,9.0,2.8,10,3,0,4.33,1.87
1966-10-04,17.79,0.2,11.7,8.0,3.5,10,4,1,21.29,4.79
1966-10-05,7.58,14.9,14.3,8.5,4.5,10,5,2,17.79,3.88
1966-10-06,9.71,4.2,17.0,11.4,6.2,10,6,3,7.58,0.42
1966-10-07,2.0,9.9,14.3,7.0,-0.5,10,7,4,9.71,2.33
1966-10-08,4.42,0.0,14.6,5.8,-1.5,10,8,5,2.0,4.25
1966-10-09,3.79,3.2,13.4,5.6,-2.6,10,9,6,4.42,4.33
1966-10-10,2.83,1.5,13.5,8.6,5.8,10,10,0,3.79,21.29
1966-10-11,7.12,0.5,15.8,7.4,-1.6,10,11,1,2.83,17.79
1966-10-12,13.17,22.9,14.0,8.2,0.5,10,12,2,7.12,7.58
1966-10-13,4.75,3.2,14.0,7.8,2.9,10,13,3,13.17,9.71
1966-10-14,2.83,0.2,15.4,5.2,5.8,10,14,4,4.75,2.0
1966-10-15,5.79,0.0,12.8,8.4,-0.2,10,15,5,2.83,4.42
1966-10-16,5.63,7.0,12.8,2.4,-6.6,10,16,6,5.79,3.79
1966-10-17,11.96,26.7,13.9,4.6,0.6,10,17,0,5.63,2.83
1966-10-18,10.13,9.7,13.3,7.9,2.9,10,18,1,11.96,7.12
1966-10-19,5.88,0.3,12.7,9.5,2.4,10,19,2,10.13,13.17
1966-10-20,8.5,0.0,13.5,8.0,0.5,10,20,3,5.88,4.75
1966-10-21,9.67,0.0,13.0,8.5,-0.5,10,21,4,8.5,2.83
1966-10-22,5.91,0.9,8.3,2.8,-1.5,10,22,5,9.67,5.79
1966-10-23,8.12,0.0,10.5,1.3,-7.5,10,23,6,5.91,5.63
1966-10-24,7.62,0.0,11.2,1.5,-1.9,10,24,0,8.12,11.96
1966-10-25,6.0,0.0,12.0,3.4,0.4,10,25,1,7.62,10.13
1966-10-26,11.08,0.3,10.9,2.1,-1.8,10,26,2,6.0,5.88
1966-10-27,14.79,0.0,9.5,4.0,-3.6,10,27,3,11.08,8.5
1966-10-28,7.75,0.0,9.8,5.1,-2.0,10,28,4,14.79,9.67
1966-10-29,5.88,0.0,10.6,4.6,2.73654650788542,10,29,5,7.75,5.91
1966-10-30,5.46,0.0,10.6,3.5,-6.4,10,30,6,5.88,8.12
1966-10-31,9.92,0.1,10.5,4.6,3.2,10,31,0,5.46,7.62
1966-11-01,18.58,2.2,8.8,2.6,-5.0,11,1,1,9.92,6.0
1966-11-02,13.79,0.6,8.2,4.0,-1.0,11,2,2,18.58,11.08
1966-11-03,5.17,1.2,7.8,-0.5,-8.0,11,3,3,13.79,14.79
1966-11-04,5.63,2.9,8.6,0.4,-3.8,11,4,4,5.17,7.75
1966-11-05,17.67,7.2,9.2,1.5,2.73654650788542,11,5,5,5.63,5.88
1966-11-06,19.87,1.3,9.2,6.0,1.0,11,6,6,17.67,5.46
1966-11-07,6.17,0.0,10.0,7.2,0.5,11,7,0,19.87,9.92
1966-11-08,7.38,0.0,9.6,3.2,-1.5,11,8,1,6.17,18.58
1966-11-09,8.71,0.0,9.3,0.7,-8.7,11,9,2,7.38,13.79
1966-11-10,6.75,2.4,9.0,1.2,-8.3,11,10,3,8.71,5.17
1966-11-11,7.96,0.0,11.3,0.1,-9.7,11,11,4,6.75,5.63
1966-11-12,11.17,0.3,11.8,8.9,2.5,11,12,5,7.96,17.67
1966-11-13,11.42,2.4,12.4,10.4,4.0,11,13,6,11.17,19.87
1966-11-14,12.12,0.1,11.4,3.5,-5.0,11,14,0,11.42,6.17
1966-11-15,23.09,4.5,11.2,5.5,4.5,11,15,1,12.12,7.38
1966-11-16,21.87,0.3,6.9,4.8,3.0,11,16,2,23.09,8.71
1966-11-17,13.92,0.0,7.9,2.4,-5.4,11,17,3,21.87,6.75
1966-11-18,8.42,2.1,7.6,3.0,-6.1,11,18,4,13.92,7.96
1966-11-19,2.92,0.0,8.6,2.8,-6.9,11,19,5,8.42,11.17
1966-11-20,3.54,1.3,6.5,-2.2,2.73654650788542,11,20,6,2.92,11.42
1966-11-21,6.71,1.0,5.8,-2.0,2.73654650788542,11,21,0,3.54,12.12
1966-11-22,8.17,0.0,6.8,0.2,-5.0,11,22,1,6.71,23.09
1966-11-23,5.33,1.3,5.4,-1.8,-11.6,11,23,2,8.17,21.87
1966-11-24,7.96,0.1,7.2,-1.4,-9.5,11,24,3,5.33,13.92
1966-11-25,12.12,0.6,10.0,1.2,-2.8,11,25,4,7.96,8.42
1966-11-26,14.79,0.1,10.6,5.6,-3.0,11,26,5,12.12,2.92
1966-11-27,16.75,2.4,9.8,2.5,-1.0,11,27,6,14.79,3.54
1966-11-28,15.37,0.0,8.5,1.8,-5.0,11,28,0,16.75,6.71
1966-11-29,19.38,4.7,9.1,0.7,-6.8,11,29,1,15.37,8.17
1966-11-30,21.75,3.4,9.5,2.9,-3.6,11,30,2,19.38,5.33
1966-12-01,30.37,4.7,8.5,3.1,-3.4,12,1,3,21.75,7.96
1966-12-02,28.16,0.0,7.0,3.2,-2.8,12,2,4,30.37,12.12
1966-12-03,14.5,0.0,6.3,0.3,-7.0,12,3,5,28.16,14.79
1966-12-04,11.75,0.0,9.9,-1.1,-9.5,12,4,6,14.5,16.75
1966-12-05,14.96,0.2,11.5,1.8,-7.4,12,5,0,11.75,15.37
1966-12-06,12.21,0.0,8.5,3.5,-5.5,12,6,1,14.96,19.38
1966-12-07,15.09,2.9,11.5,1.2,-7.9,12,7,2,12.21,21.75
1966-12-08,25.12,0.1,7.9,2.0,0.9,12,8,3,15.09,30.37
1966-12-09,23.75,22.5,10.5,2.5,-4.5,12,9,4,25.12,28.16
1966-12-10,14.58,0.2,10.0,5.1,0.4,12,10,5,23.75,14.5
1966-12-11,11.21,4.7,9.0,0.5,-7.7,12,11,6,14.58,11.75
1966-12-12,20.04,17.3,7.4,1.0,-0.6,12,12,0,11.21,14.96
1966-12-13,13.33,2.6,5.6,4.8,0.4,12,13,1,20.04,12.21
1966-12-14,9.87,7.7,11.2,0.5,-8.0,12,14,2,13.33,15.09
1966-12-15,11.29,2.0,12.4,1.6,2.73654650788542,12,15,3,9.87,25.12
1966-12-16,14.25,0.0,9.8,2.2,-6.8,12,16,4,11.29,23.75
1966-12-17,26.0,1.4,12.5,2.5,1.3,12,17,5,14.25,14.58
1966-12-18,18.5,0.3,10.6,7.2,0.0,12,18,6,26.0,11.21
1966-12-19,23.04,0.9,11.5,7.2,2.2,12,19,0,18.5,20.04
1966-12-20,12.58,0.0,9.8,2.2,-6.8,12,20,1,23.04,13.33
1966-12-21,17.16,0.1,10.4,2.4,-4.7,12,21,2,12.58,9.87
1966-12-22,17.37,0.3,10.7,6.1,1.6,12,22,3,17.16,11.29
1966-12-23,16.88,9.9,9.5,8.7,3.1,12,23,4,17.37,14.25
1966-12-24,10.67,0.0,8.5,3.8,-0.6,12,24,5,16.88,26.0
1966-12-25,4.96,0.1,9.6,-2.1,-11.9,12,25,6,10.67,18.5
1966-12-26,10.41,5.7,10.6,-1.8,-3.2,12,26,0,4.96,23.04
1966-12-27,9.67,0.0,9.0,4.3,-2.9,12,27,1,10.41,12.58
1966-12-28,9.62,1.2,12.5,4.0,-1.5,12,28,2,9.67,17.16
1966-12-29,16.5,3.3,11.0,8.2,1.5,12,29,3,9.62,17.37
1966-12-30,5.25,3.6,9.4,2.6,-5.6,12,30,4,16.5,16.88
1966-12-31,13.5,0.0,6.6,4.0,-3.5,12,31,5,5.25,10.67
1967-01-01,11.38,0.0,5.8,2.0,-5.3,1,1,6,13.5,4.96
1967-01-02,8.29,0.0,4.4,-2.0,2.73654650788542,1,2,0,11.38,10.41
1967-01-03,5.66,0.0,2.8,-2.0,2.73654650788542,1,3,1,8.29,9.67
1967-01-04,5.63,0.0,4.5,0.8,0.2,1,4,2,5.66,9.62
1967-01-05,6.87,0.2,4.5,1.0,-1.5,1,5,3,5.63,16.5
1967-01-06,10.63,0.0,6.6,-1.4,-3.0,1,6,4,6.87,5.25
1967-01-07,8.63,0.4,6.0,2.6,-1.0,1,7,5,10.63,13.5
1967-01-08,6.34,0.6,4.2,1.2,2.73654650788542,1,8,6,8.63,11.38
1967-01-09,7.33,1.3,3.9,-2.0,-5.8,1,9,0,6.34,8.29
1967-01-10,11.0,0.0,7.5,-2.1,-2.0,1,10,1,7.33,5.66
1967-01-11,9.59,0.0,9.0,3.9,2.73654650788542,1,11,2,11.0,5.63
1967-01-12,9.54,0.0,8.9,6.3,2.6,1,12,3,9.59,6.87
1967-01-13,9.96,0.0,7.5,3.4,-0.6,1,13,4,9.54,10.63
1967-01-14,6.21,0.0,7.7,4.1,4.0,1,14,5,9.96,8.63
1967-01-15,3.92,0.0,10.4,2.4,-1.8,1,15,6,6.21,6.34
1967-01-16,7.75,1.0,8.5,5.2,-1.2,1,16,0,3.92,7.33
1967-01-17,14.79,0.0,11.2,6.0,5.0,1,17,1,7.75,11.0
1967-01-18,9.0,4.0,10.8,-0.8,-6.8,1,18,2,14.79,9.59
1967-01-19,13.67,3.3,10.0,-0.5,2.73654650788542,1,19,3,9.0,9.54
1967-01-20,10.21,2.5,9.4,7.0,1.8,1,20,4,13.67,9.96
1967-01-21,13.54,0.0,7.7,4.7,1.3,1,21,5,10.21,6.21
1967-01-22,13.29,4.9,8.2,1.7,-4.3,1,22,6,13.54,3.92
1967-01-23,10.08,0.6,8.4,1.5,-2.4,1,23,0,13.29,7.75
1967-01-24,6.71,6.5,8.8,5.0,2.73654650788542,1,24,1,10.08,14.79
1967-01-25,11.79,1.9,9.7,6.5,3.0,1,25,2,6.71,9.0
1967-01-26,7.75,6.1,12.5,-0.9,-7.5,1,26,3,11.79,13.67
1967-01-27,12.38,0.0,13.4,0.0,2.73654650788542,1,27,4,7.75,10.21
1967-01-28,9.25,0.3,12.0,8.0,1.6,1,28,5,12.38,13.54
1967-01-29,13.13,0.0,13.0,8.1,1.5,1,29,6,9.25,13.29
1967-01-30,12.92,0.0,12.0,8.5,1.0,1,30,0,13.13,10.08
1967-01-31,16.17,0.7,11.1,7.2,3.5,1,31,1,12.92,6.71
1967-02-01,14.67,0.0,12.4,7.1,4.5,2,1,2,16.17,11.79
1967-02-02,16.88,0.4,12.9,11.0,10.0,2,2,3,14.67,7.75
1967-02-03,20.12,0.2,11.5,8.5,5.1,2,3,4,16.88,12.38
1967-02-04,10.0,0.0,10.3,3.5,-1.0,2,4,5,20.12,9.25
1967-02-05,9.96,0.0,9.1,1.1,-5.8,2,5,6,10.0,13.13
1967-02-06,10.41,1.5,9.7,5.1,2.1,2,6,0,9.96,12.92
1967-02-07,7.96,0.0,9.8,4.9,1.0,2,7,1,10.41,16.17
1967-02-08,6.25,0.1,7.6,-1.1,-8.1,2,8,2,7.96,14.67
1967-02-09,5.66,0.0,8.4,-1.0,-1.0,2,9,3,6.25,16.88
1967-02-10,4.5,0.0,7.5,3.6,1.5,2,10,4,5.66,20.12
1967-02-11,9.38,0.0,7.3,4.0,-0.9,2,11,5,4.5,10.0
1967-02-12,11.0,0.0,7.0,0.4,-5.8,2,12,6,9.38,9.96
1967-02-13,12.54,0.0,7.4,4.5,-1.2,2,13,0,11.0,10.41
1967-02-14,14.62,1.6,6.4,2.1,-0.6,2,14,1,12.54,7.96
1967-02-15,26.54,11.4,8.8,2.0,-1.0,2,15,2,14.62,6.25
1967-02-16,7.17,4.0,6.8,5.0,-2.0,2,16,3,26.54,5.66
1967-02-17,4.54,0.1,8.5,-1.5,-8.2,2,17,4,7.17,4.5
1967-02-18,10.5,5.2,8.8,-2.0,-9.4,2,18,5,4.54,9.38
1967-02-19,19.08,0.7,8.2,4.4,0.6,2,19,6,10.5,11.0
1967-02-20,14.83,6.0,6.8,3.6,0.2,2,20,0,19.08,12.54
1967-02-21,16.17,0.0,9.4,3.1,-0.4,2,21,1,14.83,14.62
1967-02-22,11.34,32.4,7.1,4.4,0.6,2,22,2,16.17,26.54
1967-02-23,16.33,0.0,7.6,0.6,-1.0,2,23,3,11.34,7.17
1967-02-24,15.09,1.9,9.6,2.4,-2.0,2,24,4,16.33,4.54
1967-02-25,12.04,0.2,11.7,6.8,2.3,2,25,5,15.09,10.5
1967-02-26,13.75,2.7,10.6,4.7,-0.5,2,26,6,12.04,19.08
1967-02-27,22.08,17.5,11.6,4.3,-1.9,2,27,0,13.75,14.83
1967-02-28,23.04,2.7,8.1,4.0,1.0,2,28,1,22.08,16.17
1967-03-01,20.88,0.5,10.0,2.2,-0.6,3,1,2,23.04,11.34
1967-03-02,21.92,0.0,11.1,5.0,1.0,3,2,3,20.88,16.33
1967-03-03,18.71,0.0,11.4,6.5,3.8,3,3,4,21.92,15.09
1967-03-04,14.71,0.2,13.2,7.9,4.0,3,4,5,18.71,12.04
1967-03-05,15.46,0.0,13.4,6.0,1.4,3,5,6,14.71,13.75
1967-03-06,19.17,0.0,11.8,8.2,4.0,3,6,0,15.46,22.08
1967-03-07,16.75,0.2,12.8,9.2,8.0,3,7,1,19.17,23.04
1967-03-08,9.25,5.8,11.0,4.6,-1.2,3,8,2,16.75,20.88
1967-03-09,13.5,11.4,6.4,4.5,1.2,3,9,3,9.25,21.92
1967-03-10,22.83,1.1,9.2,2.5,1.5,3,10,4,13.5,18.71
1967-03-11,26.54,1.5,6.8,1.8,-1.0,3,11,5,22.83,14.71
1967-03-12,11.92,0.0,13.339123131194354,2.2,-2.2,3,12,6,26.54,15.46
1967-03-13,16.71,0.5,10.1,0.9,-6.0,3,13,0,11.92,19.17
1967-03-14,22.29,0.8,13.9,4.9,5.0,3,14,1,16.71,16.75
1967-03-15,17.92,0.0,9.9,4.2,-1.0,3,15,2,22.29,9.25
1967-03-16,14.71,0.1,11.4,3.3,-1.8,3,16,3,17.92,13.5
1967-03-17,25.25,0.4,11.6,6.9,3.2,3,17,4,14.71,22.83
1967-03-18,17.08,0.2,11.4,6.9,3.0,3,18,5,25.25,26.54
1967-03-19,19.95,0.0,12.4,6.7,1.5,3,19,6,17.08,11.92
1967-03-20,17.21,0.0,11.9,5.0,-0.5,3,20,0,19.95,16.71
1967-03-21,20.38,0.0,17.0,7.3,3.2,3,21,1,17.21,22.29
1967-03-22,17.04,0.4,12.0,7.3,4.0,3,22,2,20.38,17.92
1967-03-23,15.04,0.2,10.4,3.4,-1.5,3,23,3,17.04,14.71
1967-03-24,16.29,0.0,11.7,4.4,-1.1,3,24,4,15.04,25.25
1967-03-25,17.12,1.0,12.8,4.3,4.7,3,25,5,16.29,17.08
1967-03-26,20.38,2.2,10.1,1.4,-3.6,3,26,6,17.12,19.95
1967-03-27,19.62,0.8,8.7,1.5,-2.1,3,27,0,20.38,17.21
1967-03-28,18.16,0.1,7.9,1.1,-1.2,3,28,1,19.62,20.38
1967-03-29,15.09,1.2,8.6,0.0,-3.8,3,29,2,18.16,17.04
1967-03-30,11.5,1.5,9.5,-1.0,-5.8,3,30,3,15.09,15.04
1967-03-31,6.96,0.0,7.6,-0.2,-6.0,3,31,4,11.5,16.29
1967-04-01,11.87,13.0,10.8,-2.0,-7.5,4,1,5,6.96,17.12
1967-04-02,15.09,0.5,12.2,3.5,2.73654650788542,4,2,6,11.87,20.38
1967-04-03,13.54,0.0,11.7,5.6,2.2,4,3,0,15.09,19.62
1967-04-04,15.83,0.0,11.9,8.0,4.9,4,4,1,13.54,18.16
1967-04-05,19.67,0.0,12.9,8.5,5.6,4,5,2,15.83,15.09
1967-04-06,18.54,0.3,12.5,4.3,-0.9,4,6,3,19.67,11.5
1967-04-07,15.92,0.0,12.0,5.2,4.1,4,7,4,18.54,6.96
1967-04-08,15.16,3.3,9.6,4.4,-0.5,4,8,5,15.92,11.87
1967-04-09,18.05,0.0,9.9,4.5,5.0,4,9,6,15.16,15.09
1967-04-10,17.12,0.0,8.8,6.1,3.7,4,10,0,18.05,13.54
1967-04-11,11.83,0.2,10.3,5.9,3.1,4,11,1,17.12,15.83
1967-04-12,7.79,0.0,10.6,5.3,4.2,4,12,2,11.83,19.67
1967-04-13,8.71,0.0,11.4,5.9,0.6,4,13,3,7.79,18.54
1967-04-14,4.54,0.0,11.2,1.3,-5.1,4,14,4,8.71,15.92
1967-04-15,9.38,0.0,14.6,1.9,-4.9,4,15,5,4.54,15.16
1967-04-16,6.29,0.0,19.1,6.9,0.5,4,16,6,9.38,18.05
1967-04-17,12.79,0.0,16.6,9.4,1.5,4,17,0,6.29,17.12
1967-04-18,7.08,0.0,14.4,4.8,-1.5,4,18,1,12.79,11.83
1967-04-19,17.71,2.6,14.4,7.2,5.8,4,19,2,7.08,7.79
1967-04-20,18.12,1.5,11.8,5.6,1.0,4,20,3,17.71,8.71
1967-04-21,12.33,1.5,10.8,2.4,-2.0,4,21,4,18.12,4.54
1967-04-22,10.88,3.2,14.6,1.5,-3.5,4,22,5,12.33,9.38
1967-04-23,7.5,1.5,14.8,5.0,2.2,4,23,6,10.88,6.29
1967-04-24,10.71,1.9,15.5,7.4,7.5,4,24,0,7.5,12.79
1967-04-25,6.83,0.0,13.4,3.0,-2.0,4,25,1,10.71,7.08
1967-04-26,9.38,1.4,14.0,8.5,6.3,4,26,2,6.83,17.71
1967-04-27,7.38,0.0,14.1,5.3,-1.4,4,27,3,9.38,18.12
1967-04-28,6.46,0.0,21.0,6.2,0.5,4,28,4,7.38,12.33
1967-04-29,5.58,0.0,22.1,9.7,3.0,4,29,5,6.46,10.88
1967-04-30,13.13,0.3,15.9,5.8,0.5,4,30,6,5.58,7.5
1967-05-01,13.83,1.4,11.9,1.9,-1.5,5,1,0,13.13,10.71
1967-05-02,8.75,0.4,9.9,0.1,-3.8,5,2,1,13.83,6.83
1967-05-03,16.46,11.7,9.4,-2.0,-10.1,5,3,2,8.75,9.38
1967-05-04,17.58,9.3,11.5,3.5,-2.6,5,4,3,16.46,7.38
1967-05-05,15.29,0.6,13.7,6.5,2.2,5,5,4,17.58,6.46
1967-05-06,9.21,1.9,13.0,8.2,2.5,5,6,5,15.29,5.58
1967-05-07,9.29,2.3,12.6,2.9,-4.2,5,7,6,9.21,13.13
1967-05-08,10.71,4.0,14.6,9.0,5.8,5,8,0,9.29,13.83
1967-05-09,6.46,3.6,14.5,8.4,4.6,5,9,1,10.71,8.75
1967-05-10,2.29,0.6,11.8,8.4,7.0,5,10,2,6.46,16.46
1967-05-11,9.5,7.7,10.2,5.8,-0.1,5,11,3,2.29,17.58
1967-05-12,12.71,15.4,11.4,6.6,3.4,5,12,4,9.5,15.29
1967-05-13,12.67,7.2,8.9,8.0,7.4,5,13,5,12.71,9.21
1967-05-14,9.83,4.8,9.8,7.8,7.4,5,14,6,12.67,9.29
1967-05-15,15.09,12.0,7.0,6.5,5.0,5,15,0,9.83,10.71
1967-05-16,7.79,2.1,8.7,5.5,4.5,5,16,1,15.09,6.46
1967-05-17,8.5,0.0,10.8,6.5,5.1,5,17,2,7.79,2.29
1967-05-18,9.5,3.7,12.9,1.6,-3.1,5,18,3,8.5,9.5
1967-05-19,15.09,2.6,15.0,7.7,5.7,5,19,4,9.5,12.71
1967-05-20,18.58,1.0,14.3,7.2,3.9,5,20,5,15.09,12.67
1967-05-21,14.62,4.4,12.8,8.6,2.4,5,21,6,18.58,9.83
1967-05-22,16.83,3.9,12.9,7.4,2.1,5,22,0,14.62,15.09
1967-05-23,11.34,5.1,15.7,7.5,3.5,5,23,1,16.83,7.79
1967-05-24,12.79,4.1,14.5,8.4,5.1,5,24,2,11.34,8.5
1967-05-25,8.83,3.1,14.0,7.6,4.1,5,25,3,12.79,9.5
1967-05-26,9.0,1.4,15.6,7.1,-0.4,5,26,4,8.83,15.09
1967-05-27,3.63,2.9,12.9,4.9,-2.1,5,27,5,9.0,18.58
1967-05-28,4.25,3.2,13.9,7.3,3.6,5,28,6,3.63,14.62
1967-05-29,6.29,1.9,12.4,5.5,-1.5,5,29,0,4.25,16.83
1967-05-30,2.83,0.0,15.6,9.0,6.0,5,30,1,6.29,11.34
1967-05-31,4.79,0.0,18.4,5.8,0.0,5,31,2,2.83,12.79
1967-06-01,3.88,0.0,17.2,7.0,1.0,6,1,3,4.79,8.83
1967-06-02,5.09,0.0,17.4,11.4,8.2,6,2,4,3.88,9.0
1967-06-03,10.0,0.0,19.8,13.0,9.4,6,3,5,5.09,3.63
1967-06-04,8.75,0.0,19.4,12.8,12.2,6,4,6,10.0,4.25
1967-06-05,10.88,1.6,19.1,8.2,2.0,6,5,0,8.75,6.29
1967-06-06,16.38,0.4,21.5,12.6,10.8,6,6,1,10.88,2.83
1967-06-07,8.67,2.3,16.0,7.9,3.6,6,7,2,16.38,4.79
1967-06-08,6.13,0.0,16.3,11.2,2.73654650788542,6,8,3,8.67,3.88
1967-06-09,8.17,0.0,17.0,5.8,-1.5,6,9,4,6.13,5.09
1967-06-10,3.92,0.0,18.0,11.5,8.8,6,10,5,8.17,10.0
1967-06-11,5.0,0.0,18.2,6.6,0.1,6,11,6,3.92,8.75
1967-06-12,4.96,0.0,17.4,12.8,2.73654650788542,6,12,0,5.0,10.88
1967-06-13,2.75,0.0,18.9,6.2,0.0,6,13,1,4.96,16.38
1967-06-14,4.67,0.0,21.1,8.4,0.5,6,14,2,2.75,8.67
1967-06-15,1.79,0.0,20.5,9.0,1.4,6,15,3,4.67,6.13
1967-06-16,2.46,0.0,20.9,12.7,7.9,6,16,4,1.79,8.17
1967-06-17,3.04,0.0,21.1,10.3,2.7,6,17,5,2.46,3.92
1967-06-18,2.79,0.0,21.2,9.2,2.4,6,18,6,3.04,5.0
1967-06-19,8.63,0.3,17.4,11.4,4.2,6,19,0,2.79,4.96
1967-06-20,15.16,0.7,18.2,13.4,11.0,6,20,1,8.63,2.75
1967-06-21,11.34,0.7,17.8,9.4,5.0,6,21,2,15.16,4.67
1967-06-22,8.33,3.3,20.6,11.2,9.0,6,22,3,11.34,1.79
1967-06-23,6.08,2.5,15.0,3.8,-2.6,6,23,4,8.33,2.46
1967-06-24,7.92,0.0,19.8,11.2,8.8,6,24,5,6.08,3.04
1967-06-25,6.21,0.0,16.8,8.4,0.0,6,25,6,7.92,2.79
1967-06-26,3.54,0.0,18.5,9.4,4.4,6,26,0,6.21,8.63
1967-06-27,5.37,0.0,19.0,11.1,7.0,6,27,1,3.54,15.16
1967-06-28,14.42,0.0,23.8,14.0,7.8,6,28,2,5.37,11.34
1967-06-29,12.17,0.0,18.0,14.9,9.0,6,29,3,14.42,8.33
1967-06-30,6.5,0.0,18.0,6.0,-3.0,6,30,4,12.17,6.08
1967-07-01,6.0,1.3,20.6,12.0,8.0,7,1,5,6.5,7.92
1967-07-02,11.58,2.9,17.7,9.6,5.3,7,2,6,6.0,6.21
1967-07-03,13.29,2.9,17.1,9.8,5.8,7,3,0,11.58,3.54
1967-07-04,4.96,0.0,19.8,11.6,8.1,7,4,1,13.29,5.37
1967-07-05,5.83,0.0,20.1,10.4,3.6,7,5,2,4.96,14.42
1967-07-06,8.46,0.2,20.2,14.7,11.9,7,6,3,5.83,12.17
1967-07-07,9.25,0.3,21.0,14.1,9.3,7,7,4,8.46,6.5
1967-07-08,12.58,0.0,17.7,10.3,5.2,7,8,5,9.25,6.0
1967-07-09,10.0,0.0,21.6,10.3,4.0,7,9,6,12.58,11.58
1967-07-10,8.25,0.2,19.0,13.2,8.8,7,10,0,10.0,13.29
1967-07-11,4.25,0.5,22.5,14.2,12.1,7,11,1,8.25,4.96
1967-07-12,3.46,0.0,22.0,12.2,4.5,7,12,2,4.25,5.83
1967-07-13,5.5,9.6,20.6,14.2,8.4,7,13,3,3.46,8.46
1967-07-14,5.0,15.7,21.5,14.2,11.2,7,14,4,5.5,9.25
1967-07-15,5.5,2.4,19.8,12.3,8.6,7,15,5,5.0,12.58
1967-07-16,7.04,0.2,21.0,15.0,11.5,7,16,6,5.5,10.0
1967-07-17,4.71,5.0,20.0,14.5,8.5,7,17,0,7.04,8.25
1967-07-18,7.12,5.5,20.8,14.3,9.4,7,18,1,4.71,4.25
1967-07-19,6.63,0.4,20.0,12.2,6.4,7,19,2,7.12,3.46
1967-07-20,6.25,0.3,17.5,8.5,0.9,7,20,3,6.63,5.5
1967-07-21,4.04,0.0,18.0,11.5,2.5,7,21,4,6.25,5.0
1967-07-22,3.21,0.0,18.4,11.8,4.0,7,22,5,4.04,5.5
1967-07-23,3.54,0.0,21.5,11.6,6.6,7,23,6,3.21,7.04
1967-07-24,11.29,0.2,17.8,13.8,7.2,7,24,0,3.54,4.71
1967-07-25,7.12,0.1,19.6,8.6,0.2,7,25,1,11.29,7.12
1967-07-26,10.71,0.5,23.0,15.0,13.7,7,26,2,7.12,6.63
1967-07-27,6.25,0.0,18.3,12.5,9.8,7,27,3,10.71,6.25
1967-07-28,7.58,4.2,17.8,10.5,3.3,7,28,4,6.25,4.04
1967-07-29,8.08,1.3,22.5,12.9,8.5,7,29,5,7.58,3.21
1967-07-30,8.12,1.3,20.7,13.5,13.0,7,30,6,8.08,3.54
1967-07-31,3.83,2.4,18.5,13.5,8.6,7,31,0,8.12,11.29
1967-08-01,7.62,0.0,19.2,11.0,7.6,8,1,1,3.83,7.12
1967-08-02,5.5,4.1,17.4,8.4,-0.1,8,2,2,7.62,10.71
1967-08-03,11.46,1.2,17.0,10.4,4.4,8,3,3,5.5,6.25
1967-08-04,11.71,2.1,15.4,7.0,1.4,8,4,4,11.46,7.58
1967-08-05,6.71,0.0,17.7,4.4,-4.5,8,5,5,11.71,8.08
1967-08-06,6.42,11.0,21.5,10.1,1.5,8,6,6,6.71,8.12
1967-08-07,11.63,5.8,18.7,13.0,10.1,8,7,0,6.42,3.83
1967-08-08,7.38,0.4,18.5,13.8,8.6,8,8,1,11.63,7.62
1967-08-09,4.5,0.0,20.0,13.4,4.1,8,9,2,7.38,5.5
1967-08-10,4.88,3.5,19.3,13.5,10.5,8,10,3,4.5,11.46
1967-08-11,11.5,4.2,17.6,12.6,7.5,8,11,4,4.88,11.71
1967-08-12,15.71,0.0,16.0,10.7,7.5,8,12,5,11.5,6.71
1967-08-13,9.21,9.7,16.8,8.7,3.0,8,13,6,15.71,6.42
1967-08-14,15.5,0.1,17.0,12.9,10.2,8,14,0,9.21,11.63
1967-08-15,11.54,3.5,18.6,10.8,5.5,8,15,1,15.5,7.38
1967-08-16,10.96,2.1,17.2,10.5,3.0,8,16,2,11.54,4.5
1967-08-17,8.75,10.9,18.0,10.8,1.0,8,17,3,10.96,4.88
1967-08-18,9.83,21.4,18.7,12.8,6.5,8,18,4,8.75,11.5
1967-08-19,4.33,0.0,17.0,12.0,9.1,8,19,5,9.83,15.71
1967-08-20,3.37,0.0,17.4,6.5,1.2,8,20,6,4.33,9.21
1967-08-21,5.17,0.0,19.0,7.0,1.2,8,21,0,3.37,15.5
1967-08-22,3.54,0.0,19.4,11.1,5.2,8,22,1,5.17,11.54
1967-08-23,3.92,0.0,21.4,10.0,5.4,8,23,2,3.54,10.96
1967-08-24,2.83,0.0,20.6,11.5,4.5,8,24,3,3.92,8.75
1967-08-25,3.79,0.0,21.4,14.4,9.8,8,25,4,2.83,9.83
1967-08-26,4.54,3.3,19.0,15.5,10.0,8,26,5,3.79,4.33
1967-08-27,4.71,1.0,18.2,14.0,9.0,8,27,6,4.54,3.37
1967-08-28,5.71,0.0,19.2,12.8,5.6,8,28,0,4.71,5.17
1967-08-29,10.54,0.0,19.0,12.3,6.1,8,29,1,5.71,3.54
1967-08-30,12.96,3.7,18.2,11.0,4.0,8,30,2,10.54,3.92
1967-08-31,3.96,2.3,13.5,11.9,9.5,8,31,3,12.96,2.83
1967-09-01,8.87,0.6,18.8,8.5,0.6,9,1,4,3.96,3.79
1967-09-02,15.0,2.6,18.0,11.0,5.2,9,2,5,8.87,4.54
1967-09-03,19.67,2.3,16.5,11.4,5.5,9,3,6,15.0,4.71
1967-09-04,14.54,2.0,16.5,10.2,4.5,9,4,0,19.67,5.71
1967-09-05,22.34,2.1,15.2,11.0,5.6,9,5,1,14.54,10.54
1967-09-06,12.75,0.1,15.2,8.7,3.5,9,6,2,22.34,12.96
1967-09-07,5.41,0.0,17.2,9.1,3.1,9,7,3,12.75,3.96
1967-09-08,4.54,0.0,16.0,6.2,-2.3,9,8,4,5.41,8.87
1967-09-09,5.79,8.1,18.5,6.2,-1.8,9,9,5,4.54,15.0
1967-09-10,3.5,7.7,17.1,12.6,8.5,9,10,6,5.79,19.67
1967-09-11,9.46,20.0,17.4,12.5,11.6,9,11,0,3.5,14.54
1967-09-12,8.58,0.0,17.2,11.5,9.0,9,12,1,9.46,22.34
1967-09-13,3.67,0.0,16.5,8.0,1.0,9,13,2,8.58,12.75
1967-09-14,1.83,0.0,17.5,6.5,-1.0,9,14,3,3.67,5.41
1967-09-15,2.96,0.0,19.2,6.2,-1.1,9,15,4,1.83,4.54
1967-09-16,4.25,5.5,16.4,4.8,-1.2,9,16,5,2.96,5.79
1967-09-17,9.62,16.6,15.0,12.0,5.0,9,17,6,4.25,3.5
1967-09-18,10.08,2.5,15.8,7.8,1.5,9,18,0,9.62,9.46
1967-09-19,11.46,1.5,14.5,9.2,3.8,9,19,1,10.08,8.58
1967-09-20,9.33,1.2,16.4,9.8,5.0,9,20,2,11.46,3.67
1967-09-21,7.83,0.0,16.0,5.6,-1.6,9,21,3,9.33,1.83
1967-09-22,4.92,1.1,14.2,10.0,6.8,9,22,4,7.83,2.96
1967-09-23,10.08,0.9,18.0,11.3,7.0,9,23,5,4.92,4.25
1967-09-24,11.0,0.8,17.1,12.4,5.0,9,24,6,10.08,9.62
1967-09-25,11.75,6.6,18.5,13.1,7.2,9,25,0,11.0,10.08
1967-09-26,9.54,1.1,18.0,13.6,7.0,9,26,1,11.75,11.46
1967-09-27,9.33,1.3,18.5,13.0,6.5,9,27,2,9.54,9.33
1967-09-28,11.21,0.0,18.3,14.0,5.0,9,28,3,9.33,7.83
1967-09-29,7.21,3.3,16.0,13.2,4.6,9,29,4,11.21,4.92
1967-09-30,17.83,0.0,16.1,11.0,4.5,9,30,5,7.21,10.08
1967-10-01,15.34,3.4,16.4,11.9,6.2,10,1,6,17.83,11.0
1967-10-02,15.92,1.0,14.2,7.5,2.2,10,2,0,15.34,11.75
1967-10-03,18.0,2.1,15.7,9.0,4.5,10,3,1,15.92,9.54
1967-10-04,15.09,0.0,14.0,7.5,2.0,10,4,2,18.0,9.33
1967-10-05,6.83,3.7,14.5,5.6,-3.5,10,5,3,15.09,11.21
1967-10-06,13.46,15.9,17.6,9.2,7.0,10,6,4,6.83,7.21
1967-10-07,15.5,0.5,17.4,12.2,6.6,10,7,5,13.46,17.83
1967-10-08,11.38,1.7,17.5,11.0,4.4,10,8,6,15.5,15.34
1967-10-09,14.58,3.1,17.3,12.5,12.4,10,9,0,11.38,15.92
1967-10-10,4.42,1.1,13.7,9.0,2.8,10,10,1,14.58,18.0
1967-10-11,10.0,1.1,12.2,9.1,0.5,10,11,2,4.42,15.09
1967-10-12,8.38,0.3,15.4,5.5,-4.5,10,12,3,10.0,6.83
1967-10-13,15.67,0.3,13.8,6.8,4.2,10,13,4,8.38,13.46
1967-10-14,19.33,0.3,14.6,8.5,6.3,10,14,5,15.67,15.5
1967-10-15,13.25,1.1,13.9,8.7,2.9,10,15,6,19.33,11.38
1967-10-16,9.42,27.5,9.6,3.9,-4.5,10,16,0,13.25,14.58
1967-10-17,16.21,0.9,10.3,4.7,-1.6,10,17,1,9.42,4.42
1967-10-18,10.04,2.6,13.9,0.6,-7.5,10,18,2,16.21,10.0
1967-10-19,14.29,1.2,14.9,4.3,0.5,10,19,3,10.04,8.38
1967-10-20,14.42,0.0,14.5,10.4,2.7,10,20,4,14.29,15.67
1967-10-21,7.38,0.0,12.3,6.4,-1.5,10,21,5,14.42,19.33
1967-10-22,7.25,0.0,13.8,5.9,2.73654650788542,10,22,6,7.38,13.25
1967-10-23,11.71,0.0,14.5,9.0,0.0,10,23,0,7.25,9.42
1967-10-24,10.34,1.3,15.2,5.8,-0.2,10,24,1,11.71,16.21
1967-10-25,21.29,3.1,14.6,9.4,8.0,10,25,2,10.34,10.04
1967-10-26,22.0,2.2,12.4,8.0,1.8,10,26,3,21.29,14.29
1967-10-27,7.75,7.2,10.4,7.2,-0.8,10,27,4,22.0,14.42
1967-10-28,11.79,0.5,9.5,2.4,-4.5,10,28,5,7.75,7.38
1967-10-29,10.04,0.0,9.8,3.4,-3.4,10,29,6,11.79,7.25
1967-10-30,8.29,11.5,9.0,2.6,-4.5,10,30,0,10.04,11.71
1967-10-31,14.46,3.4,10.0,5.0,-2.5,10,31,1,8.29,10.34
1967-11-01,11.29,19.7,9.0,0.2,-6.8,11,1,2,14.46,21.29
1967-11-02,19.12,1.9,8.6,4.4,-2.5,11,2,3,11.29,22.0
1967-11-03,10.67,0.0,9.2,3.5,-5.0,11,3,4,19.12,7.75
1967-11-04,7.17,0.0,8.9,-2.5,-11.2,11,4,5,10.67,11.79
1967-11-05,12.79,0.0,8.5,1.4,-6.4,11,5,6,7.17,10.04
1967-11-06,10.34,5.9,7.6,1.0,-4.2,11,6,0,12.79,8.29
1967-11-07,5.91,0.0,8.5,-0.1,-7.7,11,7,1,10.34,14.46
1967-11-08,4.46,0.5,7.6,0.4,-6.0,11,8,2,5.91,11.29
1967-11-09,10.83,0.0,9.5,1.9,0.1,11,9,3,4.46,19.12
1967-11-10,12.54,0.6,12.8,4.6,-1.3,11,10,4,10.83,10.67
1967-11-11,17.62,0.2,13.2,8.2,6.9,11,11,5,12.54,7.17
1967-11-12,5.5,0.0,13.5,3.1,-3.5,11,12,6,17.62,12.79
1967-11-13,12.38,1.0,13.2,5.0,3.0,11,13,0,5.5,10.34
1967-11-14,14.92,0.0,9.6,6.0,0.5,11,14,1,12.38,5.91
1967-11-15,14.58,0.0,8.8,2.8,-2.5,11,15,2,14.92,4.46
1967-11-16,6.54,0.0,6.6,0.0,-7.0,11,16,3,14.58,10.83
1967-11-17,2.17,0.0,7.0,-2.5,-9.8,11,17,4,6.54,12.54
1967-11-18,3.04,0.0,8.4,-4.8,-10.2,11,18,5,2.17,17.62
1967-11-19,2.71,0.2,10.6,-2.5,-4.8,11,19,6,3.04,5.5
1967-11-20,0.58,0.0,10.3,2.4,1.6,11,20,0,2.71,12.38
1967-11-21,3.83,0.0,10.2,6.9,0.1,11,21,1,0.58,14.92
1967-11-22,4.25,0.0,9.8,6.0,-3.5,11,22,2,3.83,14.58
1967-11-23,0.54,0.0,9.2,0.0,-6.0,11,23,3,4.25,6.54
1967-11-24,3.42,5.5,9.5,1.0,-5.2,11,24,4,0.54,2.17
1967-11-25,8.87,0.0,6.5,2.5,-2.0,11,25,5,3.42,3.04
1967-11-26,9.29,1.5,9.1,-0.9,-8.5,11,26,6,8.87,2.71
1967-11-27,11.08,1.2,11.0,0.0,2.73654650788542,11,27,0,9.29,0.58
1967-11-28,17.88,0.0,10.8,9.0,5.0,11,28,1,11.08,3.83
1967-11-29,13.88,4.8,11.5,4.7,-0.3,11,29,2,17.88,4.25
1967-11-30,11.29,0.0,12.1,5.0,-0.1,11,30,3,13.88,0.54
1967-12-01,5.88,0.0,10.5,8.0,6.1,12,1,4,11.29,3.42
1967-12-02,4.83,0.0,11.6,6.5,4.6,12,2,5,5.88,8.87
1967-12-03,10.17,0.2,9.3,6.1,0.3,12,3,6,4.83,9.29
1967-12-04,16.62,0.0,10.2,0.0,-0.4,12,4,0,10.17,11.08
1967-12-05,19.75,1.9,11.0,6.4,5.8,12,5,1,16.62,17.88
1967-12-06,12.25,1.2,5.2,3.5,-1.0,12,6,2,19.75,13.88
1967-12-07,12.62,0.7,4.5,-0.5,-6.5,12,7,3,12.25,11.29
1967-12-08,15.79,2.4,2.0,-2.0,-6.0,12,8,4,12.62,5.88
1967-12-09,12.29,0.0,1.9,-3.0,-8.5,12,9,5,15.79,4.83
1967-12-10,8.83,2.3,3.0,-4.0,-11.0,12,10,6,12.29,10.17
1967-12-11,12.83,1.5,7.6,-3.5,-3.2,12,11,0,8.83,16.62
1967-12-12,10.29,0.2,8.3,2.9,3.8,12,12,1,12.83,19.75
1967-12-13,6.67,0.0,8.6,6.4,3.4,12,13,2,10.29,12.25
1967-12-14,9.21,0.0,7.6,5.8,3.2,12,14,3,6.67,12.62
1967-12-15,16.21,1.4,9.5,5.5,3.5,12,15,4,9.21,15.79
1967-12-16,6.13,0.0,7.8,1.8,-4.0,12,16,5,16.21,12.29
1967-12-17,1.63,0.4,5.4,-5.8,-10.8,12,17,6,6.13,8.83
1967-12-18,8.04,9.5,8.1,-4.0,-6.2,12,18,0,1.63,12.83
1967-12-19,10.34,0.0,7.2,5.0,4.5,12,19,1,8.04,10.29
1967-12-20,10.58,1.6,11.9,3.6,-2.0,12,20,2,10.34,6.67
1967-12-21,14.88,0.9,12.9,4.6,2.73654650788542,12,21,3,10.58,9.21
1967-12-22,18.41,6.6,14.3,7.3,6.1,12,22,4,14.88,16.21
1967-12-23,18.88,1.6,12.7,10.1,6.5,12,23,5,18.41,6.13
1967-12-24,14.17,2.3,10.6,6.5,2.6,12,24,6,18.88,1.63
1967-12-25,19.25,0.0,8.3,6.2,2.3,12,25,0,14.17,8.04
1967-12-26,10.08,1.4,10.4,3.4,2.0,12,26,1,19.25,10.34
1967-12-27,16.13,0.1,11.4,4.0,2.73654650788542,12,27,2,10.08,10.58
1967-12-28,16.25,0.0,5.6,1.8,-1.8,12,28,3,16.13,14.88
1967-12-29,10.63,0.0,5.6,1.6,-3.0,12,29,4,16.25,18.41
1967-12-30,14.58,4.1,7.2,2.8,0.6,12,30,5,10.63,18.88
1967-12-31,11.75,7.9,9.5,1.5,-2.0,12,31,6,14.58,14.17
1968-01-01,18.16,1.0,8.3,2.8,2.6,1,1,0,11.75,19.25
1968-01-02,12.67,4.9,7.8,2.5,-6.5,1,2,1,18.16,10.08
1968-01-03,17.0,0.4,7.6,2.4,-1.7,1,3,2,12.67,16.13
1968-01-04,7.71,12.0,7.2,-0.9,-5.2,1,4,3,17.0,16.25
1968-01-05,9.75,0.5,6.8,0.3,-0.5,1,5,4,7.71,10.63
1968-01-06,9.87,0.9,4.7,1.5,-2.0,1,6,5,9.75,14.58
1968-01-07,7.12,2.1,4.5,-1.0,-7.0,1,7,6,9.87,11.75
1968-01-08,18.0,27.8,6.0,-1.0,-2.6,1,8,0,7.12,18.16
1968-01-09,14.88,0.0,4.9,2.4,1.1,1,9,1,18.0,12.67
1968-01-10,10.96,0.3,3.0,-2.1,-9.6,1,10,2,14.88,17.0
1968-01-11,4.42,1.0,3.4,-0.6,-1.4,1,11,3,10.96,7.71
1968-01-12,10.0,3.1,8.2,0.6,-0.5,1,12,4,4.42,9.75
1968-01-13,10.0,2.8,12.4,2.7,-1.9,1,13,5,10.0,9.87
1968-01-14,22.04,2.5,13.8,3.0,2.73654650788542,1,14,6,10.0,7.12
1968-01-15,19.41,7.9,11.6,7.4,4.0,1,15,0,22.04,18.0
1968-01-16,15.54,0.6,12.6,6.6,4.5,1,16,1,19.41,14.88
1968-01-17,20.12,1.4,10.8,5.5,2.0,1,17,2,15.54,10.96
1968-01-18,16.42,0.3,11.5,5.0,6.0,1,18,3,20.12,4.42
1968-01-19,8.08,0.0,10.4,8.8,3.2,1,19,4,16.42,10.0
1968-01-20,3.46,0.1,9.8,1.6,-2.2,1,20,5,8.08,10.0
1968-01-21,0.46,0.0,8.4,4.0,-0.6,1,21,6,3.46,22.04
1968-01-22,0.54,0.0,8.3,5.2,3.0,1,22,0,0.46,19.41
1968-01-23,8.75,0.0,8.0,4.5,1.0,1,23,1,0.54,15.54
1968-01-24,13.04,0.0,8.0,2.7,-3.0,1,24,2,8.75,20.12
1968-01-25,19.79,0.0,9.5,4.5,4.0,1,25,3,13.04,16.42
1968-01-26,14.5,0.0,9.2,7.1,3.9,1,26,4,19.79,8.08
1968-01-27,12.29,1.9,10.5,6.0,2.8,1,27,5,14.5,3.46
1968-01-28,8.75,0.0,7.3,0.0,-6.4,1,28,6,12.29,0.46
1968-01-29,17.62,0.3,12.6,1.4,-0.7,1,29,0,8.75,0.54
1968-01-30,16.92,0.8,13.6,6.5,5.0,1,30,1,17.62,8.75
1968-01-31,16.0,1.9,11.8,10.9,9.4,1,31,2,16.92,13.04
1968-02-01,15.59,0.7,8.0,2.5,-1.1,2,1,3,16.0,19.79
1968-02-02,13.46,0.0,6.7,2.3,-1.0,2,2,4,15.59,14.5
1968-02-03,9.29,0.2,7.4,-0.4,-6.6,2,3,5,13.46,12.29
1968-02-04,15.04,1.5,8.5,-2.1,-8.6,2,4,6,9.29,8.75
1968-02-05,6.67,0.0,4.2,0.1,-3.0,2,5,0,15.04,17.62
1968-02-06,8.71,0.9,1.8,-5.0,-12.0,2,6,1,6.67,16.92
1968-02-07,5.63,0.0,4.4,-3.0,-3.8,2,7,2,8.71,16.0
1968-02-08,1.75,0.0,5.0,-2.0,-6.0,2,8,3,5.63,15.59
1968-02-09,3.88,10.0,5.6,-2.8,-5.8,2,9,4,1.75,13.46
1968-02-10,10.04,0.0,5.8,0.0,-0.2,2,10,5,3.88,9.29
1968-02-11,14.71,4.9,5.8,4.5,4.0,2,11,6,10.04,15.04
1968-02-12,6.42,0.3,7.5,4.0,3.0,2,12,0,14.71,6.67
1968-02-13,9.92,0.1,7.8,1.5,-2.0,2,13,1,6.42,8.71
1968-02-14,14.71,0.0,6.0,4.0,2.3,2,14,2,9.92,5.63
1968-02-15,5.71,0.0,6.7,1.5,-1.5,2,15,3,14.71,1.75
1968-02-16,6.17,0.7,5.6,-1.0,-7.5,2,16,4,5.71,3.88
1968-02-17,7.58,0.0,8.7,1.5,-1.2,2,17,5,6.17,10.04
1968-02-18,3.63,0.0,7.3,-2.5,-8.2,2,18,6,7.58,14.71
1968-02-19,3.0,0.0,8.0,-2.0,-3.3,2,19,0,3.63,6.42
1968-02-20,2.37,0.0,7.4,-2.0,-6.9,2,20,1,3.0,9.92
1968-02-21,12.12,0.7,5.4,-1.7,-4.6,2,21,2,2.37,14.71
1968-02-22,14.92,0.0,4.7,1.7,-2.5,2,22,3,12.12,5.71
1968-02-23,8.46,0.3,5.4,1.9,-2.9,2,23,4,14.92,6.17
1968-02-24,8.29,0.0,3.6,-4.0,-10.9,2,24,5,8.46,7.58
1968-02-25,9.87,0.0,4.4,-1.6,-8.7,2,25,6,8.29,3.63
1968-02-26,4.83,0.0,6.4,-3.8,-10.5,2,26,0,9.87,3.0
1968-02-27,6.21,0.0,6.5,1.5,-6.0,2,27,1,4.83,2.37
1968-02-28,11.83,0.0,9.4,1.0,-7.0,2,28,2,6.21,12.12
1968-02-29,5.54,0.0,8.6,1.0,-4.4,2,29,3,11.83,14.92
1968-03-01,4.63,0.0,5.5,3.0,-0.2,3,1,4,5.54,8.46
1968-03-02,7.08,0.0,10.3,-0.2,-4.2,3,2,5,4.63,8.29
1968-03-03,7.54,0.0,10.5,0.0,-7.0,3,3,6,7.08,9.87
1968-03-04,10.75,0.0,10.2,-0.6,-7.5,3,4,0,7.54,4.83
1968-03-05,16.92,0.0,14.0,2.6,2.0,3,5,1,10.75,6.21
1968-03-06,16.92,0.0,9.8,6.0,2.2,3,6,2,16.92,11.83
1968-03-07,10.75,0.0,7.0,-0.3,-6.5,3,7,3,16.92,5.54
1968-03-08,5.79,0.0,9.6,-1.5,-9.0,3,8,4,10.75,4.63
1968-03-09,8.12,0.0,10.7,-0.5,-8.0,3,9,5,5.79,7.08
1968-03-10,11.08,0.0,12.0,4.5,-1.6,3,10,6,8.12,7.54
1968-03-11,11.34,0.0,11.5,7.8,5.3,3,11,0,11.08,10.75
1968-03-12,6.25,0.0,9.7,6.3,4.9,3,12,1,11.34,16.92
1968-03-13,15.71,2.7,10.5,6.0,1.5,3,13,2,6.25,16.92
1968-03-14,13.04,1.9,8.9,4.2,-0.6,3,14,3,15.71,10.75
1968-03-15,14.5,1.4,7.3,2.5,-1.1,3,15,4,13.04,5.79
1968-03-16,19.95,2.3,12.5,1.6,-4.1,3,16,5,14.5,8.12
1968-03-17,24.5,3.9,8.4,2.0,-1.0,3,17,6,19.95,11.08
1968-03-18,21.09,1.2,9.1,2.6,-0.5,3,18,0,24.5,11.34
1968-03-19,18.66,7.9,10.5,2.5,1.0,3,19,1,21.09,6.25
1968-03-20,11.25,0.9,8.0,2.2,0.0,3,20,2,18.66,15.71
1968-03-21,7.67,0.8,7.6,1.0,-3.5,3,21,3,11.25,13.04
1968-03-22,13.29,0.8,13.7,1.0,-3.5,3,22,4,7.67,14.5
1968-03-23,13.62,12.5,13.5,3.5,3.0,3,23,5,13.29,19.95
1968-03-24,4.0,0.0,12.2,4.0,-0.8,3,24,6,13.62,24.5
1968-03-25,13.67,5.5,11.8,3.8,-2.0,3,25,0,4.0,21.09
1968-03-26,20.5,0.0,12.6,5.0,3.5,3,26,1,13.67,18.66
1968-03-27,19.79,0.0,13.4,7.6,2.73654650788542,3,27,2,20.5,11.25
1968-03-28,6.04,0.0,16.0,5.4,-1.2,3,28,3,19.79,7.67
1968-03-29,6.38,0.0,11.1,7.5,4.5,3,29,4,6.04,13.29
1968-03-30,8.5,0.0,12.5,0.2,-5.5,3,30,5,6.38,13.62
1968-03-31,16.71,0.0,12.7,4.5,0.6,3,31,6,8.5,4.0
1968-04-01,21.12,1.8,13.0,7.8,7.3,4,1,0,16.71,13.67
1968-04-02,17.0,0.5,9.3,-1.8,-5.6,4,2,1,21.12,20.5
1968-04-03,13.29,0.1,7.6,0.0,-3.5,4,3,2,17.0,19.79
1968-04-04,6.58,0.0,6.8,-2.9,-8.5,4,4,3,13.29,6.04
1968-04-05,10.08,0.0,9.1,-1.7,-7.8,4,5,4,6.58,6.38
1968-04-06,9.33,0.0,11.2,0.5,-5.0,4,6,5,10.08,8.5
1968-04-07,5.71,0.0,8.1,-0.1,-6.0,4,7,6,9.33,16.71
1968-04-08,4.63,0.0,9.2,-5.5,-9.5,4,8,0,5.71,21.12
1968-04-09,4.96,0.0,11.8,1.5,-7.2,4,9,1,4.63,17.0
1968-04-10,4.83,0.0,12.8,0.0,-5.8,4,10,2,4.96,13.29
1968-04-11,5.75,0.0,10.5,-0.8,-6.2,4,11,3,4.83,6.58
1968-04-12,8.5,0.0,9.2,3.5,-2.4,4,12,4,5.75,10.08
1968-04-13,7.38,0.0,9.4,-1.5,-6.5,4,13,5,8.5,9.33
1968-04-14,11.75,0.0,9.5,4.0,-3.6,4,14,6,7.38,5.71
1968-04-15,11.17,2.0,11.4,6.0,0.6,4,15,0,11.75,4.63
1968-04-16,11.0,8.5,10.7,7.5,6.5,4,16,1,11.17,4.96
1968-04-17,14.29,5.4,11.1,7.5,5.5,4,17,2,11.0,4.83
1968-04-18,11.46,0.0,14.5,6.0,2.0,4,18,3,14.29,5.75
1968-04-19,10.58,7.9,13.6,8.5,3.2,4,19,4,11.46,8.5
1968-04-20,8.38,0.4,15.7,6.0,0.9,4,20,5,10.58,7.38
1968-04-21,3.17,0.4,13.6,8.4,5.5,4,21,6,8.38,11.75
1968-04-22,7.96,0.0,15.2,4.5,-1.0,4,22,0,3.17,11.17
1968-04-23,7.58,0.0,16.0,9.3,3.1,4,23,1,7.96,11.0
1968-04-24,6.17,0.0,14.0,5.1,-1.4,4,24,2,7.58,14.29
1968-04-25,5.66,0.0,15.1,2.0,-4.9,4,25,3,6.17,11.46
1968-04-26,12.62,0.0,15.0,2.0,1.4,4,26,4,5.66,10.58
1968-04-27,8.17,3.0,14.8,10.0,7.0,4,27,5,12.62,8.38
1968-04-28,9.29,5.3,13.1,7.5,1.9,4,28,6,8.17,3.17
1968-04-29,4.17,15.3,10.6,2.4,1.8,4,29,0,9.29,7.96
1968-04-30,6.21,0.1,9.8,6.8,6.5,4,30,1,4.17,7.58
1968-05-01,3.88,0.0,13.2,2.0,-1.5,5,1,2,6.21,6.17
1968-05-02,3.17,1.4,14.4,4.4,-1.8,5,2,3,3.88,5.66
1968-05-03,6.96,0.9,12.5,7.4,7.5,5,3,4,3.17,12.62
1968-05-04,3.63,3.2,9.4,4.5,0.5,5,4,5,6.96,8.17
1968-05-05,6.92,1.7,11.4,1.4,-3.0,5,5,6,3.63,9.29
1968-05-06,15.96,0.4,9.0,4.4,4.0,5,6,0,6.92,4.17
1968-05-07,7.33,0.1,9.0,2.4,0.7,5,7,1,15.96,6.21
1968-05-08,13.5,0.0,9.0,5.4,1.2,5,8,2,7.33,3.88
1968-05-09,9.96,0.2,11.8,5.9,2.0,5,9,3,13.5,3.17
1968-05-10,16.25,2.5,13.4,8.0,5.4,5,10,4,9.96,6.96
1968-05-11,12.0,0.9,11.0,5.0,3.7,5,11,5,16.25,3.63
1968-05-12,11.83,7.9,13.0,2.5,-3.0,5,12,6,12.0,6.92
1968-05-13,5.58,1.9,14.0,3.5,0.1,5,13,0,11.83,15.96
1968-05-14,6.92,0.5,14.8,7.7,3.1,5,14,1,5.58,7.33
1968-05-15,16.58,0.0,17.0,9.0,9.5,5,15,2,6.92,13.5
1968-05-16,8.79,0.0,14.1,7.6,3.8,5,16,3,16.58,9.96
1968-05-17,4.46,1.1,13.0,3.9,-0.9,5,17,4,8.79,16.25
1968-05-18,5.37,0.0,11.6,2.0,-0.5,5,18,5,4.46,12.0
1968-05-19,3.33,0.0,13.5,0.0,-4.5,5,19,6,5.37,11.83
1968-05-20,5.29,0.0,12.2,2.0,-1.8,5,20,0,3.33,5.58
1968-05-21,3.92,0.0,12.4,2.2,-2.0,5,21,1,5.29,6.92
1968-05-22,4.12,0.0,11.0,3.8,2.5,5,22,2,3.92,16.58
1968-05-23,5.04,0.0,14.6,1.8,-4.0,5,23,3,4.12,8.79
1968-05-24,10.08,5.0,16.2,5.5,1.2,5,24,4,5.04,4.46
1968-05-25,3.46,1.3,13.2,10.0,10.6,5,25,5,10.08,5.37
1968-05-26,3.67,5.3,15.5,8.4,2.73654650788542,5,26,6,3.46,3.33
1968-05-27,3.29,0.0,15.4,9.5,6.6,5,27,0,3.67,5.29
1968-05-28,3.0,0.0,19.1,5.0,3.8,5,28,1,3.29,3.92
1968-05-29,4.25,0.0,19.3,11.6,9.0,5,29,2,3.0,4.12
1968-05-30,4.63,6.3,20.0,6.5,3.2,5,30,3,4.25,5.04
1968-05-31,3.04,1.1,17.0,11.6,12.0,5,31,4,4.63,10.08
1968-06-01,4.96,0.0,18.4,7.2,3.5,6,1,5,3.04,3.46
1968-06-02,4.54,0.0,16.6,9.9,9.0,6,2,6,4.96,3.67
1968-06-03,3.29,0.7,19.5,9.6,9.5,6,3,0,4.54,3.29
1968-06-04,7.83,0.0,15.9,10.5,9.5,6,4,1,3.29,3.0
1968-06-05,6.13,0.2,17.0,7.8,3.4,6,5,2,7.83,4.25
1968-06-06,11.08,0.0,16.6,6.2,1.9,6,6,3,6.13,4.63
1968-06-07,6.5,1.3,14.8,9.1,7.9,6,7,4,11.08,3.04
1968-06-08,3.54,1.6,16.3,9.3,7.0,6,8,5,6.5,4.96
1968-06-09,2.96,0.0,20.2,4.5,1.6,6,9,6,3.54,4.54
1968-06-10,1.87,0.0,21.0,8.8,6.2,6,10,0,2.96,3.29
1968-06-11,4.67,0.0,20.5,10.0,6.5,6,11,1,1.87,7.83
1968-06-12,3.67,0.0,19.8,9.9,7.5,6,12,2,4.67,6.13
1968-06-13,3.33,0.0,20.0,10.0,7.4,6,13,3,3.67,11.08
1968-06-14,5.33,0.0,22.4,8.0,5.0,6,14,4,3.33,6.5
1968-06-15,3.42,0.0,21.2,10.5,7.5,6,15,5,5.33,3.54
1968-06-16,3.13,0.0,20.8,7.8,7.5,6,16,6,3.42,2.96
1968-06-17,5.13,0.0,21.6,9.9,7.5,6,17,0,3.13,1.87
1968-06-18,5.96,0.0,19.4,11.8,8.5,6,18,1,5.13,4.67
1968-06-19,5.41,3.0,16.5,10.0,6.4,6,19,2,5.96,3.67
1968-06-20,9.38,6.6,15.4,7.6,4.9,6,20,3,5.41,3.33
1968-06-21,10.41,5.6,16.4,8.4,6.6,6,21,4,9.38,5.33
1968-06-22,6.0,12.0,15.7,11.0,10.2,6,22,5,10.41,3.42
1968-06-23,13.75,1.2,16.0,9.4,8.5,6,23,6,6.0,3.13
1968-06-24,8.0,1.0,17.8,8.5,5.4,6,24,0,13.75,5.13
1968-06-25,11.75,2.5,19.2,12.6,11.5,6,25,1,8.0,5.96
1968-06-26,7.12,11.8,17.2,11.2,9.3,6,26,2,11.75,5.41
1968-06-27,5.37,1.5,17.5,10.5,10.5,6,27,3,7.12,9.38
1968-06-28,8.21,0.0,14.0,10.5,9.6,6,28,4,5.37,10.41
1968-06-29,9.13,0.0,20.9,9.7,7.9,6,29,5,8.21,6.0
1968-06-30,12.0,0.5,23.4,13.2,12.5,6,30,6,9.13,13.75
1968-07-01,2.71,5.4,17.6,13.5,10.2,7,1,0,12.0,8.0
1968-07-02,12.38,1.6,15.4,11.4,11.2,7,2,1,2.71,11.75
1968-07-03,15.67,0.0,16.4,9.2,8.4,7,3,2,12.38,7.12
1968-07-04,7.96,0.0,16.2,9.4,5.8,7,4,3,15.67,5.37
1968-07-05,3.13,0.0,16.8,9.2,5.5,7,5,4,7.96,8.21
1968-07-06,2.42,0.1,17.6,9.5,6.0,7,6,5,3.13,9.13
1968-07-07,4.12,0.0,18.0,11.4,10.2,7,7,6,2.42,12.0
1968-07-08,3.79,0.0,18.4,8.0,4.5,7,8,0,4.12,2.71
1968-07-09,3.46,2.0,19.3,9.0,4.0,7,9,1,3.79,12.38
1968-07-10,10.17,0.0,17.3,10.4,7.5,7,10,2,3.46,15.67
1968-07-11,6.67,0.2,18.7,12.0,7.2,7,11,3,10.17,7.96
1968-07-12,5.25,0.0,15.6,10.3,9.2,7,12,4,6.67,3.13
1968-07-13,8.08,0.1,15.6,6.6,4.0,7,13,5,5.25,2.42
1968-07-14,12.12,0.1,17.5,12.5,12.2,7,14,6,8.08,4.12
1968-07-15,11.08,4.0,18.4,8.6,5.5,7,15,0,12.12,3.79
1968-07-16,10.04,0.1,16.4,9.9,10.1,7,16,1,11.08,3.46
1968-07-17,4.58,0.0,18.9,8.4,5.1,7,17,2,10.04,10.17
1968-07-18,2.46,0.1,18.0,10.2,6.0,7,18,3,4.58,6.67
1968-07-19,5.37,0.3,19.5,12.1,9.0,7,19,4,2.46,5.25
1968-07-20,4.46,0.0,22.5,15.5,12.0,7,20,5,5.37,8.08
1968-07-21,2.83,0.0,20.5,14.4,11.3,7,21,6,4.46,12.12
1968-07-22,8.87,0.0,19.0,11.5,8.2,7,22,0,2.83,11.08
1968-07-23,7.04,0.0,19.2,10.2,6.8,7,23,1,8.87,10.04
1968-07-24,2.42,0.0,18.4,7.6,3.2,7,24,2,7.04,4.58
1968-07-25,2.25,0.0,19.2,13.0,12.8,7,25,3,2.42,2.46
1968-07-26,4.54,0.0,19.0,8.6,4.2,7,26,4,2.25,5.37
1968-07-27,2.13,0.0,21.4,9.4,4.8,7,27,5,4.54,4.46
1968-07-28,3.04,0.0,20.2,7.8,4.0,7,28,6,2.13,2.83
1968-07-29,5.96,0.0,17.6,9.6,6.0,7,29,0,3.04,8.87
1968-07-30,2.96,0.0,18.0,11.0,6.5,7,30,1,5.96,7.04
1968-07-31,2.37,0.0,20.5,6.7,2.6,7,31,2,2.96,2.42
1968-08-01,3.63,0.0,19.7,9.5,2.73654650788542,8,1,3,2.37,2.25
1968-08-02,2.58,0.0,21.0,8.0,5.0,8,2,4,3.63,4.54
1968-08-03,2.42,0.0,21.0,9.0,5.0,8,3,5,2.58,2.13
1968-08-04,2.71,0.0,20.0,8.2,4.0,8,4,6,2.42,3.04
1968-08-05,6.13,0.0,20.5,12.6,10.0,8,5,0,2.71,5.96
1968-08-06,7.04,0.0,18.7,13.3,9.5,8,6,1,6.13,2.96
1968-08-07,7.87,0.0,21.5,10.2,6.1,8,7,2,7.04,2.37
1968-08-08,8.83,0.0,19.0,10.0,4.8,8,8,3,7.87,3.63
1968-08-09,7.38,0.0,19.6,11.1,5.9,8,9,4,8.83,2.58
1968-08-10,2.83,0.0,19.9,8.5,5.1,8,10,5,7.38,2.42
1968-08-11,5.29,0.0,23.1,9.4,4.7,8,11,6,2.83,2.71
1968-08-12,5.96,15.0,20.0,10.0,5.8,8,12,0,5.29,6.13
1968-08-13,13.33,7.8,19.8,13.4,14.2,8,13,1,5.96,7.04
1968-08-14,10.37,7.1,19.0,13.2,13.0,8,14,2,13.33,7.87
1968-08-15,6.46,4.7,17.8,8.8,4.5,8,15,3,10.37,8.83
1968-08-16,4.88,9.8,16.4,7.0,3.0,8,16,4,6.46,7.38
1968-08-17,7.41,3.1,18.7,9.8,8.8,8,17,5,4.88,2.83
1968-08-18,9.33,20.3,18.4,6.6,4.5,8,18,6,7.41,5.29
1968-08-19,10.46,4.3,19.8,9.5,8.0,8,19,0,9.33,5.96
1968-08-20,10.0,0.0,22.6,13.5,13.5,8,20,1,10.46,13.33
1968-08-21,6.38,0.0,22.3,15.3,13.0,8,21,2,10.0,10.37
1968-08-22,6.08,2.0,23.5,13.0,10.0,8,22,3,6.38,6.46
1968-08-23,4.46,0.0,20.0,13.8,12.2,8,23,4,6.08,4.88
1968-08-24,8.46,0.0,18.0,9.8,9.8,8,24,5,4.46,7.41
1968-08-25,7.25,0.0,18.5,14.3,14.2,8,25,6,8.46,9.33
1968-08-26,7.46,0.0,16.3,13.1,11.6,8,26,0,7.25,10.46
1968-08-27,6.25,0.0,18.6,10.0,7.5,8,27,1,7.46,10.0
1968-08-28,5.13,0.0,16.4,10.0,7.6,8,28,2,6.25,6.38
1968-08-29,6.0,0.0,16.6,13.0,11.7,8,29,3,5.13,6.08
1968-08-30,8.54,2.1,18.5,7.4,4.2,8,30,4,6.0,4.46
1968-08-31,8.42,0.2,18.0,6.6,2.1,8,31,5,8.54,8.46
1968-09-01,4.0,3.2,17.0,7.7,3.6,9,1,6,8.42,7.25
1968-09-02,6.42,0.2,18.2,10.0,8.0,9,2,0,4.0,7.46
1968-09-03,7.38,2.9,16.8,8.0,3.3,9,3,1,6.42,6.25
1968-09-04,5.5,1.9,19.0,10.4,8.0,9,4,2,7.38,5.13
1968-09-05,10.41,0.9,21.5,11.5,6.5,9,5,3,5.5,6.0
1968-09-06,5.75,0.0,19.2,6.4,0.4,9,6,4,10.41,8.54
1968-09-07,7.38,10.6,17.6,5.2,0.4,9,7,5,5.75,8.42
1968-09-08,10.13,11.8,17.5,14.2,13.0,9,8,6,7.38,4.0
1968-09-09,13.42,5.1,20.0,14.0,13.2,9,9,0,10.13,6.42
1968-09-10,4.92,0.0,23.0,14.2,13.8,9,10,1,13.42,7.38
1968-09-11,3.46,0.1,18.5,10.5,1.5,9,11,2,4.92,5.5
1968-09-12,2.46,3.7,18.5,8.5,3.6,9,12,3,3.46,10.41
1968-09-13,1.42,1.0,15.6,10.8,3.5,9,13,4,2.46,5.75
1968-09-14,11.04,0.4,15.4,10.8,11.5,9,14,5,1.42,7.38
1968-09-15,14.96,0.0,15.0,12.0,9.0,9,15,6,11.04,10.13
1968-09-16,10.79,0.0,16.0,7.5,4.0,9,16,0,14.96,13.42
1968-09-17,4.17,0.0,16.1,8.3,3.0,9,17,1,10.79,4.92
1968-09-18,5.13,1.2,18.8,7.5,1.0,9,18,2,4.17,3.46
1968-09-19,13.29,19.1,15.3,12.5,10.5,9,19,3,5.13,2.46
1968-09-20,18.75,11.9,14.6,11.6,10.8,9,20,4,13.29,1.42
1968-09-21,13.59,0.1,15.0,11.1,10.4,9,21,5,18.75,11.04
1968-09-22,8.29,5.7,18.5,11.1,9.4,9,22,6,13.59,14.96
1968-09-23,14.37,1.9,17.6,10.5,10.5,9,23,0,8.29,10.79
1968-09-24,8.96,0.9,16.4,10.5,8.9,9,24,1,14.37,4.17
1968-09-25,8.0,4.6,16.9,9.9,7.0,9,25,2,8.96,5.13
1968-09-26,9.67,1.5,16.9,9.1,4.3,9,26,3,8.0,13.29
1968-09-27,16.92,4.6,15.8,11.5,10.1,9,27,4,9.67,18.75
1968-09-28,17.33,8.0,13.339123131194354,6.411677966101696,2.73654650788542,9,28,5,16.92,13.59
1968-09-29,13.54,0.5,13.339123131194354,6.411677966101696,2.73654650788542,9,29,6,17.33,8.29
1968-09-30,12.83,0.4,15.6,10.0,7.0,9,30,0,13.54,14.37
1968-10-01,17.33,4.1,16.7,12.5,11.0,10,1,1,12.83,8.96
1968-10-02,14.0,0.1,18.1,13.8,12.6,10,2,2,17.33,8.0
1968-10-03,5.46,0.0,20.0,15.0,14.5,10,3,3,14.0,9.67
1968-10-04,4.79,0.0,15.5,9.5,3.5,10,4,4,5.46,16.92
1968-10-05,2.04,0.0,18.4,12.3,8.0,10,5,5,4.79,17.33
1968-10-06,4.46,0.0,15.4,9.5,2.8,10,6,6,2.04,13.54
1968-10-07,1.75,0.0,15.5,5.7,1.1,10,7,0,4.46,12.83
1968-10-08,3.21,3.3,14.8,4.7,-0.9,10,8,1,1.75,17.33
1968-10-09,8.17,3.4,17.2,8.3,5.4,10,9,2,3.21,14.0
1968-10-10,12.58,0.0,17.4,11.4,8.1,10,10,3,8.17,5.46
1968-10-11,14.42,1.5,19.4,13.1,8.4,10,11,4,12.58,4.79
1968-10-12,20.41,2.0,16.0,11.5,8.1,10,12,5,14.42,2.04
1968-10-13,16.46,1.1,15.5,10.9,7.8,10,13,6,20.41,4.46
1968-10-14,9.71,1.0,14.5,8.0,4.2,10,14,0,16.46,1.75
1968-10-15,11.08,1.0,13.6,7.4,2.6,10,15,1,9.71,3.21
1968-10-16,12.08,0.3,13.2,6.4,2.0,10,16,2,11.08,8.17
1968-10-17,7.62,3.4,13.6,9.0,6.4,10,17,3,12.08,12.58
1968-10-18,15.59,0.6,15.5,10.5,6.2,10,18,4,7.62,14.42
1968-10-19,13.88,9.6,16.5,11.4,11.8,10,19,5,15.59,20.41
1968-10-20,7.5,0.0,16.8,13.2,6.2,10,20,6,13.88,16.46
1968-10-21,3.04,0.0,15.2,7.7,1.5,10,21,0,7.5,9.71
1968-10-22,1.21,0.0,14.6,9.8,3.6,10,22,1,3.04,11.08
1968-10-23,8.96,0.0,15.6,4.0,-1.4,10,23,2,1.21,12.08
1968-10-24,6.04,0.0,13.0,12.0,8.5,10,24,3,8.96,7.62
1968-10-25,1.13,0.0,12.6,7.6,0.6,10,25,4,6.04,15.59
1968-10-26,3.54,0.3,15.6,8.9,5.2,10,26,5,1.13,13.88
1968-10-27,4.63,1.7,15.3,10.0,7.3,10,27,6,3.54,7.5
1968-10-28,9.29,0.7,16.5,11.4,3.3,10,28,0,4.63,3.04
1968-10-29,9.04,0.2,15.1,9.1,5.0,10,29,1,9.29,1.21
1968-10-30,6.42,9.9,16.7,10.5,8.5,10,30,2,9.04,8.96
1968-10-31,3.25,9.4,13.5,11.0,5.8,10,31,3,6.42,6.04
1968-11-01,8.92,28.0,13.9,8.5,5.0,11,1,4,3.25,1.13
1968-11-02,20.33,1.1,7.7,6.9,5.7,11,2,5,8.92,3.54
1968-11-03,9.59,0.0,7.4,1.3,-3.0,11,3,6,20.33,4.63
1968-11-04,6.38,0.0,9.9,-1.1,-9.9,11,4,0,9.59,9.29
1968-11-05,15.12,0.0,10.6,0.8,2.73654650788542,11,5,1,6.38,9.04
1968-11-06,16.75,0.0,9.4,7.7,5.0,11,6,2,15.12,6.42
1968-11-07,17.67,0.0,10.0,7.5,6.4,11,7,3,16.75,3.25
1968-11-08,9.71,4.3,8.2,7.8,5.5,11,8,4,17.67,8.92
1968-11-09,9.87,2.7,10.8,-1.4,-5.8,11,9,5,9.71,20.33
1968-11-10,17.96,0.6,11.4,6.4,5.4,11,10,6,9.87,9.59
1968-11-11,7.38,1.2,13.2,2.4,-2.0,11,11,0,17.96,6.38
1968-11-12,17.75,0.0,13.0,9.0,9.4,11,12,1,7.38,15.12
1968-11-13,16.33,0.0,9.7,9.4,7.0,11,13,2,17.75,16.75
1968-11-14,14.12,0.0,9.8,8.2,4.5,11,14,3,16.33,17.67
1968-11-15,12.58,0.0,8.6,5.6,2.5,11,15,4,14.12,9.71
1968-11-16,4.04,0.0,7.7,3.3,-3.6,11,16,5,12.58,9.87
1968-11-17,3.83,0.0,8.1,-2.5,-8.3,11,17,6,4.04,17.96
1968-11-18,1.54,0.0,7.5,2.4,2.1,11,18,0,3.83,7.38
1968-11-19,9.08,2.2,10.6,2.4,-0.4,11,19,1,1.54,17.75
1968-11-20,11.96,0.4,15.4,7.3,3.9,11,20,2,9.08,16.33
1968-11-21,10.88,5.0,14.5,10.0,9.0,11,21,3,11.96,14.12
1968-11-22,10.08,4.9,13.0,10.3,8.3,11,22,4,10.88,12.58
1968-11-23,12.38,1.0,11.8,9.4,4.8,11,23,5,10.08,4.04
1968-11-24,11.83,0.2,14.3,6.0,2.3,11,24,6,12.38,3.83
1968-11-25,14.09,0.0,15.0,6.0,2.73654650788542,11,25,0,11.83,1.54
1968-11-26,4.04,3.1,10.6,7.6,7.6,11,26,1,14.09,9.08
1968-11-27,5.5,13.9,11.5,6.9,3.6,11,27,2,4.04,11.96
1968-11-28,5.09,0.4,11.7,9.5,9.0,11,28,3,5.5,10.88
1968-11-29,10.92,0.3,10.1,9.9,8.9,11,29,4,5.09,10.08
1968-11-30,8.67,3.0,9.4,6.2,4.2,11,30,5,10.92,12.38
1968-12-01,12.42,0.8,12.0,5.8,4.4,12,1,6,8.67,11.83
1968-12-02,10.04,0.1,12.2,9.2,9.5,12,2,0,12.42,14.09
1968-12-03,11.63,3.2,13.0,10.8,7.5,12,3,1,10.04,4.04
1968-12-04,1.63,3.6,11.0,7.5,4.0,12,4,2,11.63,5.5
1968-12-05,8.29,0.0,12.0,5.0,-1.2,12,5,3,1.63,5.09
1968-12-06,8.96,0.0,9.2,8.0,6.5,12,6,4,8.29,10.92
1968-12-07,6.46,0.0,7.8,6.8,5.0,12,7,5,8.96,8.67
1968-12-08,5.83,0.6,7.8,6.4,2.0,12,8,6,6.46,12.42
1968-12-09,10.63,6.0,6.8,6.1,2.4,12,9,0,5.83,10.04
1968-12-10,6.71,0.0,5.9,5.2,4.4,12,10,1,10.63,11.63
1968-12-11,2.29,0.0,6.4,0.6,-3.9,12,11,2,6.71,1.63
1968-12-12,7.5,1.2,10.8,0.7,-2.6,12,12,3,2.29,8.29
1968-12-13,12.04,0.0,9.6,6.2,2.73654650788542,12,13,4,7.5,8.96
1968-12-14,1.96,3.1,8.0,-2.5,-7.8,12,14,5,12.04,6.46
1968-12-15,10.29,0.1,5.0,-1.0,-2.2,12,15,6,1.96,5.83
1968-12-16,4.5,23.8,6.2,-1.2,-5.8,12,16,0,10.29,10.63
1968-12-17,20.88,11.8,6.8,-1.0,0.0,12,17,1,4.5,6.71
1968-12-18,17.37,4.7,6.4,5.0,4.3,12,18,2,20.88,2.29
1968-12-19,6.87,2.3,10.6,1.0,-1.2,12,19,3,17.37,7.5
1968-12-20,7.5,0.6,10.8,1.4,1.6,12,20,4,6.87,12.04
1968-12-21,9.42,3.4,12.4,-1.8,-6.4,12,21,5,7.5,1.96
1968-12-22,24.62,1.8,11.0,4.8,5.0,12,22,6,9.42,10.29
1968-12-23,9.25,1.9,10.0,4.5,0.5,12,23,0,24.62,4.5
1968-12-24,9.42,40.7,6.5,3.5,-1.5,12,24,1,9.25,20.88
1968-12-25,9.59,0.0,6.5,3.2,0.8,12,25,2,9.42,17.37
1968-12-26,7.83,0.0,2.8,-0.6,-5.5,12,26,3,9.59,6.87
1968-12-27,9.87,0.0,3.5,-1.0,-7.0,12,27,4,7.83,7.5
1968-12-28,10.46,0.0,2.5,-1.0,-4.5,12,28,5,9.87,9.42
1968-12-29,10.83,0.0,4.2,-2.0,-7.5,12,29,6,10.46,24.62
1968-12-30,7.58,0.5,4.9,-1.1,-6.4,12,30,0,10.83,9.25
1968-12-31,6.83,0.0,5.9,-1.0,-3.4,12,31,1,7.58,9.42
1969-01-01,8.5,0.0,6.6,-0.9,-6.5,1,1,2,6.83,9.59
1969-01-02,7.75,0.2,8.5,4.4,2.5,1,2,3,8.5,7.83
1969-01-03,7.96,0.0,7.9,4.0,-1.5,1,3,4,7.75,9.87
1969-01-04,11.25,0.2,8.4,4.5,-0.5,1,4,5,7.96,10.46
1969-01-05,7.67,0.0,4.1,-0.6,-4.4,1,5,6,11.25,10.83
1969-01-06,10.63,10.8,4.6,-6.0,-10.8,1,6,0,7.67,7.58
1969-01-07,13.46,13.8,6.6,0.0,1.0,1,7,1,10.63,6.83
1969-01-08,8.38,0.0,6.8,4.0,2.5,1,8,2,13.46,8.5
1969-01-09,14.92,1.8,8.5,0.0,2.73654650788542,1,9,3,8.38,7.75
1969-01-10,12.04,1.0,7.4,5.0,4.0,1,10,4,14.92,7.96
1969-01-11,4.42,5.0,7.8,-0.5,-3.2,1,11,5,12.04,11.25
1969-01-12,10.29,7.4,8.4,2.5,2.73654650788542,1,12,6,4.42,7.67
1969-01-13,3.0,3.7,8.0,7.3,3.8,1,13,0,10.29,10.63
1969-01-14,6.0,0.3,6.0,5.4,1.2,1,14,1,3.0,13.46
1969-01-15,4.12,8.7,7.0,-0.8,-6.0,1,15,2,6.0,8.38
1969-01-16,17.29,7.8,5.4,-0.8,-3.5,1,16,3,4.12,14.92
1969-01-17,14.04,13.5,7.6,-2.5,-7.5,1,17,4,17.29,12.04
1969-01-18,17.12,0.2,7.5,1.2,-2.6,1,18,5,14.04,4.42
1969-01-19,8.42,5.5,7.7,2.0,-2.5,1,19,6,17.12,10.29
1969-01-20,12.54,7.9,12.9,-0.5,-4.9,1,20,0,8.42,3.0
1969-01-21,5.04,8.3,13.4,7.5,7.8,1,21,1,12.54,6.0
1969-01-22,3.42,0.0,9.8,9.0,6.3,1,22,2,5.04,4.12
1969-01-23,3.42,0.1,11.9,6.7,0.7,1,23,3,3.42,17.29
1969-01-24,8.92,0.0,13.9,8.1,5.5,1,24,4,3.42,14.04
1969-01-25,14.09,0.0,11.8,8.7,-0.8,1,25,5,8.92,17.12
1969-01-26,12.33,0.9,10.6,9.6,5.0,1,26,6,14.09,8.42
1969-01-27,12.46,0.0,10.4,7.0,2.2,1,27,0,12.33,12.54
1969-01-28,5.13,0.7,7.4,5.5,0.8,1,28,1,12.46,5.04
1969-01-29,9.92,0.2,9.2,4.1,1.2,1,29,2,5.13,3.42
1969-01-30,19.55,0.4,9.5,5.4,3.5,1,30,3,9.92,3.42
1969-01-31,12.29,0.0,6.8,2.0,-1.5,1,31,4,19.55,8.92
1969-02-01,15.29,3.7,5.8,1.4,-3.0,2,1,5,12.29,14.09
1969-02-02,11.5,1.7,1.5,-1.0,-5.5,2,2,6,15.29,12.33
1969-02-03,8.92,0.2,2.9,-1.0,-7.2,2,3,0,11.5,12.46
1969-02-04,6.75,0.0,8.3,-0.5,-3.5,2,4,1,8.92,5.13
1969-02-05,10.79,5.5,8.9,0.6,-3.8,2,5,2,6.75,9.92
1969-02-06,17.5,2.0,5.5,2.2,-0.6,2,6,3,10.79,19.55
1969-02-07,16.08,0.0,0.0,-0.5,-3.0,2,7,4,17.5,12.29
1969-02-08,11.71,0.0,2.5,-5.0,-8.5,2,8,5,16.08,15.29
1969-02-09,9.67,0.0,3.2,-4.0,-8.3,2,9,6,11.71,11.5
1969-02-10,8.67,0.9,8.9,-3.5,-3.4,2,10,0,9.67,8.92
1969-02-11,17.58,1.3,9.0,2.4,2.73654650788542,2,11,1,8.67,6.75
1969-02-12,12.17,2.6,6.1,0.9,-2.9,2,12,2,17.58,10.79
1969-02-13,8.08,2.5,3.2,-1.5,-7.5,2,13,3,12.17,17.5
1969-02-14,7.08,0.3,2.8,-4.3,-6.4,2,14,4,8.08,16.08
1969-02-15,6.34,1.2,3.0,-7.4,-12.9,2,15,5,7.08,11.71
1969-02-16,4.58,0.0,1.8,-6.0,-7.1,2,16,6,6.34,9.67
1969-02-17,4.08,0.0,2.5,-9.0,-13.2,2,17,0,4.58,8.67
1969-02-18,10.88,0.1,3.0,-7.0,-11.2,2,18,1,4.08,17.58
1969-02-19,27.71,0.2,3.2,-5.2,2.73654650788542,2,19,2,10.88,12.17
1969-02-20,21.67,7.5,3.0,1.4,2.73654650788542,2,20,3,27.71,8.08
1969-02-21,14.29,8.4,4.2,1.0,2.73654650788542,2,21,4,21.67,7.08
1969-02-22,17.21,12.0,7.2,2.2,1.6,2,22,5,14.29,6.34
1969-02-23,8.25,2.5,7.4,4.0,-0.2,2,23,6,17.21,4.58
1969-02-24,5.91,0.6,5.3,4.8,1.0,2,24,0,8.25,4.08
1969-02-25,1.08,0.2,6.2,4.5,3.6,2,25,1,5.91,10.88
1969-02-26,4.92,0.0,5.2,3.9,1.3,2,26,2,1.08,27.71
1969-02-27,6.38,0.1,4.2,2.8,0.9,2,27,3,4.92,21.67
1969-02-28,12.46,0.0,5.2,2.2,-4.0,2,28,4,6.38,14.29
1969-03-01,8.67,0.0,5.5,3.0,0.0,3,1,5,12.46,17.21
1969-03-02,7.62,0.0,4.7,3.5,0.2,3,2,6,8.67,8.25
1969-03-03,6.83,0.0,6.6,0.8,-2.0,3,3,0,7.62,5.91
1969-03-04,11.21,0.0,6.3,-1.4,-8.5,3,4,1,6.83,1.08
1969-03-05,7.17,0.0,7.0,2.4,-3.1,3,5,2,11.21,4.92
1969-03-06,2.62,0.0,8.4,-4.7,-12.1,3,6,3,7.17,6.38
1969-03-07,1.08,0.0,8.3,-4.0,-10.5,3,7,4,2.62,12.46
1969-03-08,7.96,0.0,9.8,-3.3,-10.5,3,8,5,1.08,8.67
1969-03-09,9.0,0.0,6.4,-1.6,-8.5,3,9,6,7.96,7.62
1969-03-10,3.92,0.8,6.4,4.5,1.0,3,10,0,9.0,6.83
1969-03-11,8.5,7.5,6.8,3.8,2.0,3,11,1,3.92,11.21
1969-03-12,11.58,6.5,6.0,3.5,2.5,3,12,2,8.5,7.17
1969-03-13,15.34,0.0,5.4,3.1,2.5,3,13,3,11.58,2.62
1969-03-14,5.33,0.0,6.5,2.9,2.2,3,14,4,15.34,1.08
1969-03-15,5.75,0.0,7.6,3.9,3.5,3,15,5,5.33,7.96
1969-03-16,16.17,6.3,4.5,4.0,3.5,3,16,6,5.75,9.0
1969-03-17,15.0,17.6,4.5,2.1,0.5,3,17,0,16.17,3.92
1969-03-18,14.67,10.0,5.5,3.2,2.0,3,18,1,15.0,8.5
1969-03-19,7.33,0.6,7.7,3.6,3.0,3,19,2,14.67,11.58
1969-03-20,4.08,0.9,10.7,4.4,4.2,3,20,3,7.33,15.34
1969-03-21,9.5,0.0,8.5,4.5,-1.0,3,21,4,4.08,5.33
1969-03-22,14.92,0.0,6.8,3.2,0.2,3,22,5,9.5,5.75
1969-03-23,9.75,0.0,3.4,1.8,-0.4,3,23,6,14.92,16.17
1969-03-24,7.04,0.0,6.3,0.5,0.0,3,24,0,9.75,15.0
1969-03-25,6.5,0.0,7.6,0.0,-6.2,3,25,1,7.04,14.67
1969-03-26,5.37,0.0,6.4,-2.2,-9.0,3,26,2,6.5,7.33
1969-03-27,5.33,0.0,5.0,2.4,-1.0,3,27,3,5.37,4.08
1969-03-28,10.54,0.0,9.5,-3.5,-10.4,3,28,4,5.33,9.5
1969-03-29,13.17,3.9,12.0,4.8,2.9,3,29,5,10.54,14.92
1969-03-30,14.54,2.1,12.0,8.7,6.3,3,30,6,13.17,9.75
1969-03-31,18.5,0.8,11.8,7.6,3.0,3,31,0,14.54,7.04
1969-04-01,9.42,0.0,9.5,1.2,-2.5,4,1,1,18.5,6.5
1969-04-02,5.46,0.0,9.6,-2.0,-6.8,4,2,2,9.42,5.37
1969-04-03,4.96,0.0,11.2,1.8,-3.8,4,3,3,5.46,5.33
1969-04-04,3.42,0.0,12.6,-2.0,-8.0,4,4,4,4.96,10.54
1969-04-05,7.87,0.0,10.8,-0.8,-6.8,4,5,5,3.42,13.17
1969-04-06,13.75,0.0,11.0,5.0,0.0,4,6,6,7.87,14.54
1969-04-07,6.38,0.0,12.5,3.8,-3.2,4,7,0,13.75,18.5
1969-04-08,5.04,0.2,18.6,1.5,-2.8,4,8,1,6.38,9.42
1969-04-09,14.37,1.6,13.0,8.0,2.6,4,9,2,5.04,5.46
1969-04-10,9.59,14.0,15.6,9.0,4.6,4,10,3,14.37,4.96
1969-04-11,17.62,3.5,15.7,6.0,3.6,4,11,4,9.59,3.42
1969-04-12,19.04,1.0,10.5,3.0,1.0,4,12,5,17.62,7.87
1969-04-13,9.96,2.1,11.5,2.5,-1.5,4,13,6,19.04,13.75
1969-04-14,14.5,2.9,14.7,4.2,-1.6,4,14,0,9.96,6.38
1969-04-15,17.16,0.0,12.1,8.6,9.5,4,15,1,14.5,5.04
1969-04-16,9.87,0.0,12.5,4.0,1.0,4,16,2,17.16,14.37
1969-04-17,3.71,0.0,10.6,3.1,-0.8,4,17,3,9.87,9.59
1969-04-18,8.67,0.0,12.1,2.0,-2.0,4,18,4,3.71,17.62
1969-04-19,6.92,0.0,9.2,6.7,4.5,4,19,5,8.67,19.04
1969-04-20,7.41,2.0,11.1,1.2,-2.7,4,20,6,6.92,9.96
1969-04-21,12.83,14.5,8.6,5.5,5.5,4,21,0,7.41,14.5
1969-04-22,12.71,0.0,8.5,3.4,-0.1,4,22,1,12.83,17.16
1969-04-23,8.67,8.5,14.4,4.8,2.73654650788542,4,23,2,12.71,9.87
1969-04-24,9.25,2.0,13.8,7.4,4.0,4,24,3,8.67,3.71
1969-04-25,14.29,0.6,14.8,7.8,6.0,4,25,4,9.25,8.67
1969-04-26,4.17,6.7,13.5,5.8,1.0,4,26,5,14.29,6.92
1969-04-27,10.25,1.0,10.4,4.5,1.8,4,27,6,4.17,7.41
1969-04-28,6.17,0.0,10.4,2.3,-0.6,4,28,0,10.25,12.83
1969-04-29,4.71,0.0,10.3,2.0,-3.0,4,29,1,6.17,12.71
1969-04-30,3.33,0.0,12.1,4.5,-0.6,4,30,2,4.71,8.67
1969-05-01,4.08,0.0,11.0,4.5,0.0,5,1,3,3.33,9.25
1969-05-02,11.38,14.0,10.0,7.4,2.4,5,2,4,4.08,14.29
1969-05-03,5.71,4.2,11.8,6.8,6.4,5,3,5,11.38,4.17
1969-05-04,4.08,0.0,12.8,7.5,6.8,5,4,6,5.71,10.25
1969-05-05,2.83,7.8,13.6,7.7,-1.0,5,5,0,4.08,6.17
1969-05-06,2.04,2.3,9.0,7.4,6.9,5,6,1,2.83,4.71
1969-05-07,4.71,8.4,13.339123131194354,6.411677966101696,2.73654650788542,5,7,2,2.04,3.33
1969-05-08,6.87,3.0,16.2,5.7,2.5,5,8,3,4.71,4.08
1969-05-09,9.42,6.0,15.7,8.0,5.1,5,9,4,6.87,11.38
1969-05-10,8.58,5.3,19.6,9.1,6.3,5,10,5,9.42,5.71
1969-05-11,2.29,2.5,13.339123131194354,6.411677966101696,2.73654650788542,5,11,6,8.58,4.08
1969-05-12,5.66,0.0,13.339123131194354,6.411677966101696,2.73654650788542,5,12,0,2.29,2.83
1969-05-13,5.46,6.5,13.339123131194354,6.411677966101696,2.73654650788542,5,13,1,5.66,2.04
1969-05-14,7.54,3.9,17.4,9.8,7.0,5,14,2,5.46,4.71
1969-05-15,4.21,2.3,14.4,7.0,1.0,5,15,3,7.54,6.87
1969-05-16,10.29,0.6,16.8,7.0,2.8,5,16,4,4.21,9.42
1969-05-17,6.71,0.8,16.0,8.0,5.5,5,17,5,10.29,8.58
1969-05-18,12.46,0.0,13.2,4.5,1.2,5,18,6,6.71,2.29
1969-05-19,3.92,0.0,11.6,2.1,-3.1,5,19,0,12.46,5.66
1969-05-20,1.96,1.5,12.8,6.5,1.0,5,20,1,3.92,5.46
1969-05-21,4.17,0.0,16.5,9.0,3.5,5,21,2,1.96,7.54
1969-05-22,3.25,0.4,14.0,5.6,-0.8,5,22,3,4.17,4.21
1969-05-23,7.96,4.8,15.2,9.4,7.3,5,23,4,3.25,10.29
1969-05-24,9.96,1.4,15.9,10.1,9.0,5,24,5,7.96,6.71
1969-05-25,7.12,18.0,16.0,9.8,7.0,5,25,6,9.96,12.46
1969-05-26,5.17,4.2,14.0,6.8,6.0,5,26,0,7.12,3.92
1969-05-27,7.62,0.4,13.339123131194354,6.411677966101696,2.73654650788542,5,27,1,5.17,1.96
1969-05-28,6.79,3.0,15.4,8.6,6.6,5,28,2,7.62,4.17
1969-05-29,8.29,8.4,12.5,8.7,5.6,5,29,3,6.79,3.25
1969-05-30,8.42,0.9,13.339123131194354,6.411677966101696,2.73654650788542,5,30,4,8.29,7.96
1969-05-31,6.63,0.0,16.5,6.6,4.6,5,31,5,8.42,9.96
1969-06-01,4.71,0.1,16.5,4.8,2.2,6,1,6,6.63,7.12
1969-06-02,9.62,0.7,16.8,9.0,6.0,6,2,0,4.71,5.17
1969-06-03,8.58,2.8,17.4,12.2,11.6,6,3,1,9.62,7.62
1969-06-04,3.42,0.0,13.6,6.0,3.6,6,4,2,8.58,6.79
1969-06-05,2.96,0.0,13.8,3.2,0.0,6,5,3,3.42,8.29
1969-06-06,0.21,0.0,16.0,3.0,1.8,6,6,4,2.96,8.42
1969-06-07,4.42,0.0,16.3,8.5,8.5,6,7,5,0.21,6.63
1969-06-08,2.88,0.0,18.4,7.1,3.3,6,8,6,4.42,4.71
1969-06-09,3.75,0.0,18.6,8.2,5.4,6,9,0,2.88,9.62
1969-06-10,6.5,0.0,19.8,11.0,11.0,6,10,1,3.75,8.58
1969-06-11,3.29,0.0,19.5,8.2,4.4,6,11,2,6.5,3.42
1969-06-12,2.92,0.0,20.8,8.6,5.2,6,12,3,3.29,2.96
1969-06-13,3.79,0.0,19.8,11.4,8.5,6,13,4,2.92,0.21
1969-06-14,4.63,0.0,17.5,13.0,11.5,6,14,5,3.79,4.42
1969-06-15,10.46,4.5,17.5,12.8,10.0,6,15,6,4.63,2.88
1969-06-16,10.37,5.4,17.9,11.7,10.4,6,16,0,10.46,3.75
1969-06-17,11.29,0.3,18.5,11.3,8.5,6,17,1,10.37,6.5
1969-06-18,8.29,6.2,16.9,10.6,7.8,6,18,2,11.29,3.29
1969-06-19,13.42,12.9,15.9,10.5,8.7,6,19,3,8.29,2.92
1969-06-20,11.04,0.0,16.1,10.4,9.1,6,20,4,13.42,3.79
1969-06-21,9.38,1.0,16.9,6.0,0.3,6,21,5,11.04,4.63
1969-06-22,4.17,24.2,15.7,9.9,5.8,6,22,6,9.38,10.46
1969-06-23,3.63,1.5,14.8,7.6,2.5,6,23,0,4.17,10.37
1969-06-24,7.0,0.0,19.6,7.6,3.0,6,24,1,3.63,11.29
1969-06-25,5.71,1.3,21.2,8.2,4.0,6,25,2,7.0,8.29
1969-06-26,9.83,3.5,21.2,12.9,10.2,6,26,3,5.71,13.42
1969-06-27,9.54,0.0,18.4,8.4,3.5,6,27,4,9.83,11.04
1969-06-28,5.37,0.0,18.0,8.4,3.8,6,28,5,9.54,9.38
1969-06-29,5.96,0.0,20.0,11.2,6.2,6,29,6,5.37,4.17
1969-06-30,6.25,0.0,21.0,11.5,7.6,6,30,0,5.96,3.63
1969-07-01,7.92,0.0,21.4,16.2,13.4,7,1,1,6.25,7.0
1969-07-02,6.0,0.1,19.6,14.0,11.7,7,2,2,7.92,5.71
1969-07-03,4.21,0.0,18.8,8.5,4.2,7,3,3,6.0,9.83
1969-07-04,12.96,0.0,19.2,10.2,6.2,7,4,4,4.21,9.54
1969-07-05,9.17,0.0,17.0,10.0,3.0,7,5,5,12.96,5.37
1969-07-06,7.08,0.5,17.3,10.0,5.5,7,6,6,9.17,5.96
1969-07-07,12.21,3.1,16.8,8.0,5.0,7,7,0,7.08,6.25
1969-07-08,8.17,0.6,17.5,7.9,4.5,7,8,1,12.21,7.92
1969-07-09,7.62,0.0,18.6,7.9,7.5,7,9,2,8.17,6.0
1969-07-10,12.38,0.0,24.4,12.6,11.2,7,10,3,7.62,4.21
1969-07-11,13.92,0.0,23.3,14.4,13.0,7,11,4,12.38,12.96
1969-07-12,8.92,0.0,22.0,14.4,13.0,7,12,5,13.92,9.17
1969-07-13,6.67,0.0,20.1,13.6,11.4,7,13,6,8.92,7.08
1969-07-14,2.42,0.0,23.0,13.8,12.2,7,14,0,6.67,12.21
1969-07-15,3.71,0.0,22.2,11.8,6.8,7,15,1,2.42,8.17
1969-07-16,9.0,0.0,21.6,15.4,11.2,7,16,2,3.71,7.62
1969-07-17,7.87,0.0,18.8,10.6,6.8,7,17,3,9.0,12.38
1969-07-18,12.25,1.0,19.6,12.5,7.0,7,18,4,7.87,13.92
1969-07-19,16.25,0.0,23.3,12.5,2.73654650788542,7,19,5,12.25,8.92
1969-07-20,9.59,0.0,21.4,17.0,14.4,7,20,6,16.25,6.67
1969-07-21,8.0,0.0,26.0,16.0,11.0,7,21,0,9.59,2.42
1969-07-22,10.71,0.6,23.0,18.0,15.0,7,22,1,8.0,3.71
1969-07-23,3.5,0.3,20.5,14.0,13.0,7,23,2,10.71,9.0
1969-07-24,2.71,0.0,19.6,12.0,10.6,7,24,3,3.5,7.87
1969-07-25,7.96,23.8,22.5,9.8,3.8,7,25,4,2.71,12.25
1969-07-26,1.5,1.0,19.8,13.5,12.5,7,26,5,7.96,16.25
1969-07-27,4.71,0.0,20.3,10.8,6.8,7,27,6,1.5,9.59
1969-07-28,3.42,4.7,16.3,13.5,11.0,7,28,0,4.71,8.0
1969-07-29,8.42,0.0,18.7,8.4,5.3,7,29,1,3.42,10.71
1969-07-30,7.21,0.0,20.3,8.0,2.0,7,30,2,8.42,3.5
1969-07-31,7.04,0.0,21.4,13.5,9.3,7,31,3,7.21,2.71
1969-08-01,2.5,6.8,19.2,13.8,2.73654650788542,8,1,4,7.04,7.96
1969-08-02,6.63,0.0,19.8,12.7,2.73654650788542,8,2,5,2.5,1.5
1969-08-03,8.0,0.0,19.8,6.5,2.73654650788542,8,3,6,6.63,4.71
1969-08-04,9.59,0.0,22.4,8.4,2.73654650788542,8,4,0,8.0,3.42
1969-08-05,7.12,0.0,20.5,7.8,2.73654650788542,8,5,1,9.59,8.42
1969-08-06,5.63,0.0,19.5,4.2,2.73654650788542,8,6,2,7.12,7.21
1969-08-07,8.21,0.0,22.6,8.5,2.73654650788542,8,7,3,5.63,7.04
1969-08-08,5.58,2.0,25.0,12.0,2.73654650788542,8,8,4,8.21,2.5
1969-08-09,1.54,0.0,21.2,9.8,2.73654650788542,8,9,5,5.58,6.63
1969-08-10,5.5,0.0,20.0,7.0,2.73654650788542,8,10,6,1.54,8.0
1969-08-11,6.17,2.2,19.7,10.2,2.73654650788542,8,11,0,5.5,9.59
1969-08-12,7.21,11.1,15.9,7.2,2.73654650788542,8,12,1,6.17,7.12
1969-08-13,2.79,0.0,17.5,9.0,2.73654650788542,8,13,2,7.21,5.63
1969-08-14,2.42,0.0,17.5,8.5,2.73654650788542,8,14,3,2.79,8.21
1969-08-15,0.71,0.0,19.2,8.0,2.73654650788542,8,15,4,2.42,5.58
1969-08-16,3.5,0.0,19.8,9.2,2.73654650788542,8,16,5,0.71,1.54
1969-08-17,3.96,0.0,22.5,5.5,2.73654650788542,8,17,6,3.5,5.5
1969-08-18,4.92,0.0,22.0,11.9,2.73654650788542,8,18,0,3.96,6.17
1969-08-19,10.08,0.1,19.7,8.3,2.73654650788542,8,19,1,4.92,7.21
1969-08-20,13.59,5.8,18.0,6.5,2.73654650788542,8,20,2,10.08,2.79
1969-08-21,10.21,0.0,19.2,6.4,2.73654650788542,8,21,3,13.59,2.42
1969-08-22,10.79,2.7,15.9,4.6,2.73654650788542,8,22,4,10.21,0.71
1969-08-23,9.54,0.0,18.1,4.7,2.73654650788542,8,23,5,10.79,3.5
1969-08-24,7.87,4.9,16.1,2.5,2.73654650788542,8,24,6,9.54,3.96
1969-08-25,12.17,1.2,18.2,7.0,2.73654650788542,8,25,0,7.87,4.92
1969-08-26,15.79,0.0,19.0,8.0,2.73654650788542,8,26,1,12.17,10.08
1969-08-27,13.0,0.0,18.6,7.4,2.73654650788542,8,27,2,15.79,13.59
1969-08-28,8.92,2.0,16.1,8.1,2.73654650788542,8,28,3,13.0,10.21
1969-08-29,5.91,0.0,19.5,3.1,2.73654650788542,8,29,4,8.92,10.79
1969-08-30,5.21,0.0,19.6,4.0,2.73654650788542,8,30,5,5.91,9.54
1969-08-31,4.12,0.0,16.8,8.2,2.73654650788542,8,31,6,5.21,7.87
1969-09-01,6.34,0.0,15.0,2.6,2.73654650788542,9,1,0,4.12,12.17
1969-09-02,2.08,0.0,18.2,4.0,2.73654650788542,9,2,1,6.34,15.79
1969-09-03,3.83,0.0,17.8,2.2,2.73654650788542,9,3,2,2.08,13.0
1969-09-04,3.5,0.0,16.8,5.2,2.73654650788542,9,4,3,3.83,8.92
1969-09-05,4.92,0.0,17.5,8.8,2.73654650788542,9,5,4,3.5,5.91
1969-09-06,2.17,0.0,16.0,8.3,2.73654650788542,9,6,5,4.92,5.21
1969-09-07,2.42,0.0,18.0,2.7,2.73654650788542,9,7,6,2.17,4.12
1969-09-08,4.0,0.0,18.5,9.0,2.73654650788542,9,8,0,2.42,6.34
1969-09-09,10.04,27.9,20.5,4.5,2.73654650788542,9,9,1,4.0,2.08
1969-09-10,5.25,7.1,16.0,7.4,2.73654650788542,9,10,2,10.04,3.83
1969-09-11,6.83,0.1,15.0,6.7,2.73654650788542,9,11,3,5.25,3.5
1969-09-12,1.92,0.0,18.0,0.1,2.73654650788542,9,12,4,6.83,4.92
1969-09-13,3.25,0.0,16.5,4.9,2.73654650788542,9,13,5,1.92,2.17
1969-09-14,9.21,1.5,14.5,5.4,2.73654650788542,9,14,6,3.25,2.42
1969-09-15,6.92,0.8,15.4,8.2,2.73654650788542,9,15,0,9.21,4.0
1969-09-16,7.71,0.2,14.8,8.6,2.73654650788542,9,16,1,6.92,10.04
1969-09-17,3.75,0.8,16.4,8.4,2.73654650788542,9,17,2,7.71,5.25
1969-09-18,3.79,0.0,19.0,5.8,2.73654650788542,9,18,3,3.75,6.83
1969-09-19,3.54,0.0,17.6,2.8,2.73654650788542,9,19,4,3.79,1.92
1969-09-20,10.5,2.7,18.0,2.6,2.73654650788542,9,20,5,3.54,3.25
1969-09-21,16.17,1.0,21.2,9.6,2.73654650788542,9,21,6,10.5,9.21
1969-09-22,7.38,0.4,17.7,3.2,2.73654650788542,9,22,0,16.17,6.92
1969-09-23,10.37,0.0,21.4,2.5,2.73654650788542,9,23,1,7.38,7.71
1969-09-24,10.13,0.0,19.0,10.5,2.73654650788542,9,24,2,10.37,3.75
1969-09-25,9.96,0.0,17.4,1.2,2.73654650788542,9,25,3,10.13,3.79
1969-09-26,17.12,2.0,17.2,7.0,2.73654650788542,9,26,4,9.96,3.54
1969-09-27,6.46,0.0,15.5,2.3,2.73654650788542,9,27,5,17.12,10.5
1969-09-28,16.92,1.1,16.5,4.0,2.73654650788542,9,28,6,6.46,16.17
1969-09-29,5.75,0.0,14.0,-3.0,2.73654650788542,9,29,0,16.92,7.38
1969-09-30,11.38,0.1,14.1,2.3,2.73654650788542,9,30,1,5.75,10.37
1969-10-01,7.33,0.6,15.4,6.411677966101696,2.73654650788542,10,1,2,11.38,10.13
1969-10-02,16.42,1.8,17.8,6.411677966101696,2.73654650788542,10,2,3,7.33,9.96
1969-10-03,7.38,0.0,16.1,6.411677966101696,2.73654650788542,10,3,4,16.42,17.12
1969-10-04,8.08,0.0,18.5,6.411677966101696,2.73654650788542,10,4,5,7.38,6.46
1969-10-05,7.25,0.4,17.5,6.411677966101696,2.73654650788542,10,5,6,8.08,16.92
1969-10-06,8.04,0.7,17.4,6.411677966101696,2.73654650788542,10,6,0,7.25,5.75
1969-10-07,10.79,0.2,17.4,6.411677966101696,2.73654650788542,10,7,1,8.04,11.38
1969-10-08,14.0,0.0,21.2,6.411677966101696,2.73654650788542,10,8,2,10.79,7.33
1969-10-09,4.25,0.0,20.2,6.411677966101696,2.73654650788542,10,9,3,14.0,16.42
1969-10-10,1.17,0.0,20.5,6.411677966101696,2.73654650788542,10,10,4,4.25,7.38
1969-10-11,3.58,0.0,17.8,6.411677966101696,2.73654650788542,10,11,5,1.17,8.08
1969-10-12,10.63,0.2,16.2,6.411677966101696,2.73654650788542,10,12,6,3.58,7.25
1969-10-13,11.92,3.8,18.6,6.411677966101696,2.73654650788542,10,13,0,10.63,8.04
1969-10-14,11.5,0.0,16.9,6.411677966101696,2.73654650788542,10,14,1,11.92,10.79
1969-10-15,16.13,0.0,18.3,6.411677966101696,2.73654650788542,10,15,2,11.5,14.0
1969-10-16,9.87,0.0,18.0,6.411677966101696,2.73654650788542,10,16,3,16.13,4.25
1969-10-17,14.37,0.0,16.6,6.411677966101696,2.73654650788542,10,17,4,9.87,1.17
1969-10-18,4.33,0.0,16.6,6.411677966101696,2.73654650788542,10,18,5,14.37,3.58
1969-10-19,1.04,0.1,16.5,6.411677966101696,2.73654650788542,10,19,6,4.33,10.63
1969-10-20,1.38,0.0,12.6,6.411677966101696,2.73654650788542,10,20,0,1.04,11.92
1969-10-21,1.5,0.0,14.7,6.411677966101696,2.73654650788542,10,21,1,1.38,11.5
1969-10-22,3.33,0.6,16.1,6.411677966101696,2.73654650788542,10,22,2,1.5,16.13
1969-10-23,13.88,1.3,16.1,6.411677966101696,2.73654650788542,10,23,3,3.33,9.87
1969-10-24,13.42,1.7,15.0,6.411677966101696,2.73654650788542,10,24,4,13.88,14.37
1969-10-25,12.54,0.3,15.9,8.5,2.73654650788542,10,25,5,13.42,4.33
1969-10-26,9.29,0.0,16.4,14.3,2.73654650788542,10,26,6,12.54,1.04
1969-10-27,4.04,0.0,15.5,12.4,2.73654650788542,10,27,0,9.29,1.38
1969-10-28,8.25,0.1,16.0,12.5,2.73654650788542,10,28,1,4.04,1.5
1969-10-29,7.46,0.0,11.8,3.5,2.73654650788542,10,29,2,8.25,3.33
1969-10-30,11.58,0.0,13.2,5.0,2.73654650788542,10,30,3,7.46,13.88
1969-10-31,8.25,0.0,12.4,7.4,2.73654650788542,10,31,4,11.58,13.42
1969-11-01,13.37,0.0,15.6,8.2,0.2,11,1,5,8.25,12.54
1969-11-02,19.41,10.0,17.5,12.0,11.0,11,2,6,13.37,9.29
1969-11-03,4.75,20.5,9.5,9.0,8.0,11,3,0,19.41,4.04
1969-11-04,10.0,0.1,7.4,2.6,-1.7,11,4,1,4.75,8.25
1969-11-05,9.67,0.0,10.0,-0.2,-8.0,11,5,2,10.0,7.46
1969-11-06,2.88,0.0,12.8,0.5,-7.0,11,6,3,9.67,11.58
1969-11-07,11.29,1.2,10.0,-1.5,-9.0,11,7,4,2.88,8.25
1969-11-08,18.16,3.0,8.4,-0.6,-0.8,11,8,5,11.29,13.37
1969-11-09,10.71,4.6,7.0,4.4,-1.0,11,9,6,18.16,19.41
1969-11-10,12.87,3.8,8.8,2.6,-1.5,11,10,0,10.71,4.75
1969-11-11,5.79,15.0,6.0,5.5,0.5,11,11,1,12.87,10.0
1969-11-12,7.04,0.0,5.5,0.0,-5.0,11,12,2,5.79,9.67
1969-11-13,5.41,0.0,6.3,0.4,-5.9,11,13,3,7.04,2.88
1969-11-14,4.29,1.2,3.6,-2.6,-9.7,11,14,4,5.41,11.29
1969-11-15,9.79,0.7,6.6,-1.0,-4.3,11,15,5,4.29,18.16
1969-11-16,11.96,0.8,6.5,-0.1,-6.6,11,16,6,9.79,10.71
1969-11-17,10.25,0.0,8.8,-0.8,-6.5,11,17,0,11.96,12.87
1969-11-18,16.25,0.0,12.6,0.0,-1.2,11,18,1,10.25,5.79
1969-11-19,19.25,0.8,12.2,8.5,6.2,11,19,2,16.25,7.04
1969-11-20,11.96,0.2,9.0,4.4,-0.4,11,20,3,19.25,5.41
1969-11-21,2.96,15.4,7.0,3.0,-0.7,11,21,4,11.96,4.29
1969-11-22,2.58,0.0,8.4,-0.4,-4.6,11,22,5,2.96,9.79
1969-11-23,14.96,0.0,8.4,1.8,-2.0,11,23,6,2.58,11.96
1969-11-24,8.92,1.1,6.2,-0.1,-4.5,11,24,0,14.96,10.25
1969-11-25,9.5,0.0,6.0,-0.5,-6.5,11,25,1,8.92,16.25
1969-11-26,8.21,0.3,6.0,-2.6,-10.5,11,26,2,9.5,19.25
1969-11-27,13.17,0.5,8.0,-1.0,-1.2,11,27,3,8.21,11.96
1969-11-28,12.38,0.0,2.5,-0.6,-6.5,11,28,4,13.17,2.96
1969-11-29,9.5,0.1,3.8,-2.5,-7.4,11,29,5,12.38,2.58
1969-11-30,7.71,1.4,8.0,-0.5,-3.5,11,30,6,9.5,14.96
1969-12-01,8.96,0.0,8.9,3.6,-2.0,12,1,0,7.71,8.92
1969-12-02,12.87,5.9,10.9,6.0,0.5,12,2,1,8.96,9.5
1969-12-03,12.21,0.7,8.8,8.0,5.0,12,3,2,12.87,8.21
1969-12-04,7.21,0.0,4.1,-0.1,-5.4,12,4,3,12.21,13.17
1969-12-05,8.0,0.9,8.7,-1.1,-7.9,12,5,4,7.21,12.38
1969-12-06,11.04,0.2,10.2,0.2,2.73654650788542,12,6,5,8.0,9.5
1969-12-07,15.54,0.2,11.5,2.5,-3.6,12,7,6,11.04,7.71
1969-12-08,7.25,0.0,10.6,9.0,6.8,12,8,0,15.54,8.96
1969-12-09,5.5,0.0,9.6,6.0,-1.4,12,9,1,7.25,12.87
1969-12-10,7.5,1.5,10.5,5.8,2.4,12,10,2,5.5,12.21
1969-12-11,5.66,0.3,5.1,-0.7,-8.3,12,11,3,7.5,7.21
1969-12-12,2.88,0.1,4.8,-4.5,-10.0,12,12,4,5.66,8.0
1969-12-13,11.34,4.4,9.0,-5.8,-10.8,12,13,5,2.88,11.04
1969-12-14,14.92,0.0,8.5,4.8,3.0,12,14,6,11.34,15.54
1969-12-15,12.92,0.0,5.0,1.9,-1.6,12,15,0,14.92,7.25
1969-12-16,7.12,5.2,5.8,-3.0,-10.4,12,16,1,12.92,5.5
1969-12-17,17.67,7.1,5.5,-3.0,-4.0,12,17,2,7.12,7.5
1969-12-18,10.13,7.6,6.3,1.5,2.73654650788542,12,18,3,17.67,5.66
1969-12-19,11.79,0.0,9.8,2.8,1.6,12,19,4,10.13,2.88
1969-12-20,8.75,11.1,12.3,0.6,-5.5,12,20,5,11.79,11.34
1969-12-21,14.46,4.6,14.2,1.0,2.73654650788542,12,21,6,8.75,14.92
1969-12-22,13.33,0.9,9.4,5.1,0.5,12,22,0,14.46,12.92
1969-12-23,10.5,0.2,10.9,5.1,-0.9,12,23,1,13.33,7.12
1969-12-24,4.96,0.0,7.5,5.2,-0.9,12,24,2,10.5,17.67
1969-12-25,6.21,2.3,5.3,0.5,-4.7,12,25,3,4.96,10.13
1969-12-26,5.25,0.0,3.3,-0.9,-6.5,12,26,4,6.21,11.79
1969-12-27,3.04,0.0,4.8,-1.4,-8.2,12,27,5,5.25,8.75
1969-12-28,9.71,0.0,5.6,-4.5,-11.1,12,28,6,3.04,14.46
1969-12-29,14.29,0.0,4.8,1.5,0.0,12,29,0,9.71,13.33
1969-12-30,16.79,0.0,5.5,0.5,0.0,12,30,1,14.29,10.5
1969-12-31,14.58,0.0,4.0,3.0,0.2,12,31,2,16.79,4.96
1970-01-01,9.0,0.3,5.6,1.0,-1.5,1,1,3,14.58,6.21
1970-01-02,8.58,0.3,6.8,1.2,1.2,1,2,4,9.0,5.25
1970-01-03,5.13,2.0,1.1,-1.5,-6.0,1,3,5,8.58,3.04
1970-01-04,8.92,0.1,0.8,-6.0,-12.0,1,4,6,5.13,9.71
1970-01-05,12.33,0.5,2.5,-6.1,-11.5,1,5,0,8.92,14.29
1970-01-06,10.34,0.0,2.2,-3.2,-8.0,1,6,1,12.33,16.79
1970-01-07,8.58,0.3,4.6,-8.0,-13.5,1,7,2,10.34,14.58
1970-01-08,19.08,3.1,8.0,-8.0,2.73654650788542,1,8,3,8.58,9.0
1970-01-09,13.54,6.4,8.8,2.4,0.5,1,9,4,19.08,8.58
1970-01-10,4.63,2.7,8.8,4.4,-2.5,1,10,5,13.54,5.13
1970-01-11,5.5,7.8,7.5,2.4,-2.2,1,11,6,4.63,8.92
1970-01-12,6.13,3.3,7.0,5.5,5.0,1,12,0,5.5,12.33
1970-01-13,11.29,8.7,9.3,-2.8,-9.6,1,13,1,6.13,10.34
1970-01-14,9.62,1.1,9.2,5.9,3.8,1,14,2,11.29,8.58
1970-01-15,6.0,1.0,8.2,5.6,1.1,1,15,3,9.62,19.08
1970-01-16,3.83,1.3,7.5,4.9,4.8,1,16,4,6.0,13.54
1970-01-17,16.54,6.0,11.3,4.6,-1.0,1,17,5,3.83,4.63
1970-01-18,12.87,0.1,12.0,6.0,5.3,1,18,6,16.54,5.5
1970-01-19,16.79,1.3,10.6,3.0,-5.5,1,19,0,12.87,6.13
1970-01-20,9.96,0.6,12.2,6.5,-1.0,1,20,1,16.79,11.29
1970-01-21,13.33,0.5,12.7,7.0,8.0,1,21,2,9.96,9.62
1970-01-22,8.54,4.1,12.8,4.5,-1.8,1,22,3,13.33,6.0
1970-01-23,11.29,0.4,8.5,5.4,3.5,1,23,4,8.54,3.83
1970-01-24,11.08,2.6,9.8,2.5,-2.1,1,24,5,11.29,16.54
1970-01-25,2.25,0.3,12.0,2.8,-2.6,1,25,6,11.08,12.87
1970-01-26,7.04,0.1,8.6,2.5,-2.8,1,26,0,2.25,16.79
1970-01-27,5.17,0.2,7.5,-1.2,-8.0,1,27,1,7.04,9.96
1970-01-28,13.75,0.0,8.0,-1.5,-1.0,1,28,2,5.17,13.33
1970-01-29,10.83,1.0,7.1,5.7,4.5,1,29,3,13.75,8.54
1970-01-30,5.66,0.0,6.3,5.6,5.0,1,30,4,10.83,11.29
1970-01-31,17.54,1.5,10.4,5.1,2.6,1,31,5,5.66,11.08
1970-02-01,18.25,3.0,11.2,5.0,5.0,2,1,6,17.54,2.25
1970-02-02,13.96,3.4,8.0,5.5,2.0,2,2,0,18.25,7.04
1970-02-03,14.29,7.3,8.4,3.0,-0.9,2,3,1,13.96,5.17
1970-02-04,5.63,0.0,4.3,0.6,-4.9,2,4,2,14.29,13.75
1970-02-05,5.33,0.0,6.4,-2.3,-9.0,2,5,3,5.63,10.83
1970-02-06,7.17,0.6,5.7,-3.3,-11.2,2,6,4,5.33,5.66
1970-02-07,17.54,0.0,6.8,-2.0,2.73654650788542,2,7,5,7.17,17.54
1970-02-08,15.5,3.2,6.5,2.6,-0.6,2,8,6,17.54,18.25
1970-02-09,17.0,2.6,4.5,1.2,-2.0,2,9,0,15.5,13.96
1970-02-10,10.83,0.1,6.2,0.8,-1.8,2,10,1,17.0,14.29
1970-02-11,6.5,0.2,5.4,-2.4,-7.8,2,11,2,10.83,5.63
1970-02-12,10.13,1.1,4.0,0.2,0.1,2,12,3,6.5,5.33
1970-02-13,8.75,1.6,3.8,-4.0,-6.0,2,13,4,10.13,7.17
1970-02-14,5.91,0.4,3.8,-2.2,-7.5,2,14,5,8.75,17.54
1970-02-15,5.41,0.2,2.8,-1.2,-6.0,2,15,6,5.91,15.5
1970-02-16,7.67,9.2,4.0,-0.7,-6.0,2,16,0,5.41,17.0
1970-02-17,15.79,0.8,5.7,0.5,-0.8,2,17,1,7.67,10.83
1970-02-18,13.5,2.8,8.5,0.9,-3.0,2,18,2,15.79,6.5
1970-02-19,16.54,3.5,11.6,2.6,1.0,2,19,3,13.5,10.13
1970-02-20,17.04,6.0,10.8,1.8,-1.5,2,20,4,16.54,8.75
1970-02-21,21.96,6.8,11.5,2.9,2.73654650788542,2,21,5,17.04,5.91
1970-02-22,16.88,3.4,8.5,6.6,4.4,2,22,6,21.96,5.41
1970-02-23,15.29,0.1,8.9,2.4,0.2,2,23,0,16.88,7.67
1970-02-24,15.29,1.8,7.6,1.6,-3.4,2,24,1,15.29,15.79
1970-02-25,10.88,0.0,7.3,1.0,-1.5,2,25,2,15.29,13.5
1970-02-26,4.33,0.0,7.3,-0.4,-6.2,2,26,3,10.88,16.54
1970-02-27,7.67,1.3,5.9,-3.4,-10.4,2,27,4,4.33,17.04
1970-02-28,6.42,0.0,6.1,2.4,-1.5,2,28,5,7.67,21.96
1970-03-01,14.62,0.9,10.5,-1.4,-9.3,3,1,6,6.42,16.88
1970-03-02,10.63,0.2,5.8,3.4,0.3,3,2,0,14.62,15.29
1970-03-03,10.25,3.9,6.2,-2.0,-6.9,3,3,1,10.63,15.29
1970-03-04,13.62,0.0,5.5,-0.3,-1.2,3,4,2,10.25,10.88
1970-03-05,8.83,0.0,3.8,-1.9,-7.0,3,5,3,13.62,4.33
1970-03-06,8.5,0.0,7.0,-0.8,-7.8,3,6,4,8.83,7.67
1970-03-07,10.29,0.0,4.8,-1.8,-6.8,3,7,5,8.5,6.42
1970-03-08,11.21,1.3,6.8,1.0,-1.5,3,8,6,10.29,14.62
1970-03-09,7.25,0.9,6.6,1.4,-2.6,3,9,0,11.21,10.63
1970-03-10,10.08,7.4,6.2,-1.0,-6.0,3,10,1,7.25,10.25
1970-03-11,16.88,5.8,7.5,1.0,-0.1,3,11,2,10.08,13.62
1970-03-12,14.37,2.3,5.6,1.5,-0.2,3,12,3,16.88,8.83
1970-03-13,16.75,0.0,6.0,2.4,0.0,3,13,4,14.37,8.5
1970-03-14,7.29,0.0,8.4,2.1,-3.5,3,14,5,16.75,10.29
1970-03-15,8.33,0.0,10.2,3.0,-1.0,3,15,6,7.29,11.21
1970-03-16,14.92,0.5,11.5,4.7,1.1,3,16,0,8.33,7.25
1970-03-17,22.04,0.1,14.0,5.0,2.73654650788542,3,17,1,14.92,10.08
1970-03-18,19.7,0.4,8.5,2.0,0.5,3,18,2,22.04,16.88
1970-03-19,12.25,0.3,10.5,1.5,-2.5,3,19,3,19.7,14.37
1970-03-20,15.29,0.0,14.6,5.4,2.73654650788542,3,20,4,12.25,16.75
1970-03-21,7.38,6.8,9.3,7.4,4.6,3,21,5,15.29,7.29
1970-03-22,5.25,0.3,10.5,-1.0,-7.1,3,22,6,7.38,8.33
1970-03-23,11.34,1.3,8.8,4.4,-1.4,3,23,0,5.25,14.92
1970-03-24,8.17,0.0,6.8,2.8,-1.8,3,24,1,11.34,22.04
1970-03-25,4.25,0.2,9.8,-3.0,-9.0,3,25,2,8.17,19.7
1970-03-26,11.58,0.2,9.8,-0.4,-2.6,3,26,3,4.25,12.25
1970-03-27,11.92,0.0,7.5,-0.9,-6.7,3,27,4,11.58,15.29
1970-03-28,13.46,0.0,12.1,3.2,-0.6,3,28,5,11.92,7.38
1970-03-29,16.38,1.3,11.8,5.4,1.4,3,29,6,13.46,5.25
1970-03-30,19.0,2.0,10.7,5.5,2.1,3,30,0,16.38,11.34
1970-03-31,15.16,0.2,8.8,3.2,-0.6,3,31,1,19.0,8.17
1970-04-01,13.08,0.2,6.8,-2.0,-7.0,4,1,2,15.16,4.25
1970-04-02,10.83,0.0,9.7,-0.6,-7.0,4,2,3,13.08,11.58
1970-04-03,12.04,0.0,10.7,2.4,-3.0,4,3,4,10.83,11.92
1970-04-04,11.34,0.5,12.3,3.1,-2.2,4,4,5,12.04,13.46
1970-04-05,14.25,2.5,11.0,4.5,-1.2,4,5,6,11.34,16.38
1970-04-06,14.42,0.0,8.8,3.1,-0.6,4,6,0,14.25,19.0
1970-04-07,8.0,0.5,8.5,-0.5,-7.3,4,7,1,14.42,15.16
1970-04-08,7.46,0.5,8.2,0.1,-5.7,4,8,2,8.0,13.08
1970-04-09,8.92,0.0,8.9,0.4,-4.5,4,9,3,7.46,10.83
1970-04-10,6.25,8.6,8.4,1.4,-1.4,4,10,4,8.92,12.04
1970-04-11,3.96,11.7,6.9,2.2,1.5,4,11,5,6.25,11.34
1970-04-12,14.58,15.6,5.8,3.4,1.6,4,12,6,3.96,14.25
1970-04-13,4.96,0.0,10.4,-0.2,-4.4,4,13,0,14.58,14.42
1970-04-14,5.66,4.0,13.8,4.0,-0.2,4,14,1,4.96,8.0
1970-04-15,9.71,5.0,16.4,7.8,8.4,4,15,2,5.66,7.46
1970-04-16,13.17,0.1,15.0,11.4,10.1,4,16,3,9.71,8.92
1970-04-17,11.75,2.0,17.2,11.2,7.6,4,17,4,13.17,6.25
1970-04-18,11.0,3.0,14.0,6.8,3.6,4,18,5,11.75,3.96
1970-04-19,11.08,1.1,11.4,2.0,-1.8,4,19,6,11.0,14.58
1970-04-20,15.41,2.5,11.4,2.1,-1.0,4,20,0,11.08,4.96
1970-04-21,14.58,7.6,13.8,4.0,2.73654650788542,4,21,1,15.41,5.66
1970-04-22,19.55,3.2,14.5,8.0,8.1,4,22,2,14.58,9.71
1970-04-23,16.21,0.0,12.4,8.5,7.6,4,23,3,19.55,13.17
1970-04-24,6.92,15.7,12.5,0.9,-4.4,4,24,4,16.21,11.75
1970-04-25,19.41,0.1,10.5,5.0,5.5,4,25,5,6.92,11.0
1970-04-26,12.12,0.0,10.8,2.0,-3.5,4,26,6,19.41,11.08
1970-04-27,7.33,0.5,10.2,0.0,-5.9,4,27,0,12.12,15.41
1970-04-28,13.83,1.6,11.1,2.9,-1.6,4,28,1,7.33,14.58
1970-04-29,9.04,1.1,13.2,3.0,-1.9,4,29,2,13.83,19.55
1970-04-30,8.29,0.0,16.3,6.5,7.4,4,30,3,9.04,16.21
1970-05-01,12.75,0.0,18.0,10.3,6.7,5,1,4,8.29,6.92
1970-05-02,16.66,0.0,19.8,10.4,10.4,5,2,5,12.75,19.41
1970-05-03,9.71,0.0,16.5,10.1,5.7,5,3,6,16.66,12.12
1970-05-04,9.25,0.0,15.4,10.0,2.5,5,4,0,9.71,7.33
1970-05-05,6.79,0.0,15.8,9.8,8.0,5,5,1,9.25,13.83
1970-05-06,3.37,8.1,12.2,9.0,6.0,5,6,2,6.79,9.04
1970-05-07,5.91,0.6,14.2,8.1,4.8,5,7,3,3.37,8.29
1970-05-08,7.92,0.0,17.5,9.5,6.2,5,8,4,5.91,12.75
1970-05-09,12.5,0.0,11.4,8.2,7.6,5,9,5,7.92,16.66
1970-05-10,10.21,0.7,12.8,9.2,8.8,5,10,6,12.5,9.71
1970-05-11,5.75,0.0,13.8,9.0,8.8,5,11,0,10.21,9.25
1970-05-12,7.25,0.0,17.5,8.4,2.5,5,12,1,5.75,6.79
1970-05-13,2.54,0.0,17.5,5.4,-1.0,5,13,2,7.25,3.37
1970-05-14,3.25,0.0,17.0,5.9,-0.9,5,14,3,2.54,5.91
1970-05-15,3.83,0.0,16.4,8.4,2.6,5,15,4,3.25,7.92
1970-05-16,7.17,0.0,15.4,8.1,1.5,5,16,5,3.83,12.5
1970-05-17,2.79,0.0,16.6,9.3,2.2,5,17,6,7.17,10.21
1970-05-18,8.54,0.5,18.8,12.4,6.6,5,18,0,2.79,5.75
1970-05-19,12.04,0.0,16.0,9.4,9.0,5,19,1,8.54,7.25
1970-05-20,15.83,0.6,18.0,8.7,4.8,5,20,2,12.04,2.54
1970-05-21,17.37,0.2,14.8,8.5,4.6,5,21,3,15.83,3.25
1970-05-22,8.87,0.0,17.1,7.9,3.7,5,22,4,17.37,3.83
1970-05-23,8.75,0.0,18.4,9.2,5.5,5,23,5,8.87,7.17
1970-05-24,10.08,2.2,17.9,10.9,6.0,5,24,6,8.75,2.79
1970-05-25,14.17,0.0,17.6,10.0,4.2,5,25,0,10.08,8.54
1970-05-26,13.37,0.0,19.5,10.6,6.1,5,26,1,14.17,12.04
1970-05-27,6.46,0.0,20.0,10.3,4.2,5,27,2,13.37,15.83
1970-05-28,5.33,0.0,15.6,10.5,7.0,5,28,3,6.46,17.37
1970-05-29,6.04,0.0,16.6,8.5,0.0,5,29,4,5.33,8.87
1970-05-30,10.58,0.0,16.6,9.4,6.2,5,30,5,6.04,8.75
1970-05-31,13.37,0.0,21.0,12.0,8.0,5,31,6,10.58,10.08
1970-06-01,4.12,0.5,17.2,11.4,10.4,6,1,0,13.37,14.17
1970-06-02,6.5,0.0,19.6,12.2,8.4,6,2,1,4.12,13.37
1970-06-03,6.75,0.0,23.6,11.9,6.3,6,3,2,6.5,6.46
1970-06-04,11.08,0.0,19.4,11.2,3.5,6,4,3,6.75,5.33
1970-06-05,8.33,0.0,18.5,10.4,3.5,6,5,4,11.08,6.04
1970-06-06,5.91,0.0,19.0,9.8,1.7,6,6,5,8.33,10.58
1970-06-07,5.04,0.0,21.5,10.4,5.0,6,7,6,5.91,13.37
1970-06-08,3.42,0.0,21.5,11.8,6.5,6,8,0,5.04,4.12
1970-06-09,1.46,0.0,23.5,11.5,10.5,6,9,1,3.42,6.5
1970-06-10,1.63,0.0,25.3,11.4,11.4,6,10,2,1.46,6.75
1970-06-11,2.42,0.0,22.5,13.6,9.9,6,11,3,1.63,11.08
1970-06-12,2.25,0.0,18.2,13.5,10.9,6,12,4,2.42,8.33
1970-06-13,3.13,0.0,20.9,13.1,11.5,6,13,5,2.25,5.91
1970-06-14,5.21,0.0,19.4,13.0,8.4,6,14,6,3.13,5.04
1970-06-15,1.75,0.0,22.4,8.6,4.5,6,15,0,5.21,3.42
1970-06-16,9.25,0.0,16.8,10.8,8.0,6,16,1,1.75,1.46
1970-06-17,11.96,1.3,18.6,12.2,10.4,6,17,2,9.25,1.63
1970-06-18,2.0,2.3,19.5,13.5,12.5,6,18,3,11.96,2.42
1970-06-19,2.42,0.0,21.2,13.8,13.2,6,19,4,2.0,2.25
1970-06-20,7.21,0.0,19.8,14.0,12.0,6,20,5,2.42,3.13
1970-06-21,15.41,1.1,18.4,13.2,2.73654650788542,6,21,6,7.21,5.21
1970-06-22,8.92,1.6,20.0,11.4,9.6,6,22,0,15.41,1.75
1970-06-23,8.33,2.8,18.0,10.5,8.0,6,23,1,8.92,9.25
1970-06-24,14.5,0.4,19.2,13.4,13.0,6,24,2,8.33,11.96
1970-06-25,9.29,0.0,19.5,10.7,8.0,6,25,3,14.5,2.0
1970-06-26,7.83,2.2,18.0,13.0,9.0,6,26,4,9.29,2.42
1970-06-27,4.79,10.2,18.5,12.0,7.5,6,27,5,7.83,7.21
1970-06-28,13.67,1.5,17.2,12.5,11.2,6,28,6,4.79,15.41
1970-06-29,15.92,1.4,16.8,10.0,8.0,6,29,0,13.67,8.92
1970-06-30,7.87,2.2,16.0,9.8,5.0,6,30,1,15.92,8.33
1970-07-01,19.95,2.2,16.1,10.5,8.3,7,1,2,7.87,14.5
1970-07-02,18.29,0.0,16.7,10.0,7.4,7,2,3,19.95,9.29
1970-07-03,9.42,0.2,18.8,9.1,5.0,7,3,4,18.29,7.83
1970-07-04,12.12,0.3,19.5,13.8,13.0,7,4,5,9.42,4.79
1970-07-05,9.0,0.0,23.0,12.1,8.6,7,5,6,12.12,13.67
1970-07-06,7.08,0.0,22.6,15.4,13.7,7,6,0,9.0,15.92
1970-07-07,3.21,0.0,20.2,12.2,6.1,7,7,1,7.08,7.87
1970-07-08,6.34,5.4,22.0,14.9,9.4,7,8,2,3.21,19.95
1970-07-09,12.62,0.4,16.7,10.5,8.9,7,9,3,6.34,18.29
1970-07-10,10.79,3.8,18.3,9.0,5.0,7,10,4,12.62,9.42
1970-07-11,15.87,0.0,18.0,12.0,8.0,7,11,5,10.79,12.12
1970-07-12,17.5,0.0,24.0,13.4,11.9,7,12,6,15.87,9.0
1970-07-13,14.58,3.7,18.4,12.9,10.0,7,13,0,17.5,7.08
1970-07-14,12.87,0.3,16.4,9.4,8.8,7,14,1,14.58,3.21
1970-07-15,12.46,0.0,17.0,8.6,5.0,7,15,2,12.87,6.34
1970-07-16,7.41,0.0,20.0,8.7,4.1,7,16,3,12.46,12.62
1970-07-17,8.71,0.0,22.6,12.6,9.6,7,17,4,7.41,10.79
1970-07-18,11.04,2.5,21.8,13.9,12.5,7,18,5,8.71,15.87
1970-07-19,8.21,0.0,17.8,12.5,11.5,7,19,6,11.04,17.5
1970-07-20,9.33,0.5,15.5,7.6,4.0,7,20,0,8.21,14.58
1970-07-21,9.17,0.0,16.1,7.4,2.4,7,21,1,9.33,12.87
1970-07-22,5.79,5.5,19.6,5.8,-1.0,7,22,2,9.17,12.46
1970-07-23,4.58,11.1,23.2,12.3,11.6,7,23,3,5.79,7.41
1970-07-24,10.79,6.0,21.1,14.2,12.6,7,24,4,4.58,8.71
1970-07-25,10.34,7.1,19.0,9.7,6.5,7,25,5,10.79,11.04
1970-07-26,8.08,9.8,19.0,12.5,7.5,7,26,6,10.34,8.21
1970-07-27,7.79,0.3,21.2,14.5,14.0,7,27,0,8.08,9.33
1970-07-28,7.41,1.0,20.0,12.0,7.5,7,28,1,7.79,9.17
1970-07-29,6.96,0.0,18.2,10.0,5.0,7,29,2,7.41,5.79
1970-07-30,12.17,0.0,21.6,13.0,9.8,7,30,3,6.96,4.58
1970-07-31,4.67,0.1,19.8,16.0,14.8,7,31,4,12.17,10.79
1970-08-01,2.58,0.0,21.0,15.6,13.8,8,1,5,4.67,10.34
1970-08-02,2.62,0.0,21.6,15.0,14.2,8,2,6,2.58,8.08
1970-08-03,4.5,14.8,22.2,12.2,6.6,8,3,0,2.62,7.79
1970-08-04,2.25,0.1,21.5,14.8,12.6,8,4,1,4.5,7.41
1970-08-05,5.37,0.1,16.6,13.3,6.8,8,5,2,2.25,6.96
1970-08-06,3.04,0.7,16.6,14.8,11.4,8,6,3,5.37,12.17
1970-08-07,1.29,0.0,17.0,13.0,11.0,8,7,4,3.04,4.67
1970-08-08,4.46,0.0,16.6,12.8,11.1,8,8,5,1.29,2.58
1970-08-09,13.13,1.5,19.7,13.0,10.6,8,9,6,4.46,2.62
1970-08-10,8.29,0.2,19.8,14.7,14.5,8,10,0,13.13,4.5
1970-08-11,3.17,0.0,20.0,9.6,4.8,8,11,1,8.29,2.25
1970-08-12,4.96,3.3,22.7,15.4,13.0,8,12,2,3.17,5.37
1970-08-13,7.5,5.6,18.2,16.3,13.3,8,13,3,4.96,3.04
1970-08-14,7.96,0.8,17.2,10.0,5.0,8,14,4,7.5,1.29
1970-08-15,10.37,23.1,17.6,10.6,5.5,8,15,5,7.96,4.46
1970-08-16,20.75,0.0,16.0,10.4,9.7,8,16,6,10.37,13.13
1970-08-17,10.41,0.0,17.5,8.1,4.5,8,17,0,20.75,8.29
1970-08-18,1.21,0.0,14.8,9.2,5.2,8,18,1,10.41,3.17
1970-08-19,5.88,0.0,17.6,9.8,3.8,8,19,2,1.21,4.96
1970-08-20,13.5,1.0,18.0,11.5,8.0,8,20,3,5.88,7.5
1970-08-21,10.88,6.2,17.2,11.6,10.6,8,21,4,13.5,7.96
1970-08-22,6.34,0.0,17.6,13.4,12.0,8,22,5,10.88,10.37
1970-08-23,1.42,0.0,17.0,10.0,5.2,8,23,6,6.34,20.75
1970-08-24,1.75,0.0,20.2,9.8,3.9,8,24,0,1.42,10.41
1970-08-25,1.21,0.0,19.5,10.1,9.0,8,25,1,1.75,1.21
1970-08-26,0.37,0.0,15.8,9.6,10.6,8,26,2,1.21,5.88
1970-08-27,1.25,0.0,18.3,8.5,9.2,8,27,3,0.37,13.5
1970-08-28,1.0,0.0,18.9,9.6,7.0,8,28,4,1.25,10.88
1970-08-29,4.67,0.0,23.8,11.3,5.2,8,29,5,1.0,6.34
1970-08-30,9.42,0.7,20.2,12.9,7.6,8,30,6,4.67,1.42
1970-08-31,14.04,1.3,17.5,10.1,2.73654650788542,8,31,0,9.42,1.75
1970-09-01,11.38,4.0,18.3,10.2,7.0,9,1,1,14.04,1.21
1970-09-02,11.29,1.0,20.4,13.0,11.0,9,2,2,11.38,0.37
1970-09-03,7.17,0.0,15.6,11.2,7.5,9,3,3,11.29,1.25
1970-09-04,12.92,0.0,19.1,12.6,10.2,9,4,4,7.17,1.0
1970-09-05,10.34,0.1,19.7,12.3,8.0,9,5,5,12.92,4.67
1970-09-06,5.17,0.0,21.2,12.3,8.0,9,6,6,10.34,9.42
1970-09-07,5.71,6.8,19.5,10.8,3.0,9,7,0,5.17,14.04
1970-09-08,11.63,1.4,16.6,13.2,11.4,9,8,1,5.71,11.38
1970-09-09,22.37,0.8,16.8,12.5,9.5,9,9,2,11.63,11.29
1970-09-10,15.71,1.3,14.8,10.6,9.0,9,10,3,22.37,7.17
1970-09-11,8.54,0.2,15.4,10.4,2.73654650788542,9,11,4,15.71,12.92
1970-09-12,5.54,0.9,15.0,6.8,3.4,9,12,5,8.54,10.34
1970-09-13,5.58,2.2,15.4,5.2,1.2,9,13,6,5.54,5.17
1970-09-14,5.04,0.0,16.6,6.0,2.8,9,14,0,5.58,5.71
1970-09-15,5.96,6.1,15.1,7.2,4.3,9,15,1,5.04,11.63
1970-09-16,9.75,0.9,17.5,4.8,0.3,9,16,2,5.96,22.37
1970-09-17,19.08,5.6,19.2,10.0,11.0,9,17,3,9.75,15.71
1970-09-18,0.54,2.8,14.8,12.6,11.0,9,18,4,19.08,8.54
1970-09-19,4.0,0.2,18.4,7.8,4.8,9,19,5,0.54,5.54
1970-09-20,4.08,0.0,21.8,12.5,12.3,9,20,6,4.0,5.58
1970-09-21,3.17,0.0,17.0,10.8,5.6,9,21,0,4.08,5.04
1970-09-22,6.54,0.6,19.6,13.2,10.2,9,22,1,3.17,5.96
1970-09-23,4.54,0.0,19.4,13.7,9.5,9,23,2,6.54,9.75
1970-09-24,1.17,0.0,19.8,10.0,9.8,9,24,3,4.54,19.08
1970-09-25,4.5,10.5,18.0,10.0,5.3,9,25,4,1.17,0.54
1970-09-26,10.75,0.3,17.1,14.9,13.0,9,26,5,4.5,4.0
1970-09-27,3.13,1.1,17.6,9.6,4.1,9,27,6,10.75,4.08
1970-09-28,4.67,0.2,19.0,12.0,7.5,9,28,0,3.13,3.17
1970-09-29,13.17,2.3,17.4,9.8,7.3,9,29,1,4.67,6.54
1970-09-30,12.08,0.5,14.5,11.2,9.0,9,30,2,13.17,4.54
1970-10-01,17.29,0.0,16.6,11.0,9.0,10,1,3,12.08,1.17
1970-10-02,20.62,0.0,12.2,10.4,7.5,10,2,4,17.29,4.5
1970-10-03,11.75,0.6,15.1,8.0,4.8,10,3,5,20.62,10.75
1970-10-04,18.75,6.4,16.4,11.2,10.6,10,4,6,11.75,3.13
1970-10-05,14.88,0.5,13.8,9.4,7.3,10,5,0,18.75,4.67
1970-10-06,11.63,0.0,13.0,6.7,4.0,10,6,1,14.88,13.17
1970-10-07,8.25,0.4,13.4,5.4,2.5,10,7,2,11.63,12.08
1970-10-08,4.42,0.7,12.5,3.0,-1.0,10,8,3,8.25,17.29
1970-10-09,4.17,0.0,14.5,1.5,-3.2,10,9,4,4.42,20.62
1970-10-10,3.25,0.0,15.4,5.9,1.6,10,10,5,4.17,11.75
1970-10-11,3.04,3.3,15.2,8.0,0.4,10,11,6,3.25,18.75
1970-10-12,6.13,0.0,16.5,11.3,5.6,10,12,0,3.04,14.88
1970-10-13,8.12,0.0,18.6,12.5,8.1,10,13,1,6.13,11.63
1970-10-14,6.08,0.0,17.6,12.1,8.2,10,14,2,8.12,8.25
1970-10-15,6.13,0.0,15.2,8.1,3.9,10,15,3,6.08,4.42
1970-10-16,4.12,0.0,14.5,12.6,10.0,10,16,4,6.13,4.17
1970-10-17,5.88,0.0,15.6,8.0,2.5,10,17,5,4.12,3.25
1970-10-18,19.62,1.0,14.7,9.1,5.4,10,18,6,5.88,3.04
1970-10-19,18.58,0.7,11.5,7.9,4.7,10,19,0,19.62,6.13
1970-10-20,16.33,0.0,8.5,4.2,1.0,10,20,1,18.58,8.12
1970-10-21,10.96,0.0,9.1,4.0,-0.1,10,21,2,16.33,6.08
1970-10-22,6.87,0.0,11.2,6.0,2.0,10,22,3,10.96,6.13
1970-10-23,12.25,0.0,14.0,8.0,6.6,10,23,4,6.87,4.12
1970-10-24,15.87,0.9,15.4,10.2,11.0,10,24,5,12.25,5.88
1970-10-25,12.21,6.1,12.8,11.2,10.2,10,25,6,15.87,19.62
1970-10-26,8.54,6.2,12.0,6.4,2.5,10,26,0,12.21,18.58
1970-10-27,10.17,5.9,13.5,4.6,-2.0,10,27,1,8.54,16.33
1970-10-28,9.33,1.0,15.8,8.8,8.0,10,28,2,10.17,10.96
1970-10-29,13.17,0.6,16.5,9.2,8.8,10,29,3,9.33,6.87
1970-10-30,12.46,15.3,16.5,11.4,8.0,10,30,4,13.17,12.25
1970-10-31,16.25,0.4,18.9,10.0,9.2,10,31,5,12.46,15.87
1970-11-01,11.46,12.0,15.5,8.5,5.5,11,1,6,16.25,12.21
1970-11-02,13.33,0.5,14.5,8.5,8.1,11,2,0,11.46,8.54
1970-11-03,23.75,0.6,11.8,9.2,6.6,11,3,1,13.33,10.17
1970-11-04,12.92,0.2,12.5,7.4,4.7,11,4,2,23.75,9.33
1970-11-05,13.5,0.7,12.0,7.1,3.7,11,5,3,12.92,13.17
1970-11-06,7.33,28.3,9.5,5.4,1.9,11,6,4,13.5,12.46
1970-11-07,9.71,0.0,9.9,6.5,6.5,11,7,5,7.33,16.25
1970-11-08,14.42,2.5,11.7,1.8,-4.1,11,8,6,9.71,11.46
1970-11-09,15.75,2.3,11.4,8.0,5.0,11,9,0,14.42,13.33
1970-11-10,10.96,4.4,14.0,7.6,6.3,11,10,1,15.75,23.75
1970-11-11,11.92,0.7,9.6,8.5,6.8,11,11,2,10.96,12.92
1970-11-12,15.09,0.1,7.4,3.0,0.0,11,12,3,11.92,13.5
1970-11-13,8.75,0.0,6.6,2.0,-1.0,11,13,4,15.09,7.33
1970-11-14,8.25,0.0,6.5,-0.1,-6.0,11,14,5,8.75,9.71
1970-11-15,6.04,4.4,8.0,-1.1,-8.5,11,15,6,8.25,14.42
1970-11-16,10.75,0.0,8.8,-0.4,-2.1,11,16,0,6.04,15.75
1970-11-17,4.92,9.9,8.8,6.0,3.0,11,17,1,10.75,10.96
1970-11-18,8.96,9.8,8.2,-0.9,-6.5,11,18,2,4.92,11.92
1970-11-19,9.5,4.0,8.5,-0.9,0.0,11,19,3,8.96,15.09
1970-11-20,7.92,9.8,7.6,-1.5,-9.0,11,20,4,9.5,8.75
1970-11-21,10.21,0.0,6.6,2.5,-0.6,11,21,5,7.92,8.25
1970-11-22,5.79,13.6,9.5,1.6,-5.0,11,22,6,10.21,6.04
1970-11-23,12.0,6.8,14.6,5.5,0.3,11,23,0,5.79,10.75
1970-11-24,6.79,0.5,14.5,9.3,2.73654650788542,11,24,1,12.0,4.92
1970-11-25,11.21,0.7,14.8,9.2,7.9,11,25,2,6.79,8.96
1970-11-26,7.21,4.1,11.4,10.0,4.5,11,26,3,11.21,9.5
1970-11-27,9.54,4.3,13.4,9.1,2.5,11,27,4,7.21,7.92
1970-11-28,9.96,0.1,12.9,10.9,8.5,11,28,5,9.54,10.21
1970-11-29,2.21,3.4,9.1,6.6,1.5,11,29,6,9.96,5.79
1970-11-30,7.83,0.0,8.4,5.5,2.4,11,30,0,2.21,12.0
1970-12-01,9.33,0.0,9.2,4.4,-0.8,12,1,1,7.83,6.79
1970-12-02,14.75,0.5,11.8,5.0,4.0,12,2,2,9.33,11.21
1970-12-03,6.96,5.0,12.2,8.2,6.4,12,3,3,14.75,7.21
1970-12-04,12.5,0.2,9.4,5.6,0.0,12,4,4,6.96,9.54
1970-12-05,13.75,3.5,9.4,5.8,2.0,12,5,5,12.5,9.96
1970-12-06,17.33,2.1,8.5,5.6,1.2,12,6,6,13.75,2.21
1970-12-07,7.54,0.0,8.0,5.1,0.0,12,7,0,17.33,7.83
1970-12-08,3.46,0.0,7.0,-1.0,-7.8,12,8,1,7.54,9.33
1970-12-09,1.79,0.1,7.5,-3.2,-10.0,12,9,2,3.46,14.75
1970-12-10,6.58,0.0,7.6,-3.0,2.73654650788542,12,10,3,1.79,6.96
1970-12-11,9.21,0.4,10.4,6.0,4.5,12,11,4,6.58,12.5
1970-12-12,8.17,1.9,10.5,6.6,5.5,12,12,5,9.21,13.75
1970-12-13,6.79,0.0,7.8,3.0,-0.4,12,13,6,8.17,17.33
1970-12-14,2.42,0.7,9.6,-2.8,-10.0,12,14,0,6.79,7.54
1970-12-15,5.04,0.0,11.4,-2.6,-4.5,12,15,1,2.42,3.46
1970-12-16,10.96,0.2,12.2,-0.9,-7.1,12,16,2,5.04,1.79
1970-12-17,7.62,0.5,12.5,5.1,5.0,12,17,3,10.96,6.58
1970-12-18,9.83,0.0,13.1,7.5,5.0,12,18,4,7.62,9.21
1970-12-19,12.75,0.9,13.5,11.6,8.9,12,19,5,9.83,8.17
1970-12-20,6.13,0.0,7.5,0.1,-6.8,12,20,6,12.75,6.79
1970-12-21,5.83,0.0,5.5,1.2,-4.5,12,21,0,6.13,2.42
1970-12-22,5.96,0.0,6.4,0.1,-4.8,12,22,1,5.83,5.04
1970-12-23,10.13,1.1,7.7,-1.2,-8.0,12,23,2,5.96,10.96
1970-12-24,9.42,2.7,6.4,0.4,-0.5,12,24,3,10.13,7.62
1970-12-25,8.42,4.5,4.8,3.2,-0.9,12,25,4,9.42,9.83
1970-12-26,13.33,3.3,6.2,0.8,-7.2,12,26,5,8.42,12.75
1970-12-27,11.58,13.0,3.8,1.6,-2.0,12,27,6,13.33,6.13
1970-12-28,7.21,10.2,5.6,1.8,-0.5,12,28,0,11.58,5.83
1970-12-29,17.88,1.1,5.6,2.0,-0.8,12,29,1,7.21,5.96
1970-12-30,13.79,0.0,4.3,4.0,1.5,12,30,2,17.88,10.13
1970-12-31,4.83,0.5,2.0,-1.9,-8.5,12,31,3,13.79,9.42
1971-01-01,4.63,0.0,3.0,6.411677966101696,-9.0,1,1,4,4.83,8.42
1971-01-02,5.83,0.0,4.5,6.411677966101696,-0.6,1,2,5,4.63,13.33
1971-01-03,2.5,0.0,1.8,6.411677966101696,-4.0,1,3,6,5.83,11.58
1971-01-04,7.12,0.5,5.8,6.411677966101696,-11.0,1,4,0,2.5,7.21
1971-01-05,17.96,3.4,9.4,6.411677966101696,2.6,1,5,1,7.12,17.88
1971-01-06,11.63,0.3,13.4,6.411677966101696,0.1,1,6,2,17.96,13.79
1971-01-07,19.21,0.0,12.6,6.411677966101696,10.1,1,7,3,11.63,4.83
1971-01-08,14.62,0.7,14.1,6.411677966101696,2.0,1,8,4,19.21,4.63
1971-01-09,20.3,0.1,14.0,6.411677966101696,8.4,1,9,5,14.62,5.83
1971-01-10,17.96,0.0,16.8,6.411677966101696,8.1,1,10,6,20.3,2.5
1971-01-11,11.04,0.0,10.4,6.411677966101696,1.5,1,11,0,17.96,7.12
1971-01-12,3.88,0.0,10.4,6.411677966101696,-3.5,1,12,1,11.04,17.96
1971-01-13,6.87,0.2,9.4,6.411677966101696,6.0,1,13,2,3.88,11.63
1971-01-14,4.17,0.0,9.8,6.411677966101696,4.8,1,14,3,6.87,19.21
1971-01-15,2.0,1.1,8.4,6.411677966101696,1.0,1,15,4,4.17,14.62
1971-01-16,4.33,0.3,10.5,6.411677966101696,-3.0,1,16,5,2.0,20.3
1971-01-17,12.42,2.5,11.6,6.411677966101696,-2.2,1,17,6,4.33,17.96
1971-01-18,14.46,0.4,11.8,6.411677966101696,0.6,1,18,0,12.42,11.04
1971-01-19,15.96,1.1,8.5,6.411677966101696,3.0,1,19,1,14.46,3.88
1971-01-20,12.62,18.0,8.0,6.411677966101696,-3.2,1,20,2,15.96,6.87
1971-01-21,5.58,0.4,8.5,6.411677966101696,-1.6,1,21,3,12.62,4.17
1971-01-22,10.0,0.3,10.5,6.411677966101696,-3.5,1,22,4,5.58,2.0
1971-01-23,13.0,4.3,9.0,6.411677966101696,-0.5,1,23,5,10.0,4.33
1971-01-24,21.17,0.4,10.2,6.411677966101696,0.3,1,24,6,13.0,12.42
1971-01-25,11.71,0.5,10.2,6.411677966101696,4.1,1,25,0,21.17,14.46
1971-01-26,6.13,0.0,8.3,6.411677966101696,-6.0,1,26,1,11.71,15.96
1971-01-27,5.83,2.2,8.2,6.411677966101696,-7.0,1,27,2,6.13,12.62
1971-01-28,8.38,0.1,4.7,6.411677966101696,-0.5,1,28,3,5.83,5.58
1971-01-29,7.08,0.0,6.6,6.411677966101696,-0.3,1,29,4,8.38,10.0
1971-01-30,7.04,0.1,3.2,6.411677966101696,-12.3,1,30,5,7.08,13.0
1971-01-31,13.79,0.0,4.4,6.411677966101696,-5.0,1,31,6,7.04,21.17
1971-02-01,8.21,0.0,4.8,-0.8,-5.0,2,1,0,13.79,11.71
1971-02-02,11.67,0.3,8.8,-4.0,-11.0,2,2,1,8.21,6.13
1971-02-03,10.92,0.0,9.6,-0.8,2.73654650788542,2,3,2,11.67,5.83
1971-02-04,3.5,0.0,8.2,6.5,5.5,2,4,3,10.92,8.38
1971-02-05,4.96,0.0,8.6,7.0,5.2,2,5,4,3.5,7.08
1971-02-06,2.83,0.0,6.6,4.8,3.5,2,6,5,4.96,7.04
1971-02-07,7.08,0.0,7.5,5.4,4.6,2,7,6,2.83,13.79
1971-02-08,6.79,0.0,8.8,1.6,-4.4,2,8,0,7.08,8.21
1971-02-09,8.67,0.0,8.9,6.2,0.4,2,9,1,6.79,11.67
1971-02-10,5.71,0.4,9.4,6.1,1.2,2,10,2,8.67,10.92
1971-02-11,5.0,2.6,9.0,5.2,3.6,2,11,3,5.71,3.5
1971-02-12,21.71,5.0,11.1,5.4,3.6,2,12,4,5.0,4.96
1971-02-13,19.62,0.5,6.5,3.0,0.9,2,13,5,21.71,2.83
1971-02-14,18.5,1.1,7.5,1.9,-0.5,2,14,6,19.62,7.08
1971-02-15,9.54,4.9,4.1,0.0,-3.2,2,15,0,18.5,6.79
1971-02-16,11.96,0.7,7.8,-2.4,-10.8,2,16,1,9.54,8.67
1971-02-17,13.21,4.2,9.9,2.0,-3.6,2,17,2,11.96,5.71
1971-02-18,11.71,0.0,9.8,4.3,0.9,2,18,3,13.21,5.0
1971-02-19,5.91,1.8,11.4,2.1,-3.1,2,19,4,11.71,21.71
1971-02-20,17.04,0.7,11.6,4.5,2.1,2,20,5,5.91,19.62
1971-02-21,12.08,0.2,10.1,4.6,0.6,2,21,6,17.04,18.5
1971-02-22,6.25,0.0,10.8,-1.0,-8.2,2,22,0,12.08,9.54
1971-02-23,6.58,0.0,10.0,2.2,-5.0,2,23,1,6.25,11.96
1971-02-24,3.17,0.0,11.3,4.2,-1.5,2,24,2,6.58,13.21
1971-02-25,2.33,0.0,8.6,5.2,3.6,2,25,3,3.17,11.71
1971-02-26,2.54,5.0,10.4,3.2,-4.5,2,26,4,2.33,5.91
1971-02-27,2.62,2.9,8.8,6.5,5.4,2,27,5,2.54,17.04
1971-02-28,3.04,4.5,9.0,7.0,3.5,2,28,6,2.62,12.08
1971-03-01,6.71,4.7,9.2,7.0,5.5,3,1,0,3.04,6.25
1971-03-02,7.87,0.0,9.7,1.2,-4.5,3,2,1,6.71,6.58
1971-03-03,6.38,0.0,9.5,1.2,-2.8,3,3,2,7.87,3.17
1971-03-04,8.25,0.0,6.4,3.0,-0.5,3,4,3,6.38,2.33
1971-03-05,8.58,0.1,7.0,0.4,-3.0,3,5,4,8.25,2.54
1971-03-06,6.87,0.0,6.8,2.0,1.0,3,6,5,8.58,2.62
1971-03-07,3.42,0.0,7.7,1.5,-2.5,3,7,6,6.87,3.04
1971-03-08,2.25,0.0,8.0,1.3,-1.2,3,8,0,3.42,6.71
1971-03-09,6.71,0.0,11.2,3.4,4.1,3,9,1,2.25,7.87
1971-03-10,7.0,0.3,11.7,0.0,-4.2,3,10,2,6.71,6.38
1971-03-11,8.92,0.0,12.0,4.9,4.7,3,11,3,7.0,8.25
1971-03-12,13.29,0.0,12.5,6.0,4.1,3,12,4,8.92,8.58
1971-03-13,4.71,4.4,8.7,6.0,4.0,3,13,5,13.29,6.87
1971-03-14,3.25,0.1,9.1,1.4,0.4,3,14,6,4.71,3.42
1971-03-15,4.33,0.1,7.4,-1.3,-5.2,3,15,0,3.25,2.25
1971-03-16,8.21,0.2,8.5,-2.6,-7.0,3,16,1,4.33,6.71
1971-03-17,11.21,14.6,6.6,2.4,-0.4,3,17,2,8.21,7.0
1971-03-18,23.25,38.0,5.6,3.5,3.6,3,18,3,11.21,8.92
1971-03-19,24.25,4.0,4.8,3.0,2.0,3,19,4,23.25,13.29
1971-03-20,19.08,0.2,5.8,3.0,1.8,3,20,5,24.25,4.71
1971-03-21,12.12,0.0,8.2,0.6,-2.0,3,21,6,19.08,3.25
1971-03-22,5.96,0.0,8.0,1.9,-2.0,3,22,0,12.12,4.33
1971-03-23,12.21,0.4,11.5,4.5,2.0,3,23,1,5.96,8.21
1971-03-24,15.92,3.0,13.0,8.0,7.0,3,24,2,12.21,11.21
1971-03-25,14.83,1.4,11.1,3.8,1.5,3,25,3,15.92,23.25
1971-03-26,10.92,0.0,8.6,3.4,1.0,3,26,4,14.83,24.25
1971-03-27,5.79,0.1,10.6,1.3,-3.0,3,27,5,10.92,19.08
1971-03-28,9.96,0.5,13.0,5.6,2.73654650788542,3,28,6,5.79,12.12
1971-03-29,3.21,0.4,10.8,7.5,6.9,3,29,0,9.96,5.96
1971-03-30,2.04,0.4,9.6,7.0,4.0,3,30,1,3.21,12.21
1971-03-31,3.42,0.0,10.0,6.3,4.5,3,31,2,2.04,15.92
1971-04-01,9.29,0.4,10.3,6.0,3.6,4,1,3,3.42,14.83
1971-04-02,14.79,0.7,8.0,6.0,4.5,4,2,4,9.29,10.92
1971-04-03,12.96,0.0,8.6,4.0,2.0,4,3,5,14.79,5.79
1971-04-04,8.25,0.0,8.2,3.9,0.6,4,4,6,12.96,9.96
1971-04-05,1.46,3.6,8.6,5.7,5.0,4,5,0,8.25,3.21
1971-04-06,1.42,0.0,10.5,3.4,-0.8,4,6,1,1.46,2.04
1971-04-07,2.92,0.0,10.1,2.6,-2.0,4,7,2,1.42,3.42
1971-04-08,6.63,0.0,10.0,1.6,-3.0,4,8,3,2.92,9.29
1971-04-09,5.17,0.0,11.0,5.4,0.6,4,9,4,6.63,14.79
1971-04-10,4.33,0.0,11.0,1.5,-3.5,4,10,5,5.17,12.96
1971-04-11,1.42,0.0,14.0,4.0,-4.5,4,11,6,4.33,8.25
1971-04-12,5.79,0.0,13.4,1.7,-2.4,4,12,0,1.42,1.46
1971-04-13,5.63,0.0,12.8,7.2,3.0,4,13,1,5.79,1.42
1971-04-14,2.13,0.0,12.7,7.3,-0.5,4,14,2,5.63,2.92
1971-04-15,2.29,0.5,15.5,8.1,3.2,4,15,3,2.13,6.63
1971-04-16,12.0,2.2,11.0,7.0,4.5,4,16,4,2.29,5.17
1971-04-17,13.75,0.0,11.9,0.3,-5.0,4,17,5,12.0,4.33
1971-04-18,15.83,0.0,15.0,6.7,7.5,4,18,6,13.75,1.42
1971-04-19,6.38,0.4,15.0,9.4,7.6,4,19,0,15.83,5.79
1971-04-20,3.88,0.8,11.7,7.0,3.2,4,20,1,6.38,5.63
1971-04-21,7.5,13.3,16.2,8.0,2.5,4,21,2,3.88,2.13
1971-04-22,1.5,7.3,12.4,9.2,8.4,4,22,3,7.5,2.29
1971-04-23,11.25,14.7,7.4,6.2,6.0,4,23,4,1.5,12.0
1971-04-24,12.62,4.8,8.8,5.6,4.6,4,24,5,11.25,13.75
1971-04-25,8.46,0.0,10.1,0.9,-5.3,4,25,6,12.62,15.83
1971-04-26,11.21,0.0,9.5,4.1,4.8,4,26,0,8.46,6.38
1971-04-27,3.83,0.0,10.6,1.4,-5.0,4,27,1,11.21,3.88
1971-04-28,2.37,0.0,12.4,-0.8,-7.0,4,28,2,3.83,7.5
1971-04-29,2.75,0.0,10.3,7.2,4.0,4,29,3,2.37,1.5
1971-04-30,2.83,0.0,10.6,6.2,3.0,4,30,4,2.75,11.25
1971-05-01,1.42,0.0,13.0,0.1,-4.5,5,1,5,2.83,12.62
1971-05-02,3.5,0.0,15.6,0.5,-4.0,5,2,6,1.42,8.46
1971-05-03,4.33,0.0,15.7,3.6,-1.3,5,3,0,3.5,11.21
1971-05-04,5.41,0.0,14.8,1.5,-3.5,5,4,1,4.33,3.83
1971-05-05,7.21,0.6,16.5,2.3,-2.0,5,5,2,5.41,2.37
1971-05-06,6.54,4.1,14.2,10.3,7.2,5,6,3,7.21,2.75
1971-05-07,8.63,0.4,15.6,9.6,5.5,5,7,4,6.54,2.83
1971-05-08,7.87,0.0,16.8,6.6,1.0,5,8,5,8.63,1.42
1971-05-09,11.46,0.5,16.7,10.5,7.8,5,9,6,7.87,3.5
1971-05-10,10.04,0.0,20.5,10.8,9.4,5,10,0,11.46,4.33
1971-05-11,1.63,0.0,14.8,7.5,2.2,5,11,1,10.04,5.41
1971-05-12,5.17,0.0,16.1,5.7,0.1,5,12,2,1.63,7.21
1971-05-13,7.17,0.0,15.4,9.7,5.0,5,13,3,5.17,6.54
1971-05-14,4.42,1.4,16.5,9.0,4.0,5,14,4,7.17,8.63
1971-05-15,11.12,0.0,12.9,7.7,5.4,5,15,5,4.42,7.87
1971-05-16,9.46,1.5,13.0,5.0,1.4,5,16,6,11.12,11.46
1971-05-17,7.38,1.5,14.7,4.2,-1.8,5,17,0,9.46,10.04
1971-05-18,4.25,0.0,16.0,5.4,1.0,5,18,1,7.38,1.63
1971-05-19,1.54,0.0,14.8,4.5,-0.5,5,19,2,4.25,5.17
1971-05-20,1.21,0.0,14.2,10.4,9.4,5,20,3,1.54,7.17
1971-05-21,3.46,0.0,14.6,4.4,-0.2,5,21,4,1.21,4.42
1971-05-22,3.0,11.2,12.5,6.6,1.8,5,22,5,3.46,11.12
1971-05-23,4.67,2.6,11.7,8.8,8.2,5,23,6,3.0,9.46
1971-05-24,2.54,0.0,16.0,8.4,2.73654650788542,5,24,0,4.67,7.38
1971-05-25,7.04,0.0,14.6,10.3,9.5,5,25,1,2.54,4.25
1971-05-26,7.46,1.0,16.2,4.4,-1.0,5,26,2,7.04,1.54
1971-05-27,10.63,0.2,14.3,4.5,1.4,5,27,3,7.46,1.21
1971-05-28,8.5,0.4,13.5,5.3,2.0,5,28,4,10.63,3.46
1971-05-29,6.17,4.0,13.5,4.4,-0.9,5,29,5,8.5,3.0
1971-05-30,4.88,0.0,15.5,10.5,9.0,5,30,6,6.17,4.67
1971-05-31,4.04,0.0,16.5,9.4,5.9,5,31,0,4.88,2.54
1971-06-01,6.42,0.0,15.8,7.1,1.7,6,1,1,4.04,7.04
1971-06-02,6.13,0.0,20.2,10.0,8.0,6,2,2,6.42,7.46
1971-06-03,8.63,0.2,17.0,10.7,6.0,6,3,3,6.13,10.63
1971-06-04,9.96,0.0,16.0,10.8,9.0,6,4,4,8.63,8.5
1971-06-05,7.75,0.0,14.3,10.7,7.3,6,5,5,9.96,6.17
1971-06-06,4.71,1.2,14.2,10.9,8.6,6,6,6,7.75,4.88
1971-06-07,4.0,0.5,13.6,10.6,9.5,6,7,0,4.71,4.04
1971-06-08,4.38,4.2,13.8,10.1,7.6,6,8,1,4.0,6.42
1971-06-09,10.13,0.8,13.2,9.0,7.8,6,9,2,4.38,6.13
1971-06-10,8.29,0.0,14.8,9.0,8.0,6,10,3,10.13,8.63
1971-06-11,9.54,23.3,14.0,9.2,5.5,6,11,4,8.29,9.96
1971-06-12,4.5,0.2,13.8,9.2,9.0,6,12,5,9.54,7.75
1971-06-13,3.88,0.1,15.0,6.2,1.5,6,13,6,4.5,4.71
1971-06-14,9.67,0.0,14.0,7.6,1.6,6,14,0,3.88,4.0
1971-06-15,8.04,0.7,14.4,4.0,0.1,6,15,1,9.67,4.38
1971-06-16,9.75,0.3,16.0,4.5,4.5,6,16,2,8.04,10.13
1971-06-17,6.21,9.8,16.2,5.2,1.0,6,17,3,9.75,8.29
1971-06-18,7.96,11.8,15.5,9.2,6.3,6,18,4,6.21,9.54
1971-06-19,7.41,6.3,14.5,11.0,11.2,6,19,5,7.96,4.5
1971-06-20,11.25,1.2,17.5,10.5,9.0,6,20,6,7.41,3.88
1971-06-21,9.83,2.2,17.2,10.5,9.0,6,21,0,11.25,9.67
1971-06-22,6.04,0.0,18.3,8.5,4.7,6,22,1,9.83,8.04
1971-06-23,3.83,0.0,17.4,12.0,10.5,6,23,2,6.04,9.75
1971-06-24,5.79,0.5,19.5,9.3,6.2,6,24,3,3.83,6.21
1971-06-25,6.71,2.4,20.7,13.6,13.0,6,25,4,5.79,7.96
1971-06-26,12.92,2.2,17.1,12.2,10.0,6,26,5,6.71,7.41
1971-06-27,10.21,3.0,16.5,8.2,6.1,6,27,6,12.92,11.25
1971-06-28,6.75,0.0,18.3,7.9,6.0,6,28,0,10.21,9.83
1971-06-29,3.79,0.0,19.4,10.0,6.2,6,29,1,6.75,6.04
1971-06-30,3.71,0.5,20.4,13.5,12.2,6,30,2,3.79,3.83
1971-07-01,7.29,0.0,20.4,13.5,2.73654650788542,7,1,3,3.71,5.79
1971-07-02,3.37,0.0,22.4,15.0,12.8,7,2,4,7.29,6.71
1971-07-03,5.17,6.1,23.8,14.1,12.2,7,3,5,3.37,12.92
1971-07-04,2.37,3.0,20.4,15.0,14.2,7,4,6,5.17,10.21
1971-07-05,3.88,0.0,19.2,10.0,7.0,7,5,0,2.37,6.75
1971-07-06,3.63,0.0,21.0,11.0,8.2,7,6,1,3.88,3.79
1971-07-07,5.09,0.0,23.6,9.6,6.9,7,7,2,3.63,3.71
1971-07-08,6.54,0.1,24.7,14.4,10.5,7,8,3,5.09,7.29
1971-07-09,6.21,0.0,20.0,11.8,11.2,7,9,4,6.54,3.37
1971-07-10,3.83,0.0,21.2,7.5,8.5,7,10,5,6.21,5.17
1971-07-11,8.29,0.0,24.6,13.2,9.0,7,11,6,3.83,2.37
1971-07-12,9.46,0.0,18.7,11.5,10.6,7,12,0,8.29,3.88
1971-07-13,4.83,0.0,18.9,7.0,3.0,7,13,1,9.46,3.63
1971-07-14,8.04,0.0,18.7,11.8,11.0,7,14,2,4.83,5.09
1971-07-15,12.67,0.0,22.5,12.7,12.9,7,15,3,8.04,6.54
1971-07-16,8.5,0.0,17.1,11.1,10.3,7,16,4,12.67,6.21
1971-07-17,6.5,0.0,17.9,5.6,1.5,7,17,5,8.5,3.83
1971-07-18,4.79,0.0,18.4,9.5,5.0,7,18,6,6.5,8.29
1971-07-19,7.38,0.0,19.0,9.5,9.1,7,19,0,4.79,9.46
1971-07-20,4.58,0.0,20.0,9.1,5.9,7,20,1,7.38,4.83
1971-07-21,4.5,0.0,21.0,13.4,11.5,7,21,2,4.58,8.04
1971-07-22,7.25,0.5,18.2,13.5,10.0,7,22,3,4.5,12.67
1971-07-23,7.17,18.2,18.2,14.2,13.0,7,23,4,7.25,8.5
1971-07-24,7.5,12.2,19.0,14.0,14.0,7,24,5,7.17,6.5
1971-07-25,8.71,7.8,21.4,14.2,13.0,7,25,6,7.5,4.79
1971-07-26,3.0,8.4,20.0,14.8,13.2,7,26,0,8.71,7.38
1971-07-27,2.92,0.8,18.5,13.9,11.1,7,27,1,3.0,4.58
1971-07-28,4.67,0.0,20.0,11.0,7.2,7,28,2,2.92,4.5
1971-07-29,3.63,0.0,22.5,12.6,9.0,7,29,3,4.67,7.25
1971-07-30,5.58,13.5,22.0,11.5,6.8,7,30,4,3.63,7.17
1971-07-31,7.96,3.7,19.0,13.9,11.1,7,31,5,5.58,7.5
1971-08-01,6.25,2.9,17.1,12.0,7.0,8,1,6,7.96,8.71
1971-08-02,7.67,0.3,21.7,10.2,5.5,8,2,0,6.25,3.0
1971-08-03,9.59,1.7,18.0,14.7,13.4,8,3,1,7.67,2.92
1971-08-04,6.92,2.7,21.3,14.6,13.6,8,4,2,9.59,4.67
1971-08-05,5.37,5.1,20.6,13.0,11.5,8,5,3,6.92,3.63
1971-08-06,7.67,0.7,16.5,12.5,11.9,8,6,4,5.37,5.58
1971-08-07,7.67,0.0,17.4,8.5,6.0,8,7,5,7.67,7.96
1971-08-08,12.25,0.0,20.9,13.8,13.0,8,8,6,7.67,6.25
1971-08-09,8.17,2.8,19.5,14.5,14.0,8,9,0,12.25,7.67
1971-08-10,7.58,0.0,17.6,12.5,12.1,8,10,1,8.17,9.59
1971-08-11,6.17,5.9,18.6,12.1,11.2,8,11,2,7.58,6.92
1971-08-12,6.29,3.8,17.4,13.4,12.5,8,12,3,6.17,5.37
1971-08-13,5.79,8.0,18.1,13.5,13.2,8,13,4,6.29,7.67
1971-08-14,13.08,9.3,14.2,11.6,11.6,8,14,5,5.79,7.67
1971-08-15,5.63,0.0,17.4,8.0,5.1,8,15,6,13.08,12.25
1971-08-16,4.5,0.0,17.6,6.7,2.5,8,16,0,5.63,8.17
1971-08-17,4.21,0.0,17.5,6.5,2.1,8,17,1,4.5,7.58
1971-08-18,9.42,0.0,17.5,8.5,4.1,8,18,2,4.21,6.17
1971-08-19,5.96,0.0,18.0,12.7,8.0,8,19,3,9.42,6.29
1971-08-20,7.08,0.0,22.0,10.8,7.0,8,20,4,5.96,5.79
1971-08-21,4.71,0.0,21.5,10.7,5.6,8,21,5,7.08,13.08
1971-08-22,5.41,0.0,17.2,11.4,7.5,8,22,6,4.71,5.63
1971-08-23,3.5,0.2,16.0,14.3,14.6,8,23,0,5.41,4.5
1971-08-24,1.46,0.0,18.4,13.9,13.4,8,24,1,3.5,4.21
1971-08-25,2.79,0.0,18.4,12.5,12.9,8,25,2,1.46,9.42
1971-08-26,6.46,0.5,19.2,10.2,5.0,8,26,3,2.79,5.96
1971-08-27,11.29,0.0,19.0,8.7,6.4,8,27,4,6.46,7.08
1971-08-28,10.79,8.8,19.1,14.0,14.0,8,28,5,11.29,4.71
1971-08-29,11.04,0.2,18.9,14.6,14.0,8,29,6,10.79,5.41
1971-08-30,11.58,4.4,17.8,11.2,9.4,8,30,0,11.04,3.5
1971-08-31,14.67,0.0,20.4,13.0,11.2,8,31,1,11.58,1.46
1971-09-01,13.25,0.0,18.8,13.4,11.2,9,1,2,14.67,2.79
1971-09-02,12.04,2.8,20.0,9.1,2.73654650788542,9,2,3,13.25,6.46
1971-09-03,2.83,3.9,15.2,12.7,11.8,9,3,4,12.04,11.29
1971-09-04,4.63,0.0,19.0,11.4,9.5,9,4,5,2.83,10.79
1971-09-05,5.04,0.0,18.4,4.2,3.0,9,5,6,4.63,11.04
1971-09-06,6.83,0.0,22.4,6.4,6.5,9,6,0,5.04,11.58
1971-09-07,6.71,0.0,20.5,10.6,5.6,9,7,1,6.83,14.67
1971-09-08,5.46,0.0,20.7,11.5,6.6,9,8,2,6.71,13.25
1971-09-09,6.08,0.0,20.6,9.5,4.1,9,9,3,5.46,12.04
1971-09-10,8.96,0.0,17.8,14.0,11.5,9,10,4,6.08,2.83
1971-09-11,8.21,0.0,17.0,14.3,12.5,9,11,5,8.96,4.63
1971-09-12,1.67,0.0,18.5,7.0,4.0,9,12,6,8.21,5.04
1971-09-13,2.54,0.0,21.5,10.4,6.8,9,13,0,1.67,6.83
1971-09-14,4.25,0.0,20.9,10.4,8.0,9,14,1,2.54,6.71
1971-09-15,3.92,0.0,21.4,14.3,12.0,9,15,2,4.25,5.46
1971-09-16,3.67,0.0,20.0,9.6,5.5,9,16,3,3.92,6.08
1971-09-17,7.33,0.0,19.3,15.0,12.3,9,17,4,3.67,8.96
1971-09-18,1.58,0.0,19.0,8.6,4.6,9,18,5,7.33,8.21
1971-09-19,6.96,0.0,18.7,8.0,2.7,9,19,6,1.58,1.67
1971-09-20,5.13,0.0,19.8,11.8,8.4,9,20,0,6.96,2.54
1971-09-21,2.83,0.0,20.4,14.5,13.8,9,21,1,5.13,4.25
1971-09-22,2.0,0.0,19.4,10.0,5.2,9,22,2,2.83,3.92
1971-09-23,6.0,0.0,17.3,12.4,11.0,9,23,3,2.0,3.67
1971-09-24,6.17,0.1,14.6,10.9,9.0,9,24,4,6.0,7.33
1971-09-25,6.54,3.1,15.7,5.6,1.0,9,25,5,6.17,1.58
1971-09-26,8.71,9.7,17.8,10.0,8.6,9,26,6,6.54,6.96
1971-09-27,8.38,0.0,16.6,7.0,4.5,9,27,0,8.71,5.13
1971-09-28,4.17,5.7,16.7,5.0,2.5,9,28,1,8.38,2.83
1971-09-29,10.79,0.2,19.4,7.5,2.73654650788542,9,29,2,4.17,2.0
1971-09-30,7.41,0.0,22.7,15.2,13.9,9,30,3,10.79,6.0
1971-10-01,5.71,0.0,22.0,12.9,9.0,10,1,4,7.41,6.17
1971-10-02,4.79,0.9,19.0,13.6,9.5,10,2,5,5.71,6.54
1971-10-03,2.92,0.0,19.0,12.0,8.0,10,3,6,4.79,8.71
1971-10-04,5.17,0.0,17.1,12.4,9.5,10,4,0,2.92,8.38
1971-10-05,7.04,0.0,18.3,14.4,11.4,10,5,1,5.17,4.17
1971-10-06,10.79,0.1,20.4,11.9,8.4,10,6,2,7.04,10.79
1971-10-07,8.67,2.0,20.1,16.0,14.5,10,7,3,10.79,7.41
1971-10-08,9.75,0.5,16.4,13.0,11.0,10,8,4,8.67,5.71
1971-10-09,9.92,0.0,17.1,12.0,10.6,10,9,5,9.75,4.79
1971-10-10,16.92,5.3,19.0,12.5,10.5,10,10,6,9.92,2.92
1971-10-11,8.33,0.0,18.6,13.0,12.0,10,11,0,16.92,5.17
1971-10-12,7.33,2.1,11.3,8.0,5.0,10,12,1,8.33,7.04
1971-10-13,12.46,2.2,9.8,7.8,5.5,10,13,2,7.33,10.79
1971-10-14,6.38,0.1,13.4,2.3,-2.5,10,14,3,12.46,8.67
1971-10-15,11.92,0.1,14.7,3.7,2.73654650788542,10,15,4,6.38,9.75
1971-10-16,6.42,2.1,16.8,10.5,7.2,10,16,5,11.92,9.92
1971-10-17,17.0,5.3,14.2,10.3,5.1,10,17,6,6.42,16.92
1971-10-18,16.62,12.4,14.7,9.6,7.1,10,18,0,17.0,8.33
1971-10-19,17.08,0.1,13.7,9.6,7.9,10,19,1,16.62,7.33
1971-10-20,14.21,0.1,14.9,7.8,4.8,10,20,2,17.08,12.46
1971-10-21,16.79,0.0,17.2,7.0,2.5,10,21,3,14.21,6.38
1971-10-22,14.46,0.0,21.8,14.8,12.6,10,22,4,16.79,11.92
1971-10-23,6.71,0.1,18.0,9.5,4.0,10,23,5,14.46,6.42
1971-10-24,8.04,0.0,14.4,8.0,4.0,10,24,6,6.71,17.0
1971-10-25,7.12,0.0,13.4,1.4,-2.8,10,25,0,8.04,16.62
1971-10-26,10.46,0.0,13.5,4.5,2.73654650788542,10,26,1,7.12,17.08
1971-10-27,10.67,0.0,12.1,10.5,6.6,10,27,2,10.46,14.21
1971-10-28,13.75,0.2,13.9,8.8,2.5,10,28,3,10.67,16.79
1971-10-29,7.92,0.0,14.2,8.9,5.0,10,29,4,13.75,14.46
1971-10-30,10.71,1.4,14.3,9.0,2.5,10,30,5,7.92,6.71
1971-10-31,6.21,0.0,16.5,4.4,0.9,10,31,6,10.71,8.04
1971-11-01,9.79,0.0,16.6,11.1,9.3,11,1,0,6.21,7.12
1971-11-02,14.96,1.3,17.0,13.6,10.6,11,2,1,9.79,10.46
1971-11-03,9.0,0.0,16.3,9.6,8.8,11,3,2,14.96,10.67
1971-11-04,15.12,8.1,16.4,11.2,8.5,11,4,3,9.0,13.75
1971-11-05,11.96,0.0,11.2,8.5,7.8,11,5,4,15.12,7.92
1971-11-06,9.54,0.0,10.3,3.6,0.8,11,6,5,11.96,10.71
1971-11-07,13.92,2.5,13.2,2.5,-2.0,11,7,6,9.54,6.21
1971-11-08,15.12,0.5,8.5,2.9,0.1,11,8,0,13.92,9.79
1971-11-09,10.21,0.0,6.4,1.0,-2.0,11,9,1,15.12,14.96
1971-11-10,6.21,0.3,7.8,1.0,-3.0,11,10,2,10.21,9.0
1971-11-11,2.88,0.2,10.2,4.4,4.0,11,11,3,6.21,15.12
1971-11-12,9.08,0.6,10.8,7.0,5.6,11,12,4,2.88,11.96
1971-11-13,10.0,0.4,9.5,4.9,2.0,11,13,5,9.08,9.54
1971-11-14,7.58,0.0,10.0,3.4,-0.6,11,14,6,10.0,13.92
1971-11-15,14.37,0.2,11.9,5.1,6.1,11,15,0,7.58,15.12
1971-11-16,14.37,1.0,11.8,9.1,8.2,11,16,1,14.37,10.21
1971-11-17,12.17,11.9,13.0,4.0,0.5,11,17,2,14.37,6.21
1971-11-18,11.63,1.3,3.4,0.9,-0.5,11,18,3,12.17,2.88
1971-11-19,11.34,0.0,4.1,-0.7,-4.0,11,19,4,11.63,9.08
1971-11-20,13.13,9.3,12.7,-3.3,-8.8,11,20,5,11.34,10.0
1971-11-21,20.33,0.0,7.0,3.4,1.2,11,21,6,13.13,7.58
1971-11-22,12.38,0.6,8.4,0.6,-2.3,11,22,0,20.33,14.37
1971-11-23,12.5,0.4,9.6,3.3,2.73654650788542,11,23,1,12.38,14.37
1971-11-24,7.08,0.0,8.6,0.7,-4.8,11,24,2,12.5,12.17
1971-11-25,12.42,0.2,11.8,1.1,-1.7,11,25,3,7.08,11.63
1971-11-26,9.21,0.1,11.2,8.5,2.8,11,26,4,12.42,11.34
1971-11-27,9.62,0.7,8.4,8.2,5.6,11,27,5,9.21,13.13
1971-11-28,9.04,0.1,4.4,-1.5,-7.8,11,28,6,9.62,20.33
1971-11-29,7.83,0.9,9.0,-2.5,-8.5,11,29,0,9.04,12.38
1971-11-30,9.08,0.0,7.7,0.8,-3.0,11,30,1,7.83,12.5
1971-12-01,8.54,4.8,7.0,2.0,0.5,12,1,2,9.08,7.08
1971-12-02,5.13,0.0,8.4,3.0,2.5,12,2,3,8.54,12.42
1971-12-03,7.41,0.0,10.0,-1.1,-4.0,12,3,4,5.13,9.21
1971-12-04,9.67,0.2,11.5,0.5,1.2,12,4,5,7.41,9.62
1971-12-05,4.96,0.0,9.8,9.0,7.0,12,5,6,9.67,9.04
1971-12-06,5.96,0.0,9.4,2.1,-2.0,12,6,0,4.96,7.83
1971-12-07,8.33,0.0,5.5,-0.9,-3.5,12,7,1,5.96,9.08
1971-12-08,8.42,0.0,8.0,-0.5,-5.2,12,8,2,8.33,8.54
1971-12-09,11.12,0.0,10.0,3.4,2.73654650788542,12,9,3,8.42,5.13
1971-12-10,11.58,0.0,10.4,8.0,6.8,12,10,4,11.12,7.41
1971-12-11,12.29,0.0,9.6,8.4,6.6,12,11,5,11.58,9.67
1971-12-12,10.88,0.6,11.0,8.2,6.3,12,12,6,12.29,4.96
1971-12-13,12.08,0.0,12.4,8.6,5.5,12,13,0,10.88,5.96
1971-12-14,17.04,0.0,12.8,9.0,5.5,12,14,1,12.08,8.33
1971-12-15,15.37,0.0,10.8,9.0,5.4,12,15,2,17.04,8.42
1971-12-16,12.29,0.0,14.0,9.4,7.6,12,16,3,15.37,11.12
1971-12-17,9.17,0.0,12.2,7.8,4.0,12,17,4,12.29,11.58
1971-12-18,14.62,1.8,12.8,10.0,8.0,12,18,5,9.17,12.29
1971-12-19,19.33,2.5,13.2,9.0,6.1,12,19,6,14.62,10.88
1971-12-20,21.92,0.2,15.0,6.1,4.0,12,20,0,19.33,12.08
1971-12-21,15.41,0.0,12.6,9.8,7.7,12,21,1,21.92,17.04
1971-12-22,3.96,5.1,9.0,6.0,3.6,12,22,2,15.41,15.37
1971-12-23,13.13,0.0,11.3,0.5,-4.5,12,23,3,3.96,12.29
1971-12-24,16.42,0.0,12.0,0.6,2.73654650788542,12,24,4,13.13,9.17
1971-12-25,11.79,1.4,10.8,10.4,8.8,12,25,5,16.42,14.62
1971-12-26,11.04,10.2,10.5,6.5,0.5,12,26,6,11.79,19.33
1971-12-27,13.13,10.8,8.6,7.7,6.4,12,27,0,11.04,21.92
1971-12-28,13.25,0.7,6.8,5.5,2.0,12,28,1,13.13,15.41
1971-12-29,14.58,0.4,6.5,4.0,1.1,12,29,2,13.25,3.96
1971-12-30,16.21,0.5,6.6,5.1,2.4,12,30,3,14.58,13.13
1971-12-31,21.04,0.0,7.7,4.5,2.1,12,31,4,16.21,16.42
1972-01-01,13.0,0.0,6.8,6.0,5.0,1,1,5,21.04,11.79
1972-01-02,6.04,3.6,6.8,3.3,2.9,1,2,6,13.0,11.04
1972-01-03,3.88,1.2,5.0,2.7,1.6,1,3,0,6.04,13.13
1972-01-04,2.62,0.0,3.2,-1.4,-7.0,1,4,1,3.88,13.25
1972-01-05,2.75,0.2,5.0,-1.7,-6.9,1,5,2,2.62,14.58
1972-01-06,7.62,0.3,7.1,-1.8,2.73654650788542,1,6,3,2.75,16.21
1972-01-07,16.46,2.2,8.6,4.9,2.0,1,7,4,7.62,21.04
1972-01-08,17.0,7.5,9.4,5.4,4.0,1,8,5,16.46,13.0
1972-01-09,5.25,0.8,9.8,1.1,-3.4,1,9,6,17.0,6.04
1972-01-10,14.04,6.0,10.0,1.7,-0.7,1,10,0,5.25,3.88
1972-01-11,11.34,7.8,8.5,6.0,2.4,1,11,1,14.04,2.62
1972-01-12,11.87,0.3,9.9,3.5,2.0,1,12,2,11.34,2.75
1972-01-13,4.12,13.8,8.0,1.0,-4.1,1,13,3,11.87,7.62
1972-01-14,16.08,1.9,9.0,2.2,-3.0,1,14,4,4.12,16.46
1972-01-15,15.34,13.7,7.5,3.9,4.4,1,15,5,16.08,17.0
1972-01-16,16.58,3.5,8.6,2.5,2.0,1,16,6,15.34,5.25
1972-01-17,12.38,2.4,8.5,5.5,3.6,1,17,0,16.58,14.04
1972-01-18,12.33,10.5,11.9,3.2,-0.8,1,18,1,12.38,11.34
1972-01-19,11.25,0.0,5.7,1.6,-1.4,1,19,2,12.33,11.87
1972-01-20,10.41,0.0,5.2,-1.9,-7.6,1,20,3,11.25,4.12
1972-01-21,10.41,0.2,8.3,0.2,-2.5,1,21,4,10.41,16.08
1972-01-22,13.7,0.0,11.7,2.0,2.73654650788542,1,22,5,10.41,15.34
1972-01-23,13.0,3.9,12.3,8.1,6.5,1,23,6,13.7,16.58
1972-01-24,14.0,0.3,5.0,0.6,-1.8,1,24,0,13.0,12.38
1972-01-25,9.13,1.0,10.1,0.6,-2.8,1,25,1,14.0,12.33
1972-01-26,12.87,3.3,10.8,5.0,4.0,1,26,2,9.13,11.25
1972-01-27,18.05,0.1,7.2,3.1,-0.1,1,27,3,12.87,10.41
1972-01-28,14.04,0.8,6.2,5.1,1.2,1,28,4,18.05,10.41
1972-01-29,14.92,0.0,3.7,3.3,-2.5,1,29,5,14.04,13.7
1972-01-30,6.92,3.6,2.5,-1.6,-2.9,1,30,6,14.92,13.0
1972-01-31,12.5,5.8,5.7,-11.5,-11.1,1,31,0,6.92,14.0
1972-02-01,17.29,6.2,8.0,1.0,1.4,2,1,1,12.5,9.13
1972-02-02,25.04,15.8,7.8,5.0,2.3,2,2,2,17.29,12.87
1972-02-03,9.08,0.0,8.5,4.0,1.4,2,3,3,25.04,18.05
1972-02-04,6.04,3.2,9.5,-2.0,-8.2,2,4,4,9.08,14.04
1972-02-05,10.46,1.5,6.5,-0.1,2.73654650788542,2,5,5,6.04,14.92
1972-02-06,1.92,0.0,7.8,0.5,-5.0,2,6,6,10.46,6.92
1972-02-07,3.33,1.6,8.0,-1.5,-7.6,2,7,0,1.92,12.5
1972-02-08,8.38,0.2,9.9,-0.9,-6.9,2,8,1,3.33,17.29
1972-02-09,7.83,0.2,8.5,-1.0,-8.1,2,9,2,8.38,25.04
1972-02-10,10.21,7.0,9.1,3.4,0.5,2,10,3,7.83,9.08
1972-02-11,11.46,1.4,7.6,3.1,-4.1,2,11,4,10.21,6.04
1972-02-12,13.67,2.3,8.8,1.4,-4.2,2,12,5,11.46,10.46
1972-02-13,12.58,0.0,7.9,1.5,-4.7,2,13,6,13.67,1.92
1972-02-14,9.21,7.9,8.8,1.0,-5.2,2,14,0,12.58,3.33
1972-02-15,13.96,2.0,10.2,3.8,0.9,2,15,1,9.21,8.38
1972-02-16,17.12,3.1,6.8,4.8,1.5,2,16,2,13.96,7.83
1972-02-17,14.17,0.0,8.0,5.0,3.8,2,17,3,17.12,10.21
1972-02-18,12.96,0.0,6.2,5.4,0.1,2,18,4,14.17,11.46
1972-02-19,4.33,0.0,5.8,4.4,3.2,2,19,5,12.96,13.67
1972-02-20,4.12,0.0,5.0,4.5,4.0,2,20,6,4.33,12.58
1972-02-21,4.58,0.0,6.6,3.5,2.4,2,21,0,4.12,9.21
1972-02-22,7.5,0.1,6.6,4.0,2.6,2,22,1,4.58,13.96
1972-02-23,14.12,0.0,8.6,4.5,3.2,2,23,2,7.5,17.12
1972-02-24,14.42,0.2,6.7,5.3,2.5,2,24,3,14.12,14.17
1972-02-25,7.5,0.1,7.8,5.2,4.0,2,25,4,14.42,12.96
1972-02-26,8.29,0.0,10.6,4.0,-1.2,2,26,5,7.5,4.33
1972-02-27,11.83,0.1,10.2,1.5,-5.0,2,27,6,8.29,4.12
1972-02-28,8.04,1.0,11.2,7.2,6.7,2,28,0,11.83,4.58
1972-02-29,8.58,0.8,9.4,5.2,-2.0,2,29,1,8.04,7.5
1972-03-01,7.38,0.0,10.1,1.0,-5.5,3,1,2,8.58,14.12
1972-03-02,10.88,1.0,8.2,-1.8,-8.5,3,2,3,7.38,14.42
1972-03-03,18.12,10.6,8.0,3.5,-0.6,3,3,4,10.88,7.5
1972-03-04,11.42,0.2,7.0,0.4,-2.0,3,4,5,18.12,8.29
1972-03-05,8.87,5.5,9.3,1.0,-3.7,3,5,6,11.42,11.83
1972-03-06,18.41,0.5,9.5,1.0,-2.0,3,6,0,8.87,8.04
1972-03-07,15.83,0.0,7.7,5.6,2.8,3,7,1,18.41,8.58
1972-03-08,7.87,0.0,7.4,4.8,3.0,3,8,2,15.83,7.38
1972-03-09,4.83,0.0,8.6,-0.8,-6.8,3,9,3,7.87,10.88
1972-03-10,11.17,0.2,7.2,3.0,0.0,3,10,4,4.83,18.12
1972-03-11,18.96,0.0,6.4,4.5,3.4,3,11,5,11.17,11.42
1972-03-12,16.5,0.0,7.1,3.5,0.6,3,12,6,18.96,8.87
1972-03-13,11.46,0.0,7.5,2.3,-1.1,3,13,0,16.5,18.41
1972-03-14,7.75,0.0,10.0,2.0,2.0,3,14,1,11.46,15.83
1972-03-15,3.29,0.0,11.2,0.4,-5.5,3,15,2,7.75,7.87
1972-03-16,2.29,0.0,10.8,4.9,2.5,3,16,3,3.29,4.83
1972-03-17,6.5,0.0,11.6,4.6,4.8,3,17,4,2.29,11.17
1972-03-18,6.79,1.8,12.8,5.5,3.6,3,18,5,6.5,18.96
1972-03-19,3.71,1.4,9.0,5.5,6.0,3,19,6,6.79,16.5
1972-03-20,4.12,0.0,12.5,5.1,0.3,3,20,0,3.71,11.46
1972-03-21,3.63,0.0,13.0,-1.5,-8.3,3,21,1,4.12,7.75
1972-03-22,6.87,0.0,10.0,0.1,-6.9,3,22,2,3.63,3.29
1972-03-23,3.88,0.0,13.2,6.0,1.2,3,23,3,6.87,2.29
1972-03-24,6.04,0.0,15.4,6.4,1.5,3,24,4,3.88,6.5
1972-03-25,9.46,1.7,12.1,4.0,-2.5,3,25,5,6.04,6.79
1972-03-26,15.63,4.1,10.0,1.7,-1.8,3,26,6,9.46,3.71
1972-03-27,22.92,7.8,8.4,3.4,1.1,3,27,0,15.63,4.12
1972-03-28,16.08,0.3,10.0,2.1,-0.7,3,28,1,22.92,3.63
1972-03-29,9.54,3.8,11.0,1.8,-1.8,3,29,2,16.08,6.87
1972-03-30,9.33,4.9,13.1,6.0,4.5,3,30,3,9.54,3.88
1972-03-31,8.54,10.3,12.9,5.4,1.2,3,31,4,9.33,6.04
1972-04-01,17.04,0.1,18.1,7.6,2.73654650788542,4,1,5,8.54,9.46
1972-04-02,17.33,0.3,15.0,12.6,11.5,4,2,6,17.04,15.63
1972-04-03,14.42,0.4,10.5,5.9,2.9,4,3,0,17.33,22.92
1972-04-04,14.21,4.8,11.3,7.9,6.1,4,4,1,14.42,16.08
1972-04-05,19.29,3.1,11.0,5.4,5.0,4,5,2,14.21,9.54
1972-04-06,12.62,3.7,12.4,4.1,0.7,4,6,3,19.29,9.33
1972-04-07,11.67,2.8,12.2,5.6,2.6,4,7,4,12.62,8.54
1972-04-08,14.88,0.1,12.1,5.5,4.8,4,8,5,11.67,17.04
1972-04-09,11.54,1.2,12.4,3.0,0.4,4,9,6,14.88,17.33
1972-04-10,18.16,3.4,10.1,4.5,2.2,4,10,0,11.54,14.42
1972-04-11,18.12,0.0,12.0,4.8,2.1,4,11,1,18.16,14.21
1972-04-12,9.17,0.0,12.3,4.9,0.3,4,12,2,18.12,19.29
1972-04-13,5.46,0.0,10.0,6.0,3.9,4,13,3,9.17,12.62
1972-04-14,13.92,0.5,13.3,3.1,-0.6,4,14,4,5.46,11.67
1972-04-15,9.5,0.0,11.5,3.5,0.3,4,15,5,13.92,14.88
1972-04-16,6.25,0.0,12.8,3.0,2.73654650788542,4,16,6,9.5,11.54
1972-04-17,5.46,0.0,14.5,8.9,8.0,4,17,0,6.25,18.16
1972-04-18,7.75,0.0,13.8,8.2,6.4,4,18,1,5.46,18.12
1972-04-19,6.34,0.0,11.4,2.0,-3.8,4,19,2,7.75,9.17
1972-04-20,6.29,0.0,10.8,1.4,-3.1,4,20,3,6.34,5.46
1972-04-21,6.71,0.1,14.8,0.1,-3.8,4,21,4,6.29,13.92
1972-04-22,12.42,0.0,10.8,7.3,2.73654650788542,4,22,5,6.71,9.5
1972-04-23,8.71,0.0,10.2,5.2,1.4,4,23,6,12.42,6.25
1972-04-24,11.34,0.0,10.6,6.0,1.0,4,24,0,8.71,5.46
1972-04-25,5.21,0.0,11.2,5.8,3.9,4,25,1,11.34,7.75
1972-04-26,8.0,0.0,10.8,4.2,0.2,4,26,2,5.21,6.34
1972-04-27,9.17,0.0,13.0,6.0,3.0,4,27,3,8.0,6.29
1972-04-28,13.0,3.5,11.5,5.6,1.5,4,28,4,9.17,6.71
1972-04-29,15.04,1.0,11.0,6.5,6.0,4,29,5,13.0,12.42
1972-04-30,11.5,3.4,12.9,6.3,4.6,4,30,6,15.04,8.71
1972-05-01,6.67,1.2,14.4,6.2,1.3,5,1,0,11.5,11.34
1972-05-02,4.5,0.0,13.1,4.3,-1.4,5,2,1,6.67,5.21
1972-05-03,9.62,0.2,14.5,6.5,4.0,5,3,2,4.5,8.0
1972-05-04,9.83,0.0,14.6,6.3,2.9,5,4,3,9.62,9.17
1972-05-05,9.71,1.0,11.9,7.8,2.7,5,5,4,9.83,13.0
1972-05-06,3.17,3.1,11.5,8.9,8.5,5,6,5,9.71,15.04
1972-05-07,8.17,0.6,11.8,7.0,5.5,5,7,6,3.17,11.5
1972-05-08,15.09,5.6,13.2,7.6,5.5,5,8,0,8.17,6.67
1972-05-09,10.0,4.0,14.5,7.6,3.0,5,9,1,15.09,4.5
1972-05-10,8.67,0.2,15.6,4.2,2.73654650788542,5,10,2,10.0,9.62
1972-05-11,7.67,17.2,11.0,6.9,1.9,5,11,3,8.67,9.83
1972-05-12,8.87,1.7,10.8,4.5,2.2,5,12,4,7.67,9.71
1972-05-13,10.88,0.0,12.5,5.6,3.1,5,13,5,8.87,3.17
1972-05-14,10.41,0.0,11.9,8.1,6.4,5,14,6,10.88,8.17
1972-05-15,11.67,0.0,13.3,7.0,4.8,5,15,0,10.41,15.09
1972-05-16,4.21,0.0,13.6,3.5,0.0,5,16,1,11.67,10.0
1972-05-17,4.71,0.0,13.5,5.5,2.2,5,17,2,4.21,8.67
1972-05-18,3.21,3.4,14.0,7.5,4.4,5,18,3,4.71,7.67
1972-05-19,8.87,0.8,13.5,9.0,6.3,5,19,4,3.21,8.87
1972-05-20,10.04,2.5,13.3,9.5,7.1,5,20,5,8.87,10.88
1972-05-21,9.5,2.0,12.5,8.5,5.6,5,21,6,10.04,10.41
1972-05-22,8.08,0.0,15.5,8.2,5.5,5,22,0,9.5,11.67
1972-05-23,12.25,1.0,13.5,9.5,7.0,5,23,1,8.08,4.21
1972-05-24,13.33,0.8,16.0,9.5,8.0,5,24,2,12.25,4.71
1972-05-25,19.75,1.5,16.1,7.0,3.5,5,25,3,13.33,3.21
1972-05-26,24.5,4.5,14.7,8.5,6.0,5,26,4,19.75,8.87
1972-05-27,18.0,0.0,15.6,9.1,7.5,5,27,5,24.5,10.04
1972-05-28,15.0,0.3,16.3,9.5,6.0,5,28,6,18.0,9.5
1972-05-29,20.08,2.4,13.7,8.6,6.2,5,29,0,15.0,8.08
1972-05-30,19.55,3.9,14.5,8.6,7.3,5,30,1,20.08,12.25
1972-05-31,7.96,2.1,15.0,8.1,5.8,5,31,2,19.55,13.33
1972-06-01,3.25,1.2,15.4,7.6,3.8,6,1,3,7.96,19.75
1972-06-02,10.63,2.0,12.3,9.6,7.4,6,2,4,3.25,24.5
1972-06-03,11.38,6.1,15.0,6.1,2.1,6,3,5,10.63,18.0
1972-06-04,4.58,0.2,12.8,5.8,4.0,6,4,6,11.38,15.0
1972-06-05,5.96,5.4,13.9,7.2,3.2,6,5,0,4.58,20.08
1972-06-06,6.92,1.8,14.0,8.9,4.0,6,6,1,5.96,19.55
1972-06-07,9.04,0.3,15.5,5.8,2.6,6,7,2,6.92,7.96
1972-06-08,9.04,2.0,13.5,8.0,3.5,6,8,3,9.04,3.25
1972-06-09,7.5,4.0,13.6,8.0,7.0,6,9,4,9.04,10.63
1972-06-10,9.0,1.9,14.0,8.0,6.0,6,10,5,7.5,11.38
1972-06-11,6.0,0.0,13.5,5.6,3.0,6,11,6,9.0,4.58
1972-06-12,4.71,0.2,14.4,7.8,5.4,6,12,0,6.0,5.96
1972-06-13,9.08,0.0,16.9,5.7,4.8,6,13,1,4.71,6.92
1972-06-14,3.08,0.5,18.0,6.4,2.9,6,14,2,9.08,9.04
1972-06-15,6.92,0.0,17.6,10.5,10.0,6,15,3,3.08,9.04
1972-06-16,3.54,0.6,18.1,9.2,6.3,6,16,4,6.92,7.5
1972-06-17,15.04,1.6,16.5,12.7,10.3,6,17,5,3.54,9.0
1972-06-18,13.0,1.3,16.1,11.3,10.5,6,18,6,15.04,6.0
1972-06-19,11.63,0.1,16.5,7.5,5.3,6,19,0,13.0,4.71
1972-06-20,10.83,1.7,16.4,9.2,5.6,6,20,1,11.63,9.08
1972-06-21,18.38,0.0,17.0,9.8,5.5,6,21,2,10.83,3.08
1972-06-22,15.29,0.8,16.2,9.6,7.2,6,22,3,18.38,6.92
1972-06-23,12.58,0.4,13.6,9.3,7.1,6,23,4,15.29,3.54
1972-06-24,11.17,1.3,18.7,11.6,11.2,6,24,5,12.58,15.04
1972-06-25,8.21,0.0,17.4,11.0,10.8,6,25,6,11.17,13.0
1972-06-26,5.91,17.2,17.8,8.2,2.1,6,26,0,8.21,11.63
1972-06-27,8.71,0.5,15.5,8.5,8.2,6,27,1,5.91,10.83
1972-06-28,7.87,2.6,15.9,7.0,4.0,6,28,2,8.71,18.38
1972-06-29,5.09,4.6,13.8,9.6,5.5,6,29,3,7.87,15.29
1972-06-30,9.79,0.0,15.0,9.4,5.5,6,30,4,5.09,12.58
1972-07-01,12.71,0.0,16.3,8.7,5.2,7,1,5,9.79,11.17
1972-07-02,9.04,0.6,19.1,11.0,10.0,7,2,6,12.71,8.21
1972-07-03,8.75,12.1,15.0,9.0,5.0,7,3,0,9.04,5.91
1972-07-04,7.62,3.7,15.0,9.0,2.73654650788542,7,4,1,8.75,8.71
1972-07-05,8.42,0.5,17.0,9.0,6.5,7,5,2,7.62,7.87
1972-07-06,5.0,2.6,16.7,10.6,8.2,7,6,3,8.42,5.09
1972-07-07,10.92,0.0,17.0,11.3,11.1,7,7,4,5.0,9.79
1972-07-08,4.17,0.0,16.5,7.5,1.6,7,8,5,10.92,12.71
1972-07-09,9.92,0.9,16.0,7.9,2.5,7,9,6,4.17,9.04
1972-07-10,15.25,2.4,17.4,7.9,6.7,7,10,0,9.92,8.75
1972-07-11,8.04,0.1,16.7,9.5,7.3,7,11,1,15.25,7.62
1972-07-12,7.29,0.3,18.2,12.0,9.6,7,12,2,8.04,8.42
1972-07-13,3.79,0.0,19.5,13.4,14.4,7,13,3,7.29,5.0
1972-07-14,2.5,0.0,21.0,15.0,14.6,7,14,4,3.79,10.92
1972-07-15,3.54,0.0,22.3,10.4,7.0,7,15,5,2.5,4.17
1972-07-16,4.33,0.0,21.0,11.6,9.1,7,16,6,3.54,9.92
1972-07-17,6.58,0.0,22.7,11.1,7.0,7,17,0,4.33,15.25
1972-07-18,9.96,0.0,22.5,13.5,8.0,7,18,1,6.58,8.04
1972-07-19,4.08,0.0,23.4,13.0,9.6,7,19,2,9.96,7.29
1972-07-20,3.67,0.0,24.0,12.5,10.2,7,20,3,4.08,3.79
1972-07-21,3.08,1.0,18.0,11.7,8.7,7,21,4,3.67,2.5
1972-07-22,3.21,0.1,20.0,14.0,14.5,7,22,5,3.08,3.54
1972-07-23,4.29,0.0,21.2,12.0,8.8,7,23,6,3.21,4.33
1972-07-24,5.46,3.9,21.9,12.1,8.5,7,24,0,4.29,6.58
1972-07-25,4.21,0.0,19.8,13.0,11.7,7,25,1,5.46,9.96
1972-07-26,4.04,0.0,20.4,13.6,9.7,7,26,2,4.21,4.08
1972-07-27,2.33,0.0,21.7,9.5,5.0,7,27,3,4.04,3.67
1972-07-28,3.75,1.0,19.8,12.9,8.5,7,28,4,2.33,3.08
1972-07-29,6.17,0.2,17.7,12.9,12.0,7,29,5,3.75,3.21
1972-07-30,5.09,2.2,17.5,12.5,8.3,7,30,6,6.17,4.29
1972-07-31,8.33,11.6,17.7,12.4,11.0,7,31,0,5.09,5.46
1972-08-01,12.42,0.3,15.2,11.4,10.5,8,1,1,8.33,4.21
1972-08-02,11.5,0.0,17.6,12.0,10.0,8,2,2,12.42,4.04
1972-08-03,8.63,0.7,17.9,9.6,6.1,8,3,3,11.5,2.33
1972-08-04,17.54,0.0,19.4,11.6,10.8,8,4,4,8.63,3.75
1972-08-05,11.21,2.0,20.0,11.9,11.0,8,5,5,17.54,6.17
1972-08-06,9.83,0.2,20.4,13.1,9.3,8,6,6,11.21,5.09
1972-08-07,12.62,11.8,19.7,11.9,7.5,8,7,0,9.83,8.33
1972-08-08,14.12,4.0,16.7,14.0,10.9,8,8,1,12.62,12.42
1972-08-09,9.87,0.1,16.6,11.0,8.3,8,9,2,14.12,11.5
1972-08-10,7.17,2.9,15.2,6.1,-0.5,8,10,3,9.87,8.63
1972-08-11,6.92,1.2,16.0,5.6,-0.6,8,11,4,7.17,17.54
1972-08-12,9.92,0.9,17.5,12.4,10.1,8,12,5,6.92,11.21
1972-08-13,3.92,0.0,18.0,10.0,4.9,8,13,6,9.92,9.83
1972-08-14,7.04,0.2,20.0,13.5,11.0,8,14,0,3.92,12.62
1972-08-15,6.67,0.0,17.0,9.0,5.0,8,15,1,7.04,14.12
1972-08-16,11.54,0.7,18.7,11.1,10.2,8,16,2,6.67,9.87
1972-08-17,15.12,0.0,18.6,14.0,14.0,8,17,3,11.54,7.17
1972-08-18,8.87,0.0,17.0,9.9,7.2,8,18,4,15.12,6.92
1972-08-19,8.58,0.1,20.9,7.7,4.1,8,19,5,8.87,9.92
1972-08-20,8.25,0.4,19.3,14.4,14.5,8,20,6,8.58,3.92
1972-08-21,4.29,0.0,20.3,7.0,4.1,8,21,0,8.25,7.04
1972-08-22,2.62,0.0,20.0,11.9,6.6,8,22,1,4.29,6.67
1972-08-23,7.92,0.0,21.6,11.7,7.6,8,23,2,2.62,11.54
1972-08-24,5.0,0.0,18.7,12.1,10.6,8,24,3,7.92,15.12
1972-08-25,5.88,0.0,16.0,9.5,3.7,8,25,4,5.0,8.87
1972-08-26,6.71,0.0,17.2,8.4,5.1,8,26,5,5.88,8.58
1972-08-27,6.13,0.0,16.2,9.0,3.6,8,27,6,6.71,8.25
1972-08-28,6.83,0.0,17.5,14.0,12.6,8,28,0,6.13,4.29
1972-08-29,6.92,0.0,17.6,10.7,6.2,8,29,1,6.83,2.62
1972-08-30,4.88,0.0,18.5,8.4,4.0,8,30,2,6.92,7.92
1972-08-31,5.33,0.0,17.5,6.9,3.0,8,31,3,4.88,5.0
1972-09-01,3.67,0.0,22.0,7.5,3.0,9,1,4,5.33,5.88
1972-09-02,4.75,0.0,23.2,8.0,4.0,9,2,5,3.67,6.71
1972-09-03,6.38,0.0,21.2,8.9,6.0,9,3,6,4.75,6.13
1972-09-04,5.91,0.0,15.2,11.5,11.3,9,4,0,6.38,6.83
1972-09-05,3.96,0.0,17.1,11.1,8.0,9,5,1,5.91,6.92
1972-09-06,5.96,1.8,17.5,7.1,3.4,9,6,2,3.96,4.88
1972-09-07,10.0,0.0,17.0,10.4,9.9,9,7,3,5.96,5.33
1972-09-08,6.17,2.9,14.0,2.4,-1.6,9,8,4,10.0,3.67
1972-09-09,10.67,0.2,14.0,4.4,2.0,9,9,5,6.17,4.75
1972-09-10,11.58,0.1,14.8,3.0,0.0,9,10,6,10.67,6.38
1972-09-11,12.38,0.0,15.7,6.0,2.4,9,11,0,11.58,5.91
1972-09-12,10.67,0.5,15.1,9.6,8.2,9,12,1,12.38,3.96
1972-09-13,10.13,0.0,16.3,9.5,8.0,9,13,2,10.67,5.96
1972-09-14,5.0,0.0,15.4,6.4,2.4,9,14,3,10.13,10.0
1972-09-15,4.54,0.0,17.5,3.6,0.0,9,15,4,5.0,6.17
1972-09-16,7.58,0.1,14.6,9.8,6.0,9,16,5,4.54,10.67
1972-09-17,3.88,0.0,16.0,6.1,0.5,9,17,6,7.58,11.58
1972-09-18,4.5,0.0,14.0,5.8,1.5,9,18,0,3.88,12.38
1972-09-19,5.83,0.0,13.0,9.8,9.0,9,19,1,4.5,10.67
1972-09-20,6.17,0.4,18.4,4.8,-0.5,9,20,2,5.83,10.13
1972-09-21,7.08,0.4,16.0,10.2,10.0,9,21,3,6.17,5.0
1972-09-22,4.38,0.0,18.0,8.0,4.0,9,22,4,7.08,4.54
1972-09-23,7.87,0.0,17.6,11.1,11.0,9,23,5,4.38,7.58
1972-09-24,10.29,0.0,13.7,11.1,8.9,9,24,6,7.87,3.88
1972-09-25,6.63,0.0,12.8,10.9,9.8,9,25,0,10.29,4.5
1972-09-26,3.54,0.0,16.0,2.5,-1.7,9,26,1,6.63,5.83
1972-09-27,3.5,0.0,17.4,7.2,2.1,9,27,2,3.54,6.17
1972-09-28,2.54,0.0,16.0,3.1,-1.5,9,28,3,3.5,7.08
1972-09-29,8.33,0.0,17.9,4.0,-0.4,9,29,4,2.54,4.38
1972-09-30,11.5,0.0,17.7,11.6,8.9,9,30,5,8.33,7.87
1972-10-01,11.42,0.4,14.5,12.0,10.1,10,1,6,11.5,10.29
1972-10-02,9.13,0.0,15.2,8.9,5.1,10,2,0,11.42,6.63
1972-10-03,3.5,0.0,16.9,10.9,6.5,10,3,1,9.13,3.54
1972-10-04,4.04,0.0,15.7,9.0,6.1,10,4,2,3.5,3.5
1972-10-05,7.04,0.0,15.4,3.8,-2.0,10,5,3,4.04,2.54
1972-10-06,5.75,0.0,16.5,10.1,5.0,10,6,4,7.04,8.33
1972-10-07,5.5,0.1,16.6,4.4,-0.1,10,7,5,5.75,11.5
1972-10-08,10.08,1.1,17.4,12.0,7.3,10,8,6,5.5,11.42
1972-10-09,7.71,9.8,18.0,11.6,7.0,10,9,0,10.08,9.13
1972-10-10,9.38,3.7,14.1,9.4,8.4,10,10,1,7.71,3.5
1972-10-11,11.25,0.0,15.6,9.9,8.5,10,11,2,9.38,4.04
1972-10-12,5.75,0.0,14.0,10.9,9.0,10,12,3,11.25,7.04
1972-10-13,5.91,0.0,14.5,3.5,-0.2,10,13,4,5.75,5.75
1972-10-14,8.87,0.0,13.5,7.0,0.2,10,14,5,5.91,5.5
1972-10-15,10.29,0.0,15.2,5.2,-0.4,10,15,6,8.87,10.08
1972-10-16,6.75,0.0,13.6,12.0,10.6,10,16,0,10.29,7.71
1972-10-17,10.5,0.0,12.2,11.6,10.4,10,17,1,6.75,9.38
1972-10-18,11.34,0.0,12.8,10.5,7.5,10,18,2,10.5,11.25
1972-10-19,5.83,0.0,10.9,8.5,7.1,10,19,3,11.34,5.75
1972-10-20,9.08,0.0,10.0,5.7,2.3,10,20,4,5.83,5.91
1972-10-21,10.88,0.0,12.1,1.0,-2.7,10,21,5,9.08,8.87
1972-10-22,20.62,0.0,15.0,4.3,4.8,10,22,6,10.88,10.29
1972-10-23,14.0,0.5,14.5,10.6,8.5,10,23,0,20.62,6.75
1972-10-24,9.33,0.8,13.6,4.1,-1.8,10,24,1,14.0,10.5
1972-10-25,9.17,0.0,14.5,9.9,7.1,10,25,2,9.33,11.34
1972-10-26,12.38,14.9,14.0,10.3,9.2,10,26,3,9.17,5.83
1972-10-27,8.33,7.0,13.4,8.8,8.8,10,27,4,12.38,9.08
1972-10-28,11.96,1.8,14.5,7.3,3.0,10,28,5,8.33,10.88
1972-10-29,12.87,0.2,15.3,9.0,7.7,10,29,6,11.96,20.62
1972-10-30,6.42,0.0,14.7,8.2,8.9,10,30,0,12.87,14.0
1972-10-31,4.58,0.0,13.1,6.2,1.0,10,31,1,6.42,9.33
1972-11-01,9.25,0.0,14.1,1.1,-4.0,11,1,2,4.58,9.17
1972-11-02,8.12,0.0,14.9,10.2,9.4,11,2,3,9.25,12.38
1972-11-03,8.5,15.7,14.0,12.0,11.1,11,3,4,8.12,8.33
1972-11-04,3.79,3.5,13.5,9.0,8.6,11,4,5,8.5,11.96
1972-11-05,3.88,0.0,16.1,9.6,10.5,11,5,6,3.79,12.87
1972-11-06,8.46,2.6,16.5,9.1,3.5,11,6,0,3.88,6.42
1972-11-07,6.5,0.9,9.4,8.0,7.5,11,7,1,8.46,4.58
1972-11-08,7.67,1.3,11.0,2.1,-2.9,11,8,2,6.5,9.25
1972-11-09,18.29,4.8,13.4,5.7,0.4,11,9,3,7.67,8.12
1972-11-10,15.54,0.2,7.9,4.0,1.9,11,10,4,18.29,8.5
1972-11-11,15.83,0.1,8.3,2.5,0.5,11,11,5,15.54,3.79
1972-11-12,12.33,28.0,8.3,4.0,2.3,11,12,6,15.83,3.88
1972-11-13,10.17,0.0,8.0,1.7,-0.5,11,13,0,12.33,8.46
1972-11-14,7.67,0.0,5.8,-1.1,-7.3,11,14,1,10.17,6.5
1972-11-15,8.63,0.2,5.9,-1.0,-7.6,11,15,2,7.67,7.67
1972-11-16,6.71,0.1,6.0,-0.2,-5.0,11,16,3,8.63,18.29
1972-11-17,9.25,0.0,3.3,-4.6,-12.0,11,17,4,6.71,15.54
1972-11-18,10.88,2.0,9.4,-2.9,-9.0,11,18,5,9.25,15.83
1972-11-19,8.29,2.9,10.2,-1.0,2.73654650788542,11,19,6,10.88,12.33
1972-11-20,14.5,0.6,8.8,5.8,3.8,11,20,0,8.29,10.17
1972-11-21,18.91,0.3,9.0,4.7,2.5,11,21,1,14.5,7.67
1972-11-22,9.96,0.0,8.0,4.1,0.5,11,22,2,18.91,8.63
1972-11-23,10.83,0.0,6.2,-0.4,-4.0,11,23,3,9.96,6.71
1972-11-24,6.71,0.1,4.5,-2.4,-7.2,11,24,4,10.83,9.25
1972-11-25,11.75,0.0,6.8,-2.6,-8.5,11,25,5,6.71,10.88
1972-11-26,7.87,0.0,9.5,2.5,-0.4,11,26,6,11.75,8.29
1972-11-27,15.96,1.0,11.0,5.0,4.1,11,27,0,7.87,14.5
1972-11-28,15.0,0.0,8.9,3.5,0.7,11,28,1,15.96,18.91
1972-11-29,16.96,6.6,11.0,4.0,2.1,11,29,2,15.0,9.96
1972-11-30,14.62,7.3,11.9,4.7,2.3,11,30,3,16.96,10.83
1972-12-01,18.29,0.0,10.0,5.0,2.6,12,1,4,14.62,6.71
1972-12-02,5.37,0.1,7.5,1.1,-3.2,12,2,5,18.29,11.75
1972-12-03,13.25,1.0,11.2,1.7,-2.4,12,3,6,5.37,7.87
1972-12-04,19.38,3.7,11.5,5.1,4.3,12,4,0,13.25,15.96
1972-12-05,21.71,3.4,10.6,3.7,2.0,12,5,1,19.38,15.0
1972-12-06,12.87,0.4,7.8,4.9,2.2,12,6,2,21.71,16.96
1972-12-07,15.29,0.0,7.8,4.0,2.1,12,7,3,12.87,14.62
1972-12-08,6.87,0.3,5.7,-2.1,-8.0,12,8,4,15.29,18.29
1972-12-09,13.37,1.5,8.5,-0.9,-6.0,12,9,5,6.87,5.37
1972-12-10,17.5,2.7,8.7,2.5,-0.2,12,10,6,13.37,13.25
1972-12-11,15.92,7.5,11.0,1.3,-2.0,12,11,0,17.5,19.38
1972-12-12,16.92,1.0,13.9,4.4,1.6,12,12,1,15.92,21.71
1972-12-13,11.46,3.5,13.9,5.0,2.73654650788542,12,13,2,16.92,12.87
1972-12-14,19.08,0.0,15.0,9.0,6.5,12,14,3,11.46,15.29
1972-12-15,14.54,0.0,11.9,9.5,7.3,12,15,4,19.08,6.87
1972-12-16,13.88,2.0,11.7,9.0,6.0,12,16,5,14.54,13.37
1972-12-17,17.71,0.0,12.2,10.2,9.2,12,17,6,13.88,17.5
1972-12-18,15.71,0.0,13.0,9.8,6.0,12,18,0,17.71,15.92
1972-12-19,5.29,0.0,12.9,3.6,-1.3,12,19,1,15.71,16.92
1972-12-20,2.13,0.1,8.0,-0.4,-6.0,12,20,2,5.29,11.46
1972-12-21,2.08,0.0,8.5,-0.3,-0.9,12,21,3,2.13,19.08
1972-12-22,2.62,0.0,7.7,3.7,-0.6,12,22,4,2.08,14.54
1972-12-23,8.96,0.6,8.0,2.9,-2.6,12,23,5,2.62,13.88
1972-12-24,9.71,1.2,9.8,-5.0,-11.6,12,24,6,8.96,17.71
1972-12-25,21.46,3.0,10.0,-5.4,2.73654650788542,12,25,0,9.71,15.71
1972-12-26,11.08,2.3,9.9,8.0,6.5,12,26,1,21.46,5.29
1972-12-27,18.41,21.0,10.5,7.4,3.9,12,27,2,11.08,2.13
1972-12-28,14.33,21.5,10.5,8.8,8.4,12,28,3,18.41,2.08
1972-12-29,5.88,0.1,9.1,0.0,-5.0,12,29,4,14.33,2.62
1972-12-30,7.83,1.2,11.4,0.0,-0.9,12,30,5,5.88,8.96
1972-12-31,10.67,0.0,11.9,8.0,7.1,12,31,6,7.83,9.71
1973-01-01,13.54,0.0,12.0,10.5,10.0,1,1,0,10.67,21.46
1973-01-02,13.25,1.0,12.4,10.3,9.0,1,2,1,13.54,11.08
1973-01-03,5.33,0.9,11.5,7.7,7.3,1,3,2,13.25,18.41
1973-01-04,4.5,0.0,11.4,7.9,7.4,1,4,3,5.33,14.33
1973-01-05,2.71,0.0,9.9,8.0,1.6,1,5,4,4.5,5.88
1973-01-06,5.79,0.0,8.5,6.3,3.5,1,6,5,2.71,7.83
1973-01-07,5.63,0.0,8.5,2.5,-2.6,1,7,6,5.79,10.67
1973-01-08,2.67,0.0,8.1,6.4,5.4,1,8,0,5.63,13.54
1973-01-09,3.13,0.0,8.2,5.5,4.4,1,9,1,2.67,13.25
1973-01-10,8.29,0.0,7.0,6.8,5.6,1,10,2,3.13,5.33
1973-01-11,11.58,0.0,7.1,6.0,4.7,1,11,3,8.29,4.5
1973-01-12,17.41,1.3,7.6,5.6,4.4,1,12,4,11.58,2.71
1973-01-13,10.0,3.0,7.5,6.3,5.5,1,13,5,17.41,5.79
1973-01-14,12.96,14.6,9.2,3.5,2.3,1,14,6,10.0,5.63
1973-01-15,22.04,0.2,6.6,3.9,3.2,1,15,0,12.96,2.67
1973-01-16,7.92,0.0,5.6,-0.4,-5.5,1,16,1,22.04,3.13
1973-01-17,4.5,0.2,2.4,-4.8,-9.5,1,17,2,7.92,8.29
1973-01-18,12.17,0.4,8.2,-6.8,-11.5,1,18,3,4.5,11.58
1973-01-19,25.12,14.1,9.2,-4.5,2.73654650788542,1,19,4,12.17,17.41
1973-01-20,11.12,0.5,5.3,4.6,3.2,1,20,5,25.12,10.0
1973-01-21,14.71,0.1,5.3,0.4,-2.0,1,21,6,11.12,12.96
1973-01-22,11.29,1.4,11.6,-1.9,-7.9,1,22,0,14.71,22.04
1973-01-23,12.87,0.0,12.4,1.0,2.73654650788542,1,23,1,11.29,7.92
1973-01-24,9.54,0.0,13.3,9.5,5.6,1,24,2,12.87,4.5
1973-01-25,12.83,0.3,12.5,9.4,7.0,1,25,3,9.54,12.17
1973-01-26,16.71,4.0,9.8,5.4,2.5,1,26,4,12.83,25.12
1973-01-27,6.83,6.7,9.8,6.1,4.0,1,27,5,16.71,11.12
1973-01-28,13.08,0.0,10.6,6.7,6.3,1,28,6,6.83,14.71
1973-01-29,9.59,0.9,9.9,7.9,6.0,1,29,0,13.08,11.29
1973-01-30,14.71,0.7,7.8,4.5,1.5,1,30,1,9.59,12.87
1973-01-31,11.08,2.6,8.7,1.3,-1.6,1,31,2,14.71,9.54
1973-02-01,8.0,0.1,10.5,4.0,2.9,2,1,3,11.08,12.83
1973-02-02,4.25,0.2,12.4,8.0,6.8,2,2,4,8.0,16.71
1973-02-03,6.34,0.0,10.0,7.7,6.5,2,3,5,4.25,6.83
1973-02-04,9.67,0.0,9.5,7.5,6.7,2,4,6,6.34,13.08
1973-02-05,13.42,0.0,9.6,6.0,4.0,2,5,0,9.67,9.59
1973-02-06,20.08,0.5,10.7,6.0,2.73654650788542,2,6,1,13.42,14.71
1973-02-07,12.71,3.0,10.6,8.4,7.6,2,7,2,20.08,11.08
1973-02-08,8.79,7.9,7.4,6.4,3.5,2,8,3,12.71,8.0
1973-02-09,14.09,0.1,6.2,1.4,-1.9,2,9,4,8.79,4.25
1973-02-10,14.71,0.9,6.4,1.8,-1.0,2,10,5,14.09,6.34
1973-02-11,18.5,4.4,10.0,3.9,0.0,2,11,6,14.71,9.67
1973-02-12,24.21,1.8,6.2,3.8,3.0,2,12,0,18.5,13.42
1973-02-13,16.88,0.5,3.5,-1.0,-3.0,2,13,1,24.21,20.08
1973-02-14,10.88,4.2,2.5,-1.8,-4.5,2,14,2,16.88,12.71
1973-02-15,7.92,5.5,4.8,-1.1,-5.0,2,15,3,10.88,8.79
1973-02-16,3.88,0.0,5.6,-4.0,-9.0,2,16,4,7.92,14.09
1973-02-17,2.79,0.0,8.6,-1.5,-4.9,2,17,5,3.88,14.71
1973-02-18,9.08,0.2,9.4,2.4,-3.3,2,18,6,2.79,18.5
1973-02-19,12.0,0.0,11.9,3.8,3.6,2,19,0,9.08,24.21
1973-02-20,11.58,0.2,12.0,7.6,4.0,2,20,1,12.0,16.88
1973-02-21,13.13,0.9,10.9,8.4,6.7,2,21,2,11.58,10.88
1973-02-22,17.83,0.0,8.3,4.2,1.4,2,22,3,13.13,7.92
1973-02-23,16.38,0.2,7.0,2.5,-0.5,2,23,4,17.83,3.88
1973-02-24,9.13,0.0,7.5,1.9,-0.5,2,24,5,16.38,2.79
1973-02-25,5.46,7.7,3.6,0.1,-3.5,2,25,6,9.13,9.08
1973-02-26,3.17,0.0,5.3,-0.1,-0.3,2,26,0,5.46,12.0
1973-02-27,6.96,1.5,8.9,2.5,2.73654650788542,2,27,1,3.17,11.58
1973-02-28,4.58,0.2,10.3,3.4,2.6,2,28,2,6.96,13.13
1973-03-01,13.54,1.1,9.7,6.9,4.7,3,1,3,4.58,17.83
1973-03-02,14.83,0.3,10.9,2.9,-1.4,3,2,4,13.54,16.38
1973-03-03,7.46,4.6,11.0,7.2,7.4,3,3,5,14.83,9.13
1973-03-04,8.71,0.0,10.8,8.5,6.2,3,4,6,7.46,5.46
1973-03-05,7.71,1.7,9.0,0.4,-3.8,3,5,0,8.71,3.17
1973-03-06,13.13,0.0,9.5,1.8,-0.6,3,6,1,7.71,6.96
1973-03-07,6.58,0.0,9.5,-1.9,-8.3,3,7,2,13.13,4.58
1973-03-08,5.21,0.0,10.6,-0.7,-6.5,3,8,3,6.58,13.54
1973-03-09,6.46,0.0,10.8,-2.5,-9.0,3,9,4,5.21,14.83
1973-03-10,3.79,0.0,9.8,-3.1,-8.5,3,10,5,6.46,7.46
1973-03-11,3.04,0.0,9.4,-0.8,-8.0,3,11,6,3.79,8.71
1973-03-12,6.58,0.0,9.5,2.9,2.9,3,12,0,3.04,7.71
1973-03-13,3.5,0.0,9.2,0.1,-6.5,3,13,1,6.58,13.13
1973-03-14,4.54,0.0,8.3,4.0,1.5,3,14,2,3.5,6.58
1973-03-15,2.92,0.0,7.4,4.5,4.0,3,15,3,4.54,5.21
1973-03-16,3.17,0.0,9.0,4.0,2.5,3,16,4,2.92,6.46
1973-03-17,4.92,0.0,11.7,4.1,-2.9,3,17,5,3.17,3.79
1973-03-18,6.96,0.0,13.0,6.7,-0.6,3,18,6,4.92,3.04
1973-03-19,3.67,0.0,11.5,2.1,-5.1,3,19,0,6.96,6.58
1973-03-20,3.83,0.0,11.1,-1.5,-8.5,3,20,1,3.67,3.5
1973-03-21,7.12,0.0,15.0,-1.4,-6.9,3,21,2,3.83,4.54
1973-03-22,9.0,0.0,17.0,0.1,-7.4,3,22,3,7.12,2.92
1973-03-23,8.38,0.0,15.7,3.9,-4.5,3,23,4,9.0,3.17
1973-03-24,16.38,0.0,13.3,8.4,5.5,3,24,5,8.38,4.92
1973-03-25,13.75,1.8,9.8,6.0,4.5,3,25,6,16.38,6.96
1973-03-26,8.21,0.0,9.5,-0.6,-7.6,3,26,0,13.75,3.67
1973-03-27,11.25,3.1,10.3,3.8,3.5,3,27,1,8.21,3.83
1973-03-28,9.79,0.0,11.5,3.0,0.7,3,28,2,11.25,7.12
1973-03-29,12.17,1.4,12.5,3.5,-1.0,3,29,3,9.79,9.0
1973-03-30,14.12,0.0,10.4,5.5,4.0,3,30,4,12.17,8.38
1973-03-31,18.88,0.1,11.8,4.0,1.8,3,31,5,14.12,16.38
1973-04-01,12.42,15.0,10.2,5.0,5.0,4,1,6,18.88,13.75
1973-04-02,17.41,0.5,7.2,2.0,1.5,4,2,0,12.42,8.21
1973-04-03,12.21,3.6,11.7,-0.6,-3.3,4,3,1,17.41,11.25
1973-04-04,21.54,1.6,14.5,4.5,5.0,4,4,2,12.21,9.79
1973-04-05,17.0,0.0,10.5,5.5,3.4,4,5,3,21.54,12.17
1973-04-06,18.08,0.2,9.8,4.6,3.4,4,6,4,17.0,14.12
1973-04-07,11.46,2.8,9.6,1.7,-1.5,4,7,5,18.08,18.88
1973-04-08,12.04,0.9,8.4,0.2,-2.3,4,8,6,11.46,12.42
1973-04-09,8.0,0.0,7.6,-1.5,-4.5,4,9,0,12.04,17.41
1973-04-10,9.0,0.2,10.0,3.0,-1.0,4,10,1,8.0,12.21
1973-04-11,10.04,2.3,10.0,6.3,4.3,4,11,2,9.0,21.54
1973-04-12,10.75,0.4,11.7,6.2,5.5,4,12,3,10.04,17.0
1973-04-13,8.08,0.0,12.0,6.0,3.9,4,13,4,10.75,18.08
1973-04-14,8.54,0.0,12.0,7.4,5.0,4,14,5,8.08,11.46
1973-04-15,6.63,0.0,16.1,6.7,2.9,4,15,6,8.54,12.04
1973-04-16,8.46,0.0,15.7,7.0,2.7,4,16,0,6.63,8.0
1973-04-17,8.71,0.0,14.6,3.3,0.0,4,17,1,8.46,9.0
1973-04-18,12.96,0.0,14.4,8.8,7.9,4,18,2,8.71,10.04
1973-04-19,9.08,0.0,10.5,8.2,4.5,4,19,3,12.96,10.75
1973-04-20,12.96,2.3,11.7,5.7,0.5,4,20,4,9.08,8.08
1973-04-21,11.71,2.0,11.0,5.1,4.3,4,21,5,12.96,8.54
1973-04-22,14.37,3.3,9.1,4.6,0.4,4,22,6,11.71,6.63
1973-04-23,20.17,1.5,11.1,4.5,3.0,4,23,0,14.37,8.46
1973-04-24,15.54,0.0,11.5,5.6,4.9,4,24,1,20.17,8.71
1973-04-25,5.04,0.0,12.9,6.4,3.0,4,25,2,15.54,12.96
1973-04-26,3.79,0.0,14.1,3.5,-2.0,4,26,3,5.04,9.08
1973-04-27,1.75,0.0,11.0,5.2,4.5,4,27,4,3.79,12.96
1973-04-28,5.58,3.6,9.3,4.6,1.0,4,28,5,1.75,11.71
1973-04-29,6.63,3.2,8.0,-1.9,-5.5,4,29,6,5.58,14.37
1973-04-30,8.12,0.6,11.4,3.9,-0.2,4,30,0,6.63,20.17
1973-05-01,10.58,0.4,13.5,1.6,-0.2,5,1,1,8.12,15.54
1973-05-02,7.62,8.4,12.2,1.6,-2.0,5,2,2,10.58,5.04
1973-05-03,11.75,9.2,10.6,6.8,5.8,5,3,3,7.62,3.79
1973-05-04,12.17,4.8,14.0,7.1,2.73654650788542,5,4,4,11.75,1.75
1973-05-05,10.92,3.2,14.0,7.3,5.1,5,5,5,12.17,5.58
1973-05-06,9.0,2.2,13.8,8.4,4.1,5,6,6,10.92,6.63
1973-05-07,12.38,0.6,13.3,5.6,2.6,5,7,0,9.0,8.12
1973-05-08,12.87,0.0,13.0,6.9,5.3,5,8,1,12.38,10.58
1973-05-09,14.5,3.4,14.2,8.5,8.4,5,9,2,12.87,7.62
1973-05-10,17.16,1.0,12.2,4.4,2.0,5,10,3,14.5,11.75
1973-05-11,11.12,0.0,13.3,3.9,0.5,5,11,4,17.16,12.17
1973-05-12,14.0,1.8,15.0,8.1,6.1,5,12,5,11.12,10.92
1973-05-13,7.96,0.3,13.7,7.6,8.0,5,13,6,14.0,9.0
1973-05-14,3.29,0.0,12.2,2.7,-2.9,5,14,0,7.96,12.38
1973-05-15,4.08,0.0,12.4,2.1,-2.7,5,15,1,3.29,12.87
1973-05-16,9.13,0.0,15.0,5.1,-1.9,5,16,2,4.08,14.5
1973-05-17,14.29,2.4,15.9,8.4,5.2,5,17,3,9.13,17.16
1973-05-18,9.29,6.5,16.0,9.6,7.5,5,18,4,14.29,11.12
1973-05-19,13.04,12.8,15.2,9.9,8.6,5,19,5,9.29,14.0
1973-05-20,12.92,4.7,14.1,8.7,7.8,5,20,6,13.04,7.96
1973-05-21,6.54,0.0,16.4,9.0,8.4,5,21,0,12.92,3.29
1973-05-22,8.54,5.4,15.5,10.5,7.1,5,22,1,6.54,4.08
1973-05-23,4.79,7.0,15.8,10.2,6.6,5,23,2,8.54,9.13
1973-05-24,5.46,0.0,17.9,10.0,4.5,5,24,3,4.79,14.29
1973-05-25,4.75,5.5,18.6,7.5,8.0,5,25,4,5.46,9.29
1973-05-26,5.09,0.6,20.7,11.5,10.0,5,26,5,4.75,13.04
1973-05-27,2.25,0.6,16.2,12.5,8.5,5,27,6,5.09,12.92
1973-05-28,4.83,0.0,16.8,12.0,9.6,5,28,0,2.25,6.54
1973-05-29,2.96,1.7,17.0,9.8,3.9,5,29,1,4.83,8.54
1973-05-30,9.21,0.5,18.0,11.4,9.0,5,30,2,2.96,4.79
1973-05-31,8.0,0.0,14.5,8.0,7.0,5,31,3,9.21,5.46
1973-06-01,8.12,0.0,16.1,4.9,2.0,6,1,4,8.0,4.75
1973-06-02,8.58,1.8,15.5,9.2,6.4,6,2,5,8.12,5.09
1973-06-03,6.87,0.0,16.6,8.5,6.9,6,3,6,8.58,2.25
1973-06-04,3.17,0.0,17.5,5.1,1.9,6,4,0,6.87,4.83
1973-06-05,3.71,0.0,19.6,5.7,3.0,6,5,1,3.17,2.96
1973-06-06,3.21,0.0,20.3,10.7,5.5,6,6,2,3.71,9.21
1973-06-07,1.04,0.0,19.6,10.9,6.0,6,7,3,3.21,8.0
1973-06-08,6.63,0.3,20.2,13.4,8.4,6,8,4,1.04,8.12
1973-06-09,14.79,0.2,20.2,13.6,11.9,6,9,5,6.63,8.58
1973-06-10,10.0,0.0,17.2,12.4,11.6,6,10,6,14.79,6.87
1973-06-11,9.67,0.0,19.5,12.2,11.0,6,11,0,10.0,3.17
1973-06-12,13.75,1.2,19.4,13.0,9.5,6,12,1,9.67,3.71
1973-06-13,11.04,0.0,16.2,7.0,2.6,6,13,2,13.75,3.21
1973-06-14,5.37,0.0,20.3,5.2,-1.1,6,14,3,11.04,1.04
1973-06-15,8.17,0.0,21.9,7.6,1.9,6,15,4,5.37,6.63
1973-06-16,9.04,0.0,21.0,13.9,13.0,6,16,5,8.17,14.79
1973-06-17,11.21,0.0,20.2,15.5,13.1,6,17,6,9.04,10.0
1973-06-18,7.79,8.2,24.0,12.5,7.3,6,18,0,11.21,9.67
1973-06-19,10.0,0.4,18.0,13.5,7.5,6,19,1,7.79,13.75
1973-06-20,10.88,0.0,18.0,9.6,6.5,6,20,2,10.0,11.04
1973-06-21,3.04,0.0,19.7,7.5,3.2,6,21,3,10.88,5.37
1973-06-22,2.75,0.0,22.0,12.1,7.4,6,22,4,3.04,8.17
1973-06-23,4.5,0.0,20.0,12.0,8.0,6,23,5,2.75,9.04
1973-06-24,2.71,0.0,17.1,13.5,7.0,6,24,6,4.5,11.21
1973-06-25,2.54,1.5,18.3,12.3,10.0,6,25,0,2.71,7.79
1973-06-26,3.63,0.0,16.7,11.5,10.0,6,26,1,2.54,10.0
1973-06-27,2.67,0.0,19.1,6.8,4.0,6,27,2,3.63,10.88
1973-06-28,5.96,0.0,21.8,8.4,6.8,6,28,3,2.67,3.04
1973-06-29,13.21,0.0,21.2,14.9,12.5,6,29,4,5.96,2.75
1973-06-30,12.79,0.0,21.0,17.1,15.1,6,30,5,13.21,4.5
1973-07-01,10.79,7.0,19.6,15.2,14.5,7,1,6,12.79,2.71
1973-07-02,6.0,0.0,19.7,8.0,1.4,7,2,0,10.79,2.54
1973-07-03,9.38,1.6,22.4,15.2,11.5,7,3,1,6.0,3.63
1973-07-04,3.58,0.9,19.9,14.4,12.7,7,4,2,9.38,2.67
1973-07-05,5.91,0.1,24.0,9.6,2.4,7,5,3,3.58,5.96
1973-07-06,6.42,0.2,16.6,12.6,12.0,7,6,4,5.91,13.21
1973-07-07,4.33,0.0,18.7,6.9,1.5,7,7,5,6.42,12.79
1973-07-08,4.08,0.0,18.6,11.1,6.1,7,8,6,4.33,10.79
1973-07-09,5.5,0.2,17.8,8.4,1.0,7,9,0,4.08,6.0
1973-07-10,10.0,0.8,20.7,14.3,13.2,7,10,1,5.5,9.38
1973-07-11,10.92,0.0,18.4,14.1,12.5,7,11,2,10.0,3.58
1973-07-12,5.54,0.5,20.0,13.5,11.0,7,12,3,10.92,5.91
1973-07-13,5.63,5.4,18.5,14.6,13.5,7,13,4,5.54,6.42
1973-07-14,5.09,5.6,16.5,9.9,9.0,7,14,5,5.63,4.33
1973-07-15,11.96,29.3,16.4,11.8,10.0,7,15,6,5.09,4.08
1973-07-16,17.92,1.6,20.5,14.1,14.1,7,16,0,11.96,5.5
1973-07-17,7.54,0.3,19.0,14.2,11.2,7,17,1,17.92,10.0
1973-07-18,6.58,3.9,16.6,11.0,9.6,7,18,2,7.54,10.92
1973-07-19,12.12,0.2,18.4,12.4,12.0,7,19,3,6.58,5.54
1973-07-20,10.5,4.1,17.8,11.5,7.6,7,20,4,12.12,5.63
1973-07-21,8.38,2.8,15.9,12.8,11.1,7,21,5,10.5,5.09
1973-07-22,8.33,3.6,16.1,7.7,3.2,7,22,6,8.38,11.96
1973-07-23,7.0,0.0,15.6,10.0,8.4,7,23,0,8.33,17.92
1973-07-24,1.42,0.0,14.9,10.0,5.6,7,24,1,7.0,7.54
1973-07-25,4.79,0.0,19.2,10.4,3.8,7,25,2,1.42,6.58
1973-07-26,6.29,0.0,16.0,8.7,5.0,7,26,3,4.79,12.12
1973-07-27,4.71,0.0,20.6,11.4,10.1,7,27,4,6.29,10.5
1973-07-28,2.37,0.0,22.9,8.7,4.6,7,28,5,4.71,8.38
1973-07-29,2.25,0.0,24.0,12.2,8.0,7,29,6,2.37,8.33
1973-07-30,2.08,0.0,21.5,15.7,9.0,7,30,0,2.25,7.0
1973-07-31,3.08,0.0,23.2,13.6,8.5,7,31,1,2.08,1.42
1973-08-01,5.09,5.8,23.3,13.6,7.5,8,1,2,3.08,4.79
1973-08-02,5.41,0.0,20.0,13.0,14.0,8,2,3,5.09,6.29
1973-08-03,7.79,2.9,19.5,13.9,10.5,8,3,4,5.41,4.71
1973-08-04,11.83,4.5,18.0,9.0,4.5,8,4,5,7.79,2.37
1973-08-05,8.38,17.6,18.5,11.4,8.0,8,5,6,11.83,2.25
1973-08-06,11.79,6.7,15.7,11.2,9.4,8,6,0,8.38,2.08
1973-08-07,12.21,7.8,17.5,10.1,5.4,8,7,1,11.79,3.08
1973-08-08,7.54,3.6,17.9,9.5,6.5,8,8,2,12.21,5.09
1973-08-09,15.63,0.0,21.7,10.8,10.5,8,9,3,7.54,5.41
1973-08-10,3.83,4.9,17.0,11.3,6.5,8,10,4,15.63,7.79
1973-08-11,2.83,0.0,17.8,7.4,2.9,8,11,5,3.83,11.83
1973-08-12,3.21,0.0,19.9,8.1,1.9,8,12,6,2.83,8.38
1973-08-13,3.42,0.0,21.5,10.0,3.0,8,13,0,3.21,11.79
1973-08-14,2.42,0.0,24.0,14.1,8.3,8,14,1,3.42,12.21
1973-08-15,2.54,0.0,23.5,13.9,8.0,8,15,2,2.42,7.54
1973-08-16,4.21,0.0,24.2,13.2,8.0,8,16,3,2.54,15.63
1973-08-17,5.83,0.0,18.1,10.1,4.3,8,17,4,4.21,3.83
1973-08-18,3.17,3.3,17.3,7.2,0.0,8,18,5,5.83,2.83
1973-08-19,3.96,6.1,19.0,14.4,9.4,8,19,6,3.17,3.21
1973-08-20,7.17,0.4,16.2,14.3,11.0,8,20,0,3.96,3.42
1973-08-21,7.71,0.0,16.9,13.0,11.0,8,21,1,7.17,2.42
1973-08-22,5.91,9.0,18.0,13.9,10.5,8,22,2,7.71,2.54
1973-08-23,2.25,0.0,20.0,15.0,12.0,8,23,3,5.91,4.21
1973-08-24,1.38,0.0,19.8,12.0,6.0,8,24,4,2.25,5.83
1973-08-25,0.71,0.2,20.7,13.1,6.5,8,25,5,1.38,3.17
1973-08-26,3.21,0.7,23.4,15.5,12.0,8,26,6,0.71,3.96
1973-08-27,2.92,16.5,19.5,15.7,12.4,8,27,0,3.21,7.17
1973-08-28,3.67,8.8,18.7,9.6,4.8,8,28,1,2.92,7.71
1973-08-29,5.75,4.5,16.1,12.4,9.2,8,29,2,3.67,5.91
1973-08-30,10.41,0.3,17.2,12.4,5.1,8,30,3,5.75,2.25
1973-08-31,15.41,0.7,21.4,12.5,9.6,8,31,4,10.41,1.38
1973-09-01,11.96,0.0,18.3,14.0,11.1,9,1,5,15.41,0.71
1973-09-02,5.04,12.4,16.6,11.6,6.1,9,2,6,11.96,3.21
1973-09-03,3.71,3.7,21.9,13.3,5.0,9,3,0,5.04,2.92
1973-09-04,6.13,0.0,23.0,15.7,7.0,9,4,1,3.71,3.67
1973-09-05,2.83,0.0,20.2,11.6,0.0,9,5,2,6.13,5.75
1973-09-06,5.63,0.0,23.0,11.4,0.0,9,6,3,2.83,10.41
1973-09-07,4.92,0.0,22.3,13.0,0.0,9,7,4,5.63,15.41
1973-09-08,1.83,0.0,19.2,10.4,0.0,9,8,5,4.92,11.96
1973-09-09,2.04,0.0,21.2,13.1,0.0,9,9,6,1.83,5.04
1973-09-10,6.79,0.0,16.5,14.0,0.0,9,10,0,2.04,3.71
1973-09-11,4.88,0.0,18.5,13.0,0.0,9,11,1,6.79,6.13
1973-09-12,4.04,0.0,18.7,8.5,0.0,9,12,2,4.88,2.83
1973-09-13,10.17,0.0,16.0,8.5,0.0,9,13,3,4.04,5.63
1973-09-14,5.0,0.0,18.8,9.9,6.5,9,14,4,10.17,4.92
1973-09-15,6.79,1.0,18.5,10.9,8.5,9,15,5,5.0,1.83
1973-09-16,6.04,23.3,21.8,14.4,14.5,9,16,6,6.79,2.04
1973-09-17,8.42,0.0,18.8,11.1,10.6,9,17,0,6.04,6.79
1973-09-18,6.25,13.8,15.1,8.9,5.2,9,18,1,8.42,4.88
1973-09-19,6.29,0.0,16.2,9.4,7.4,9,19,2,6.25,4.04
1973-09-20,2.96,0.2,16.2,6.6,3.1,9,20,3,6.29,10.17
1973-09-21,9.17,1.9,15.9,6.6,4.5,9,21,4,2.96,5.0
1973-09-22,11.71,0.3,13.5,6.1,4.2,9,22,5,9.17,6.79
1973-09-23,6.25,0.3,15.0,7.2,4.3,9,23,6,11.71,6.04
1973-09-24,4.12,6.4,12.7,5.1,0.1,9,24,0,6.25,8.42
1973-09-25,5.66,3.0,15.7,5.4,-2.9,9,25,1,4.12,6.25
1973-09-26,8.12,0.1,15.4,9.6,8.2,9,26,2,5.66,6.29
1973-09-27,14.75,6.0,16.2,6.1,2.0,9,27,3,8.12,2.96
1973-09-28,16.42,0.7,12.7,8.2,6.2,9,28,4,14.75,9.17
1973-09-29,13.5,1.3,13.7,5.7,7.0,9,29,5,16.42,11.71
1973-09-30,10.17,0.0,13.1,6.0,3.8,9,30,6,13.5,6.25
1973-10-01,6.21,0.0,14.3,6.5,3.1,10,1,0,10.17,4.12
1973-10-02,3.58,0.0,16.6,9.4,10.0,10,2,1,6.21,5.66
1973-10-03,7.17,0.0,16.0,12.9,12.5,10,3,2,3.58,8.12
1973-10-04,3.88,0.4,15.8,12.4,10.0,10,4,3,7.17,14.75
1973-10-05,6.38,2.0,15.0,10.3,5.0,10,5,4,3.88,16.42
1973-10-06,4.25,1.2,15.1,12.5,7.8,10,6,5,6.38,13.5
1973-10-07,3.0,0.2,15.7,10.5,5.5,10,7,6,4.25,10.17
1973-10-08,7.17,5.8,16.4,10.7,8.4,10,8,0,3.0,6.21
1973-10-09,5.09,10.6,12.9,10.5,10.2,10,9,1,7.17,3.58
1973-10-10,6.96,11.5,12.0,9.6,9.3,10,10,2,5.09,7.17
1973-10-11,9.92,0.0,10.5,6.4,3.5,10,11,3,6.96,3.88
1973-10-12,12.62,2.0,10.9,8.4,6.0,10,12,4,9.92,6.38
1973-10-13,9.42,3.4,10.8,8.3,7.5,10,13,5,12.62,4.25
1973-10-14,2.58,2.6,9.5,7.6,6.7,10,14,6,9.42,3.0
1973-10-15,10.25,2.0,9.8,7.8,6.9,10,15,0,2.58,7.17
1973-10-16,10.21,0.0,10.4,5.5,4.2,10,16,1,10.25,5.09
1973-10-17,7.96,0.0,9.3,0.3,-3.0,10,17,2,10.21,6.96
1973-10-18,10.46,4.4,12.2,2.0,-1.0,10,18,3,7.96,9.92
1973-10-19,13.37,4.0,13.3,5.0,5.0,10,19,4,10.46,12.62
1973-10-20,12.17,0.4,14.7,7.1,4.1,10,20,5,13.37,9.42
1973-10-21,6.54,0.5,12.9,6.0,2.6,10,21,6,12.17,2.58
1973-10-22,7.12,0.0,13.9,3.3,0.0,10,22,0,6.54,10.25
1973-10-23,3.88,0.0,13.4,3.0,-0.6,10,23,1,7.12,10.21
1973-10-24,4.5,0.0,14.6,6.0,4.6,10,24,2,3.88,7.96
1973-10-25,1.79,0.0,14.8,10.4,8.5,10,25,3,4.5,10.46
1973-10-26,3.58,0.0,15.0,9.0,5.2,10,26,4,1.79,13.37
1973-10-27,3.79,1.0,16.2,5.6,1.6,10,27,5,3.58,12.17
1973-10-28,3.21,0.0,11.3,8.0,4.0,10,28,6,3.79,6.54
1973-10-29,1.58,0.0,12.0,0.4,-3.0,10,29,0,3.21,7.12
1973-10-30,2.62,0.0,12.5,-0.5,-4.2,10,30,1,1.58,3.88
1973-10-31,8.87,0.2,12.4,1.0,-0.3,10,31,2,2.62,4.5
1973-11-01,5.17,0.3,14.2,10.5,9.1,11,1,3,8.87,1.79
1973-11-02,4.54,0.8,15.4,6.2,0.3,11,2,4,5.17,3.58
1973-11-03,5.54,7.6,14.1,11.9,10.0,11,3,5,4.54,3.79
1973-11-04,6.5,4.4,15.9,12.4,11.5,11,4,6,5.54,3.21
1973-11-05,10.41,0.0,7.0,2.4,-0.4,11,5,0,6.5,1.58
1973-11-06,6.08,0.0,9.5,1.0,-1.5,11,6,1,10.41,2.62
1973-11-07,10.46,0.7,13.8,2.5,-1.1,11,7,2,6.08,8.87
1973-11-08,16.66,0.0,14.6,9.0,9.5,11,8,3,10.46,5.17
1973-11-09,13.67,9.5,13.2,11.5,10.5,11,9,4,16.66,4.54
1973-11-10,8.83,0.0,10.1,7.7,7.0,11,10,5,13.67,5.54
1973-11-11,9.0,1.2,11.9,1.8,-1.1,11,11,6,8.83,6.5
1973-11-12,20.75,2.1,13.9,4.1,0.5,11,12,0,9.0,10.41
1973-11-13,12.87,0.0,10.3,6.9,5.0,11,13,1,20.75,6.08
1973-11-14,7.38,6.1,11.0,4.5,0.1,11,14,2,12.87,10.46
1973-11-15,7.87,0.0,8.4,5.3,2.0,11,15,3,7.38,16.66
1973-11-16,6.21,0.0,7.0,3.3,0.3,11,16,4,7.87,13.67
1973-11-17,2.75,0.0,11.5,-2.9,-8.0,11,17,5,6.21,8.83
1973-11-18,10.04,0.5,12.9,-1.0,3.9,11,18,6,2.75,9.0
1973-11-19,4.33,0.0,8.0,1.5,0.5,11,19,0,10.04,20.75
1973-11-20,0.63,0.0,9.4,-2.9,-7.2,11,20,1,4.33,12.87
1973-11-21,0.0,0.0,9.3,-2.0,-5.0,11,21,2,0.63,7.38
1973-11-22,3.29,0.1,10.7,2.2,-1.0,11,22,3,0.0,7.87
1973-11-23,8.38,0.0,12.0,2.2,8.5,11,23,4,3.29,6.21
1973-11-24,13.04,2.0,12.0,9.4,8.0,11,24,5,8.38,2.75
1973-11-25,4.67,0.0,7.0,3.0,-0.5,11,25,6,13.04,10.04
1973-11-26,7.62,0.0,3.4,-1.6,-5.0,11,26,0,4.67,4.33
1973-11-27,4.46,9.8,4.1,-0.8,-4.0,11,27,1,7.62,0.63
1973-11-28,7.5,11.6,11.6,1.2,0.3,11,28,2,4.46,0.0
1973-11-29,2.33,4.8,4.4,2.1,-2.0,11,29,3,7.5,3.29
1973-11-30,4.79,0.0,5.4,2.1,2.0,11,30,4,2.33,8.38
1973-12-01,9.13,0.0,5.6,3.1,1.6,12,1,5,4.79,13.04
1973-12-02,7.46,0.3,8.0,-1.8,-7.6,12,2,6,9.13,4.67
1973-12-03,14.21,0.0,10.9,-1.6,2.6,12,3,0,7.46,7.62
1973-12-04,14.09,0.0,11.4,7.9,5.9,12,4,1,14.21,4.46
1973-12-05,9.62,0.1,10.2,6.7,2.4,12,5,2,14.09,7.5
1973-12-06,10.34,11.8,11.4,5.3,2.8,12,6,3,9.62,2.33
1973-12-07,11.92,4.8,12.2,5.0,3.0,12,7,4,10.34,4.79
1973-12-08,12.33,0.0,6.0,2.4,-1.0,12,8,5,11.92,9.13
1973-12-09,8.96,0.2,9.7,-3.2,-8.2,12,9,6,12.33,7.46
1973-12-10,15.92,0.9,11.3,-2.6,2.0,12,10,0,8.96,14.21
1973-12-11,10.88,0.0,7.6,2.3,-1.0,12,11,1,15.92,14.09
1973-12-12,18.88,1.7,9.7,2.9,0.3,12,12,2,10.88,9.62
1973-12-13,19.25,0.4,10.9,6.4,5.4,12,13,3,18.88,10.34
1973-12-14,14.29,0.1,7.9,7.2,5.0,12,14,4,19.25,11.92
1973-12-15,14.33,1.8,10.0,-1.5,-5.5,12,15,5,14.29,12.33
1973-12-16,16.79,0.0,5.7,2.5,2.0,12,16,6,14.33,8.96
1973-12-17,11.96,0.0,5.2,1.5,-1.1,12,17,0,16.79,15.92
1973-12-18,7.41,3.5,8.1,-1.5,-6.0,12,18,1,11.96,10.88
1973-12-19,18.25,4.6,8.8,-0.6,5.5,12,19,2,7.41,18.88
1973-12-20,2.92,9.6,9.0,5.0,5.4,12,20,3,18.25,19.25
1973-12-21,4.88,2.2,7.5,5.5,4.1,12,21,4,2.92,14.29
1973-12-22,3.21,2.4,6.0,0.8,-3.6,12,22,5,4.88,14.33
1973-12-23,3.04,20.4,6.8,0.5,-3.5,12,23,6,3.21,16.79
1973-12-24,3.92,0.0,8.1,2.2,-0.6,12,24,0,3.04,11.96
1973-12-25,11.17,0.2,11.0,1.5,0.9,12,25,1,3.92,7.41
1973-12-26,11.96,0.0,11.8,1.7,6.2,12,26,2,11.17,18.25
1973-12-27,10.96,1.0,12.3,9.5,7.9,12,27,3,11.96,2.92
1973-12-28,9.13,2.2,11.4,-0.5,-5.0,12,28,4,10.96,4.88
1973-12-29,16.33,6.1,13.6,1.0,8.4,12,29,5,9.13,3.21
1973-12-30,8.71,0.0,5.7,2.5,-0.5,12,30,6,16.33,3.04
1973-12-31,3.83,0.1,7.9,-2.0,-6.0,12,31,0,8.71,3.92
1974-01-01,9.54,0.1,9.8,1.5,-3.0,1,1,1,3.83,11.17
1974-01-02,15.34,0.5,7.5,6.5,4.6,1,2,2,9.54,11.96
1974-01-03,15.0,2.6,10.0,5.0,4.6,1,3,3,15.34,10.96
1974-01-04,14.04,13.2,13.0,6.0,2.0,1,4,4,15.0,9.13
1974-01-05,12.62,1.2,10.0,7.0,5.4,1,5,5,14.04,16.33
1974-01-06,9.04,3.4,9.7,5.4,-1.0,1,6,6,12.62,8.71
1974-01-07,11.46,0.8,10.3,5.0,1.0,1,7,0,9.04,3.83
1974-01-08,13.33,9.3,10.3,5.0,3.0,1,8,1,11.46,9.54
1974-01-09,7.29,1.2,7.9,-0.9,-5.4,1,9,2,13.33,15.34
1974-01-10,16.92,5.0,12.7,-0.3,-5.0,1,10,3,7.29,15.0
1974-01-11,20.25,4.4,13.3,4.2,1.5,1,11,4,16.92,14.04
1974-01-12,20.83,3.1,8.2,5.4,3.6,1,12,5,20.25,12.62
1974-01-13,13.92,1.1,11.4,4.4,2.1,1,13,6,20.83,9.04
1974-01-14,13.67,1.3,12.9,3.3,1.0,1,14,0,13.92,11.46
1974-01-15,17.16,8.0,8.0,6.4,4.5,1,15,1,13.67,13.33
1974-01-16,16.96,3.8,8.9,4.0,0.4,1,16,2,17.16,7.29
1974-01-17,19.0,0.0,11.0,3.0,0.4,1,17,3,16.96,16.92
1974-01-18,20.62,0.0,11.3,8.5,8.5,1,18,4,19.0,20.25
1974-01-19,15.46,0.0,10.8,9.2,8.0,1,19,5,20.62,20.83
1974-01-20,7.25,0.0,11.4,-0.5,-5.3,1,20,6,15.46,13.92
1974-01-21,5.75,0.0,10.2,0.2,-4.6,1,21,0,7.25,13.67
1974-01-22,8.71,0.5,11.5,0.0,5.1,1,22,1,5.75,17.16
1974-01-23,15.54,0.0,9.8,7.0,4.5,1,23,2,8.71,16.96
1974-01-24,12.04,0.0,10.0,4.9,2.0,1,24,3,15.54,19.0
1974-01-25,13.83,1.2,11.4,4.9,3.0,1,25,4,12.04,20.62
1974-01-26,15.46,0.9,10.0,7.8,2.7,1,26,5,13.83,15.46
1974-01-27,15.96,12.0,10.8,2.5,-3.6,1,27,6,15.46,7.25
1974-01-28,20.41,0.0,6.9,4.5,2.5,1,28,0,15.96,5.75
1974-01-29,15.46,2.8,10.7,0.5,-2.0,1,29,1,20.41,8.71
1974-01-30,10.0,4.1,10.7,0.0,4.5,1,30,2,15.46,15.54
1974-01-31,14.62,8.2,8.5,3.0,-0.2,1,31,3,10.0,12.04
1974-02-01,15.92,3.0,11.0,3.0,3.5,2,1,4,14.62,13.83
1974-02-02,15.09,0.4,8.0,4.5,-0.4,2,2,5,15.92,15.46
1974-02-03,10.29,5.0,7.4,3.0,0.0,2,3,6,15.09,15.96
1974-02-04,9.5,0.1,9.0,3.5,2.0,2,4,0,10.29,20.41
1974-02-05,8.25,2.2,6.2,-2.7,-8.9,2,5,1,9.5,15.46
1974-02-06,12.21,0.0,4.5,-0.1,-4.0,2,6,2,8.25,10.0
1974-02-07,6.83,5.1,9.7,0.0,-3.0,2,7,3,12.21,14.62
1974-02-08,13.62,2.1,12.2,1.5,3.0,2,8,4,6.83,15.92
1974-02-09,14.17,2.5,11.3,7.0,5.6,2,9,5,13.62,15.09
1974-02-10,19.79,3.5,12.1,7.2,4.5,2,10,6,14.17,10.29
1974-02-11,11.38,7.1,8.6,7.0,4.9,2,11,0,19.79,9.5
1974-02-12,8.92,4.5,8.0,3.1,0.5,2,12,1,11.38,8.25
1974-02-13,7.71,0.0,5.6,0.6,-4.0,2,13,2,8.92,12.21
1974-02-14,11.96,3.1,10.9,-3.0,-8.5,2,14,3,7.71,6.83
1974-02-15,11.83,4.5,9.8,5.0,2.6,2,15,4,11.96,13.62
1974-02-16,15.92,0.4,8.8,6.0,4.4,2,16,5,11.83,14.17
1974-02-17,7.08,0.1,8.6,2.5,-2.3,2,17,6,15.92,19.79
1974-02-18,3.58,0.1,7.1,-1.0,-6.2,2,18,0,7.08,11.38
1974-02-19,3.37,0.0,7.1,2.4,1.8,2,19,1,3.58,8.92
1974-02-20,10.88,0.2,9.6,0.4,5.2,2,20,2,3.37,7.71
1974-02-21,11.96,1.0,10.6,5.5,4.0,2,21,3,10.88,11.96
1974-02-22,12.71,0.8,8.9,4.6,1.4,2,22,4,11.96,11.83
1974-02-23,7.0,0.2,10.4,2.2,-1.2,2,23,5,12.71,15.92
1974-02-24,2.13,0.6,8.2,3.7,4.5,2,24,6,7.0,7.08
1974-02-25,4.63,0.0,11.0,5.6,1.6,2,25,0,2.13,3.58
1974-02-26,2.29,0.0,10.5,7.0,5.0,2,26,1,4.63,3.37
1974-02-27,3.79,0.0,8.0,4.4,-1.0,2,27,2,2.29,10.88
1974-02-28,12.12,0.4,7.0,3.0,0.4,2,28,3,3.79,11.96
1974-03-01,12.04,0.0,7.5,2.5,-1.7,3,1,4,12.12,12.71
1974-03-02,7.83,0.0,5.4,-1.5,-7.5,3,2,5,12.04,7.0
1974-03-03,9.83,0.0,7.5,-1.5,-6.0,3,3,6,7.83,2.13
1974-03-04,9.33,3.7,5.0,0.1,-3.8,3,4,0,9.83,4.63
1974-03-05,3.83,0.0,7.2,-1.3,-5.6,3,5,1,9.33,2.29
1974-03-06,12.54,5.0,12.4,0.0,-6.5,3,6,2,3.83,3.79
1974-03-07,9.17,0.0,13.7,4.6,4.0,3,7,3,12.54,12.12
1974-03-08,9.13,0.0,8.4,3.0,-3.0,3,8,4,9.17,12.04
1974-03-09,11.46,0.0,5.1,3.6,-3.5,3,9,5,9.13,7.83
1974-03-10,12.79,1.6,6.0,3.0,1.9,3,10,6,11.46,9.83
1974-03-11,11.38,0.0,6.0,3.0,2.4,3,11,0,12.79,9.33
1974-03-12,5.25,0.4,6.4,2.3,-3.0,3,12,1,11.38,3.83
1974-03-13,4.04,0.0,8.5,3.0,1.0,3,13,2,5.25,12.54
1974-03-14,7.38,0.3,9.0,-2.2,-8.6,3,14,3,4.04,9.17
1974-03-15,14.04,2.7,12.0,2.0,4.0,3,15,4,7.38,9.13
1974-03-16,18.96,0.3,12.1,5.5,5.4,3,16,5,14.04,11.46
1974-03-17,15.75,4.7,11.5,5.0,3.0,3,17,6,18.96,12.79
1974-03-18,11.29,0.0,9.3,4.0,1.0,3,18,0,15.75,11.38
1974-03-19,8.12,1.7,11.1,3.9,-1.0,3,19,1,11.29,5.25
1974-03-20,4.92,0.0,11.0,3.0,-1.6,3,20,2,8.12,4.04
1974-03-21,4.38,0.0,11.6,-0.6,-4.0,3,21,3,4.92,7.38
1974-03-22,6.71,0.0,12.0,3.5,-2.5,3,22,4,4.38,14.04
1974-03-23,13.7,0.0,9.5,4.5,4.0,3,23,5,6.71,18.96
1974-03-24,15.0,0.0,7.0,6.0,4.5,3,24,6,13.7,15.75
1974-03-25,4.83,0.0,8.8,5.5,4.1,3,25,0,15.0,11.29
1974-03-26,2.88,0.0,11.0,5.5,5.0,3,26,1,4.83,8.12
1974-03-27,2.42,0.0,7.5,2.0,-1.4,3,27,2,2.88,4.92
1974-03-28,4.33,0.0,8.5,6.0,5.1,3,28,3,2.42,4.38
1974-03-29,2.33,0.0,10.9,0.9,-2.4,3,29,4,4.33,6.71
1974-03-30,2.21,0.0,11.3,0.8,-3.0,3,30,5,2.33,13.7
1974-03-31,6.25,0.0,14.2,4.0,-0.5,3,31,6,2.21,15.0
1974-04-01,8.38,1.6,11.0,5.7,2.5,4,1,0,6.25,4.83
1974-04-02,9.17,0.0,11.9,7.6,5.6,4,2,1,8.38,2.88
1974-04-03,5.29,0.0,13.3,0.6,2.73654650788542,4,3,2,9.17,2.42
1974-04-04,4.75,0.0,15.4,6.6,2.0,4,4,3,5.29,4.33
1974-04-05,4.25,0.0,13.4,5.8,-0.5,4,5,4,4.75,2.33
1974-04-06,6.87,0.0,11.6,4.1,-2.1,4,6,5,4.25,2.21
1974-04-07,5.17,0.0,13.2,5.6,0.3,4,7,6,6.87,6.25
1974-04-08,5.09,0.0,13.8,4.2,-2.0,4,8,0,5.17,8.38
1974-04-09,3.92,0.0,12.5,5.4,-1.0,4,9,1,5.09,9.17
1974-04-10,3.37,12.0,13.5,2.5,-1.8,4,10,2,3.92,5.29
1974-04-11,8.63,10.5,10.9,7.1,2.2,4,11,3,3.37,4.75
1974-04-12,11.92,0.0,12.0,7.4,2.2,4,12,4,8.63,4.25
1974-04-13,8.0,0.0,8.0,6.4,3.2,4,13,5,11.92,6.87
1974-04-14,6.75,0.0,10.0,4.0,-1.5,4,14,6,8.0,5.17
1974-04-15,1.83,0.0,14.0,-0.3,-6.5,4,15,0,6.75,5.09
1974-04-16,2.96,0.0,14.9,1.4,-4.8,4,16,1,1.83,3.92
1974-04-17,2.75,0.0,10.9,3.6,-1.8,4,17,2,2.96,3.37
1974-04-18,2.25,0.0,12.8,0.4,-6.0,4,18,3,2.75,8.63
1974-04-19,2.96,0.0,10.5,0.6,-6.0,4,19,4,2.25,11.92
1974-04-20,1.33,0.0,10.5,6.0,2.7,4,20,5,2.96,8.0
1974-04-21,3.29,0.0,11.6,1.5,-5.5,4,21,6,1.33,6.75
1974-04-22,2.21,0.0,13.5,0.6,-6.0,4,22,0,3.29,1.83
1974-04-23,3.33,0.0,13.8,3.5,-3.0,4,23,1,2.21,2.96
1974-04-24,3.29,0.0,13.0,2.5,-4.0,4,24,2,3.33,2.75
1974-04-25,4.79,0.0,11.5,2.4,-4.0,4,25,3,3.29,2.25
1974-04-26,7.62,0.0,10.2,6.0,1.0,4,26,4,4.79,2.96
1974-04-27,9.5,0.2,9.3,5.2,-2.5,4,27,5,7.62,1.33
1974-04-28,11.75,0.3,10.0,5.1,-0.6,4,28,6,9.5,3.29
1974-04-29,4.33,0.0,10.4,5.1,2.0,4,29,0,11.75,2.21
1974-04-30,7.41,22.7,11.6,-0.1,-8.8,4,30,1,4.33,3.33
1974-05-01,13.7,0.8,10.6,5.0,2.5,5,1,2,7.41,3.29
1974-05-02,8.71,0.9,10.6,3.4,-2.0,5,2,3,13.7,4.79
1974-05-03,14.54,7.1,11.7,5.9,3.0,5,3,4,8.71,7.62
1974-05-04,12.92,0.0,9.2,7.4,-0.1,5,4,5,14.54,9.5
1974-05-05,10.29,0.0,11.4,7.0,2.0,5,5,6,12.92,11.75
1974-05-06,5.91,0.0,12.0,2.7,-4.5,5,6,0,10.29,4.33
1974-05-07,6.58,0.4,13.3,1.2,-6.2,5,7,1,5.91,7.41
1974-05-08,13.0,2.9,12.5,8.0,2.5,5,8,2,6.58,13.7
1974-05-09,18.58,13.8,10.3,6.9,-2.8,5,9,3,13.0,8.71
1974-05-10,13.54,1.3,11.4,7.0,-2.5,5,10,4,18.58,14.54
1974-05-11,5.58,1.0,14.1,4.0,0.0,5,11,5,13.54,12.92
1974-05-12,17.5,6.1,12.2,9.0,5.5,5,12,6,5.58,10.29
1974-05-13,12.92,0.7,15.0,9.5,6.3,5,13,0,17.5,5.91
1974-05-14,9.13,0.0,16.6,4.9,-0.2,5,14,1,12.92,6.58
1974-05-15,10.79,0.0,17.4,10.1,7.0,5,15,2,9.13,13.0
1974-05-16,7.54,2.2,13.0,11.0,7.9,5,16,3,10.79,18.58
1974-05-17,8.92,14.3,13.7,8.2,4.1,5,17,4,7.54,13.54
1974-05-18,2.67,3.9,15.0,10.5,8.5,5,18,5,8.92,5.58
1974-05-19,5.91,0.0,17.8,5.4,0.8,5,19,6,2.67,17.5
1974-05-20,9.96,0.1,18.5,11.3,8.1,5,20,0,5.91,12.92
1974-05-21,8.58,1.0,18.0,10.2,7.1,5,21,1,9.96,9.13
1974-05-22,14.62,4.3,14.8,8.5,5.4,5,22,2,8.58,10.79
1974-05-23,14.92,0.0,14.3,8.6,5.9,5,23,3,14.62,7.54
1974-05-24,11.38,0.0,14.6,9.0,5.6,5,24,4,14.92,8.92
1974-05-25,1.58,0.0,15.1,8.8,5.5,5,25,5,11.38,2.67
1974-05-26,2.37,0.0,14.6,7.5,2.0,5,26,6,1.58,5.91
1974-05-27,6.17,0.0,16.6,9.6,7.6,5,27,0,2.37,9.96
1974-05-28,12.58,0.1,15.6,9.7,7.0,5,28,1,6.17,8.58
1974-05-29,6.46,0.0,14.1,3.8,-1.8,5,29,2,12.58,14.62
1974-05-30,6.71,1.6,14.0,5.6,-1.2,5,30,3,6.46,14.92
1974-05-31,6.04,0.0,17.0,10.0,7.0,5,31,4,6.71,11.38
1974-06-01,9.33,0.0,18.2,12.5,12.0,6,1,5,6.04,1.58
1974-06-02,12.04,0.0,16.6,11.2,8.0,6,2,6,9.33,2.37
1974-06-03,9.21,0.0,15.2,6.4,2.1,6,3,0,12.04,6.17
1974-06-04,5.63,2.4,14.1,9.5,7.0,6,4,1,9.21,12.58
1974-06-05,11.75,4.1,15.6,9.4,6.5,6,5,2,5.63,6.46
1974-06-06,17.5,1.3,13.5,6.0,2.5,6,6,3,11.75,6.71
1974-06-07,10.21,0.1,15.0,6.0,2.2,6,7,4,17.5,6.04
1974-06-08,7.21,6.7,14.6,7.5,3.0,6,8,5,10.21,9.33
1974-06-09,10.34,7.2,12.5,7.5,3.0,6,9,6,7.21,12.04
1974-06-10,11.38,0.0,15.5,5.0,0.5,6,10,0,10.34,9.21
1974-06-11,14.12,0.0,21.2,8.5,4.6,6,11,1,11.38,5.63
1974-06-12,3.42,0.0,17.3,13.4,9.5,6,12,2,14.12,11.75
1974-06-13,5.33,0.0,18.4,8.4,2.0,6,13,3,3.42,17.5
1974-06-14,4.25,0.0,19.1,7.2,0.5,6,14,4,5.33,10.21
1974-06-15,3.29,0.0,18.8,9.1,6.0,6,15,5,4.25,7.21
1974-06-16,2.37,6.5,17.2,9.2,5.0,6,16,6,3.29,10.34
1974-06-17,6.17,1.2,16.0,12.4,9.8,6,17,0,2.37,11.38
1974-06-18,7.46,0.3,15.0,9.7,9.7,6,18,1,6.17,14.12
1974-06-19,5.75,0.2,18.0,12.0,10.0,6,19,2,7.46,3.42
1974-06-20,7.38,0.0,19.4,12.3,8.2,6,20,3,5.75,5.33
1974-06-21,6.08,0.0,23.2,10.8,6.5,6,21,4,7.38,4.25
1974-06-22,11.54,0.0,17.5,12.0,8.5,6,22,5,6.08,3.29
1974-06-23,8.5,0.0,17.3,12.2,8.6,6,23,6,11.54,2.37
1974-06-24,6.87,0.0,17.6,12.7,8.9,6,24,0,8.5,6.17
1974-06-25,8.42,0.0,15.9,11.3,6.6,6,25,1,6.87,7.46
1974-06-26,11.38,0.0,14.9,12.0,7.2,6,26,2,8.42,5.75
1974-06-27,10.29,0.0,14.9,11.3,8.9,6,27,3,11.38,7.38
1974-06-28,4.17,0.0,15.6,10.6,7.0,6,28,4,10.29,6.08
1974-06-29,3.17,0.9,16.8,8.6,4.2,6,29,5,4.17,11.54
1974-06-30,5.25,3.2,19.4,8.6,3.6,6,30,6,3.17,8.5
1974-07-01,12.96,1.9,18.9,10.7,7.4,7,1,0,5.25,6.87
1974-07-02,7.58,9.3,13.7,8.5,3.6,7,2,1,12.96,8.42
1974-07-03,11.12,8.5,17.5,7.2,3.8,7,3,2,7.58,11.38
1974-07-04,8.21,10.2,17.0,11.6,8.9,7,4,3,11.12,10.29
1974-07-05,12.42,0.1,18.1,13.2,10.0,7,5,4,8.21,4.17
1974-07-06,7.41,0.0,18.6,8.5,4.9,7,6,5,12.42,3.17
1974-07-07,7.0,0.0,20.7,14.5,10.8,7,7,6,7.41,5.25
1974-07-08,7.96,0.3,20.7,15.2,11.5,7,8,0,7.0,12.96
1974-07-09,10.41,7.0,20.1,11.8,8.0,7,9,1,7.96,7.58
1974-07-10,11.54,0.3,21.3,13.3,10.2,7,10,2,10.41,11.12
1974-07-11,10.67,1.1,19.7,10.4,6.2,7,11,3,11.54,8.21
1974-07-12,8.5,1.6,19.2,10.2,5.8,7,12,4,10.67,12.42
1974-07-13,5.91,13.1,16.6,10.0,5.8,7,13,5,8.5,7.41
1974-07-14,7.62,8.3,16.2,8.5,4.5,7,14,6,5.91,7.0
1974-07-15,12.5,4.2,19.5,12.0,8.8,7,15,0,7.62,7.96
1974-07-16,11.17,0.0,16.5,12.6,9.0,7,16,1,12.5,10.41
1974-07-17,7.12,0.2,18.3,9.0,4.8,7,17,2,11.17,11.54
1974-07-18,7.5,0.0,20.0,8.6,3.5,7,18,3,7.12,10.67
1974-07-19,13.17,0.0,20.6,13.5,9.5,7,19,4,7.5,8.5
1974-07-20,11.71,0.0,21.5,14.5,11.2,7,20,5,13.17,5.91
1974-07-21,16.29,0.0,22.2,12.0,7.7,7,21,6,11.71,7.62
1974-07-22,17.29,0.8,19.6,15.0,11.5,7,22,0,16.29,12.5
1974-07-23,10.08,0.0,17.6,10.0,4.0,7,23,1,17.29,11.17
1974-07-24,8.58,0.0,18.3,12.0,6.0,7,24,2,10.08,7.12
1974-07-25,7.87,1.0,18.1,8.1,1.9,7,25,3,8.58,7.5
1974-07-26,6.79,0.1,17.8,11.4,6.1,7,26,4,7.87,13.17
1974-07-27,10.63,0.2,18.7,13.9,11.0,7,27,5,6.79,11.71
1974-07-28,11.29,0.0,18.8,10.2,11.1,7,28,6,10.63,16.29
1974-07-29,8.5,9.0,19.5,12.5,8.5,7,29,0,11.29,17.29
1974-07-30,6.0,15.4,21.6,11.9,9.5,7,30,1,8.5,10.08
1974-07-31,3.13,8.5,16.7,13.5,11.0,7,31,2,6.0,8.58
1974-08-01,5.96,0.0,18.0,9.5,5.0,8,1,3,3.13,7.87
1974-08-02,6.83,0.0,17.8,9.1,2.5,8,2,4,5.96,6.79
1974-08-03,2.5,0.0,18.0,12.0,5.0,8,3,5,6.83,10.63
1974-08-04,3.79,0.0,18.3,8.5,2.0,8,4,6,2.5,11.29
1974-08-05,4.17,1.6,21.5,7.7,1.5,8,5,0,3.79,8.5
1974-08-06,5.29,1.3,19.5,14.5,10.1,8,6,1,4.17,6.0
1974-08-07,7.12,1.7,20.2,14.5,9.5,8,7,2,5.29,3.13
1974-08-08,5.71,0.2,18.6,13.3,10.1,8,8,3,7.12,5.96
1974-08-09,7.62,3.6,16.6,11.5,7.4,8,9,4,5.71,6.83
1974-08-10,11.38,0.6,19.1,10.9,6.3,8,10,5,7.62,2.5
1974-08-11,7.0,2.7,18.2,8.9,3.5,8,11,6,11.38,3.79
1974-08-12,10.63,0.0,19.0,12.8,8.8,8,12,0,7.0,4.17
1974-08-13,4.79,0.2,17.5,10.0,7.0,8,13,1,10.63,5.29
1974-08-14,10.25,0.2,21.0,11.0,3.6,8,14,2,4.79,7.12
1974-08-15,14.25,0.0,22.1,14.0,9.4,8,15,3,10.25,5.71
1974-08-16,10.96,1.1,19.4,13.8,9.5,8,16,4,14.25,7.62
1974-08-17,5.88,1.2,18.5,9.5,3.5,8,17,5,10.96,11.38
1974-08-18,5.46,0.0,17.5,9.5,5.0,8,18,6,5.88,7.0
1974-08-19,4.54,0.0,18.0,6.0,-0.1,8,19,0,5.46,10.63
1974-08-20,8.87,0.0,20.4,12.1,6.6,8,20,1,4.54,4.79
1974-08-21,7.83,0.0,19.2,14.9,11.0,8,21,2,8.87,10.25
1974-08-22,4.92,1.2,17.9,14.0,10.9,8,22,3,7.83,14.25
1974-08-23,9.59,0.4,22.4,14.8,7.7,8,23,4,4.92,10.96
1974-08-24,10.04,2.1,20.6,12.2,11.0,8,24,5,9.59,5.88
1974-08-25,10.54,1.6,19.2,14.0,11.1,8,25,6,10.04,5.46
1974-08-26,6.67,9.0,15.6,9.0,1.4,8,26,0,10.54,4.54
1974-08-27,8.5,0.4,17.5,6.5,0.4,8,27,1,6.67,8.87
1974-08-28,7.71,1.4,17.0,11.5,6.3,8,28,2,8.5,7.83
1974-08-29,7.46,0.0,17.5,12.0,9.5,8,29,3,7.71,4.92
1974-08-30,7.46,0.0,16.4,12.9,6.0,8,30,4,7.46,9.59
1974-08-31,3.33,5.3,14.2,12.5,8.0,8,31,5,7.46,10.04
1974-09-01,4.42,8.8,15.6,11.6,6.8,9,1,6,3.33,10.54
1974-09-02,12.92,31.0,13.9,7.6,-1.0,9,2,0,4.42,6.67
1974-09-03,10.54,0.2,17.6,10.0,6.0,9,3,1,12.92,8.5
1974-09-04,12.79,2.1,15.8,11.3,7.2,9,4,2,10.54,7.71
1974-09-05,8.04,2.5,15.6,10.0,4.4,9,5,3,12.79,7.46
1974-09-06,8.29,7.4,16.8,9.2,3.8,9,6,4,8.04,7.46
1974-09-07,16.21,4.3,14.4,11.2,7.9,9,7,5,8.29,3.33
1974-09-08,10.88,1.2,17.0,10.1,5.0,9,8,6,16.21,4.42
1974-09-09,6.92,0.7,18.0,9.9,4.0,9,9,0,10.88,12.92
1974-09-10,8.0,0.8,18.0,11.0,4.4,9,10,1,6.92,10.54
1974-09-11,9.13,36.0,15.4,12.2,6.5,9,11,2,8.0,12.79
1974-09-12,9.42,1.5,16.0,12.9,9.2,9,12,3,9.13,8.04
1974-09-13,10.37,0.3,17.7,14.1,10.8,9,13,4,9.42,8.29
1974-09-14,5.46,4.8,15.0,8.5,0.6,9,14,5,10.37,16.21
1974-09-15,2.79,0.1,16.8,11.0,9.0,9,15,6,5.46,10.88
1974-09-16,6.13,1.0,17.7,11.0,2.0,9,16,0,2.79,6.92
1974-09-17,7.67,0.0,15.3,11.6,6.4,9,17,1,6.13,8.0
1974-09-18,4.58,0.0,15.7,4.2,-5.5,9,18,2,7.67,9.13
1974-09-19,9.5,0.0,16.4,7.4,2.5,9,19,3,4.58,9.42
1974-09-20,9.67,0.4,15.2,8.4,1.0,9,20,4,9.5,10.37
1974-09-21,13.37,1.5,14.2,8.0,0.0,9,21,5,9.67,5.46
1974-09-22,12.21,2.9,16.6,7.5,1.6,9,22,6,13.37,2.79
1974-09-23,11.17,10.1,14.3,9.0,5.0,9,23,0,12.21,6.13
1974-09-24,10.25,2.2,12.5,6.0,3.0,9,24,1,11.17,7.67
1974-09-25,13.0,0.2,12.8,6.0,2.1,9,25,2,10.25,4.58
1974-09-26,8.04,0.0,10.9,4.5,-0.6,9,26,3,13.0,9.5
1974-09-27,6.46,0.1,10.7,5.5,1.4,9,27,4,8.04,9.67
1974-09-28,8.38,0.3,11.0,2.6,-3.7,9,28,5,6.46,13.37
1974-09-29,7.83,0.0,11.5,4.2,-1.7,9,29,6,8.38,12.21
1974-09-30,7.46,0.4,13.5,2.1,-5.5,9,30,0,7.83,11.17
1974-10-01,6.79,3.3,11.3,2.1,-5.5,10,1,1,7.46,10.25
1974-10-02,13.92,1.6,11.2,6.0,3.0,10,2,2,6.79,13.0
1974-10-03,9.92,0.2,12.4,5.2,-0.5,10,3,3,13.92,8.04
1974-10-04,10.17,0.0,12.0,5.2,-0.5,10,4,4,9.92,6.46
1974-10-05,9.62,4.0,12.2,6.3,1.6,10,5,5,10.17,8.38
1974-10-06,13.29,1.0,10.6,5.9,-3.0,10,6,6,9.62,7.83
1974-10-07,12.67,0.8,12.0,4.5,-1.0,10,7,0,13.29,7.46
1974-10-08,9.33,0.0,13.6,6.7,1.2,10,8,1,12.67,6.79
1974-10-09,8.38,0.1,12.4,4.4,-3.5,10,9,2,9.33,13.92
1974-10-10,10.0,0.0,12.5,4.0,-2.8,10,10,3,8.38,9.92
1974-10-11,9.75,0.4,11.0,4.6,-2.5,10,11,4,10.0,10.17
1974-10-12,8.33,0.3,11.2,3.8,-2.7,10,12,5,9.75,9.62
1974-10-13,8.17,1.9,11.4,8.5,4.5,10,13,6,8.33,13.29
1974-10-14,4.0,0.2,12.2,8.5,4.9,10,14,0,8.17,12.67
1974-10-15,3.37,0.0,12.6,9.0,7.0,10,15,1,4.0,9.33
1974-10-16,5.41,0.0,10.8,7.7,1.4,10,16,2,3.37,8.38
1974-10-17,7.87,4.1,13.8,7.4,1.2,10,17,3,5.41,10.0
1974-10-18,14.37,2.1,12.6,7.5,2.1,10,18,4,7.87,9.75
1974-10-19,11.71,3.4,8.7,4.4,-2.0,10,19,5,14.37,8.33
1974-10-20,15.59,0.4,9.3,4.1,-2.1,10,20,6,11.71,8.17
1974-10-21,11.87,0.0,9.8,3.4,-3.8,10,21,0,15.59,4.0
1974-10-22,10.96,0.0,10.6,2.5,-4.5,10,22,1,11.87,3.37
1974-10-23,8.87,0.0,11.0,4.0,-3.0,10,23,2,10.96,5.41
1974-10-24,10.79,0.1,10.8,4.3,-5.5,10,24,3,8.87,7.87
1974-10-25,13.67,0.4,11.4,7.5,3.0,10,25,4,10.79,14.37
1974-10-26,15.59,0.2,13.1,8.0,4.4,10,26,5,13.67,11.71
1974-10-27,22.29,0.0,10.0,8.5,3.3,10,27,6,15.59,15.59
1974-10-28,15.92,0.0,7.8,4.3,-2.9,10,28,0,22.29,11.87
1974-10-29,13.13,0.0,8.0,3.9,-3.0,10,29,1,15.92,10.96
1974-10-30,11.42,0.2,11.0,1.8,-5.5,10,30,2,13.13,8.87
1974-10-31,8.54,0.6,12.4,5.5,4.0,10,31,3,11.42,10.79
1974-11-01,6.92,0.6,12.4,7.2,1.2,11,1,4,8.54,13.67
1974-11-02,9.21,0.6,12.3,9.9,2.2,11,2,5,6.92,15.59
1974-11-03,12.71,4.0,7.3,4.0,2.73654650788542,11,3,6,9.21,22.29
1974-11-04,5.96,0.0,10.2,1.6,-5.5,11,4,0,12.71,15.92
1974-11-05,6.79,4.8,10.1,0.1,-7.5,11,5,1,5.96,13.13
1974-11-06,5.41,0.4,10.7,4.3,1.8,11,6,2,6.79,11.42
1974-11-07,5.33,0.7,12.6,8.0,2.5,11,7,3,5.41,8.54
1974-11-08,11.21,1.4,13.5,8.0,5.0,11,8,4,5.33,6.92
1974-11-09,20.04,0.0,12.6,8.6,4.0,11,9,5,11.21,9.21
1974-11-10,19.25,5.1,11.2,4.5,-1.5,11,10,6,20.04,12.71
1974-11-11,20.21,0.7,8.6,4.5,-1.0,11,11,0,19.25,5.96
1974-11-12,11.75,0.8,10.3,1.8,-4.0,11,12,1,20.21,6.79
1974-11-13,12.79,1.9,11.8,3.7,-3.5,11,13,2,11.75,5.41
1974-11-14,19.08,0.1,10.2,8.0,1.9,11,14,3,12.79,5.33
1974-11-15,10.63,0.0,9.7,6.1,0.0,11,15,4,19.08,11.21
1974-11-16,9.62,0.0,8.6,-2.9,-11.4,11,16,5,10.63,20.04
1974-11-17,5.88,0.0,9.3,-2.0,-11.0,11,17,6,9.62,19.25
1974-11-18,8.25,0.0,4.1,-1.5,-10.5,11,18,0,5.88,20.21
1974-11-19,4.71,0.0,6.8,-0.9,-9.5,11,19,1,8.25,11.75
1974-11-20,14.29,0.0,7.5,-1.0,-2.0,11,20,2,4.71,12.79
1974-11-21,9.25,0.2,8.2,4.4,-2.0,11,21,3,14.29,19.08
1974-11-22,4.83,7.8,8.0,2.4,-7.0,11,22,4,9.25,10.63
1974-11-23,9.71,13.2,9.5,2.2,-4.5,11,23,5,4.83,9.62
1974-11-24,18.0,0.1,9.6,2.5,-6.0,11,24,6,9.71,5.88
1974-11-25,17.79,0.0,7.7,3.2,-3.6,11,25,0,18.0,8.25
1974-11-26,6.96,0.0,9.0,3.9,-2.8,11,26,1,17.79,4.71
1974-11-27,22.5,2.8,9.3,3.7,0.7,11,27,2,6.96,14.29
1974-11-28,20.67,0.0,8.2,3.4,-2.0,11,28,3,22.5,9.25
1974-11-29,9.96,2.9,10.4,1.9,-5.0,11,29,4,20.67,4.83
1974-11-30,13.29,0.1,12.7,4.0,-0.9,11,30,5,9.96,9.71
1974-12-01,14.62,0.2,13.6,7.0,3.8,12,1,6,13.29,18.0
1974-12-02,9.87,0.0,12.3,11.5,6.5,12,2,0,14.62,17.79
1974-12-03,12.04,0.0,13.8,7.4,1.4,12,3,1,9.87,6.96
1974-12-04,17.41,0.3,8.5,6.1,-0.5,12,4,2,12.04,22.5
1974-12-05,15.75,0.0,9.5,5.3,-1.6,12,5,3,17.41,20.67
1974-12-06,17.04,0.0,12.0,6.0,1.0,12,6,4,15.75,9.96
1974-12-07,21.67,0.2,12.0,6.7,5.0,12,7,5,17.04,13.29
1974-12-08,14.92,0.0,12.0,11.0,7.0,12,8,6,21.67,14.62
1974-12-09,17.46,5.2,6.7,3.5,-3.0,12,9,0,14.92,9.87
1974-12-10,20.21,2.2,7.0,1.7,-5.5,12,10,1,17.46,12.04
1974-12-11,13.75,2.7,10.0,2.2,-2.6,12,11,2,20.21,17.41
1974-12-12,17.58,1.1,10.7,1.8,-0.8,12,12,3,13.75,15.75
1974-12-13,13.13,1.0,10.1,8.2,3.1,12,13,4,17.58,17.04
1974-12-14,14.88,0.0,8.5,6.3,-0.4,12,14,5,13.13,21.67
1974-12-15,10.58,1.4,10.2,3.9,-4.0,12,15,6,14.88,14.92
1974-12-16,20.79,1.5,8.4,4.6,-1.5,12,16,0,10.58,17.46
1974-12-17,25.46,0.2,6.1,3.0,-3.0,12,17,1,20.79,20.21
1974-12-18,16.66,0.4,10.2,2.5,-3.5,12,18,2,25.46,13.75
1974-12-19,18.63,0.1,12.0,2.0,1.8,12,19,3,16.66,17.58
1974-12-20,17.46,0.0,13.7,8.5,5.5,12,20,4,18.63,13.13
1974-12-21,16.25,0.4,13.0,12.0,5.0,12,21,5,17.46,14.88
1974-12-22,15.21,0.0,13.9,9.3,2.0,12,22,6,16.25,10.58
1974-12-23,17.75,0.7,12.1,10.0,1.6,12,23,0,15.21,20.79
1974-12-24,11.12,0.1,13.6,4.2,-4.0,12,24,1,17.75,25.46
1974-12-25,17.83,3.3,13.8,4.0,-3.0,12,25,2,11.12,16.66
1974-12-26,19.5,4.1,11.8,9.5,4.2,12,26,3,17.83,18.63
1974-12-27,20.5,2.1,14.1,7.5,1.1,12,27,4,19.5,17.46
1974-12-28,25.33,4.6,13.7,8.4,6.0,12,28,5,20.5,16.25
1974-12-29,14.96,0.1,8.4,7.4,1.2,12,29,6,25.33,15.21
1974-12-30,11.08,0.2,13.0,-0.1,-9.0,12,30,0,14.96,17.75
1974-12-31,15.25,0.0,13.0,4.5,3.6,12,31,1,11.08,11.12
1975-01-01,8.12,0.1,10.1,7.5,2.0,1,1,2,15.25,17.83
1975-01-02,8.58,0.1,10.0,7.0,0.0,1,2,3,8.12,19.5
1975-01-03,9.96,0.0,8.0,6.0,2.73654650788542,1,3,4,8.58,20.5
1975-01-04,16.38,0.0,11.7,5.0,-2.5,1,4,5,9.96,25.33
1975-01-05,21.59,0.2,11.2,7.0,5.8,1,5,6,16.38,14.96
1975-01-06,19.12,7.3,10.7,9.0,4.1,1,6,0,21.59,11.08
1975-01-07,10.88,4.6,9.6,5.5,-0.5,1,7,1,19.12,15.25
1975-01-08,10.63,0.0,10.0,6.3,3.5,1,8,2,10.88,8.12
1975-01-09,14.25,0.0,10.7,9.0,2.4,1,9,3,10.63,8.58
1975-01-10,11.83,0.4,11.3,7.5,2.5,1,10,4,14.25,9.96
1975-01-11,17.41,0.7,12.5,9.0,2.2,1,11,5,11.83,16.38
1975-01-12,15.79,0.3,8.5,7.2,2.3,1,12,6,17.41,21.59
1975-01-13,19.62,6.7,13.0,4.6,-2.0,1,13,0,15.79,19.12
1975-01-14,13.96,4.8,10.8,4.2,0.6,1,14,1,19.62,10.88
1975-01-15,10.83,5.0,11.2,4.2,-2.5,1,15,2,13.96,10.63
1975-01-16,5.88,0.1,7.0,1.6,-8.0,1,16,3,10.83,14.25
1975-01-17,9.62,0.0,6.4,2.1,-5.0,1,17,4,5.88,11.83
1975-01-18,7.25,0.2,5.5,-1.5,-11.0,1,18,5,9.62,17.41
1975-01-19,12.12,4.2,11.0,-2.5,-12.3,1,19,6,7.25,15.79
1975-01-20,16.79,1.0,6.1,3.1,-3.9,1,20,0,12.12,19.62
1975-01-21,14.42,4.3,10.8,3.0,-4.3,1,21,1,16.79,13.96
1975-01-22,20.91,6.5,10.8,3.2,-3.5,1,22,2,14.42,10.83
1975-01-23,19.5,0.5,6.2,2.0,-4.9,1,23,3,20.91,5.88
1975-01-24,10.92,16.1,9.2,3.5,-3.9,1,24,4,19.5,9.62
1975-01-25,13.17,0.2,8.8,4.0,-0.2,1,25,5,10.92,7.25
1975-01-26,10.25,5.2,10.2,1.0,-8.1,1,26,6,13.17,12.12
1975-01-27,6.67,7.1,9.4,5.2,-0.2,1,27,0,10.25,16.79
1975-01-28,14.75,0.0,9.4,0.0,-5.5,1,28,1,6.67,14.42
1975-01-29,7.87,3.5,12.5,2.5,-5.2,1,29,2,14.75,20.91
1975-01-30,14.92,1.1,11.8,5.0,3.0,1,30,3,7.87,19.5
1975-01-31,14.58,0.0,11.5,6.0,-0.3,1,31,4,14.92,10.92
1975-02-01,9.62,0.0,12.5,6.0,1.8,2,1,5,14.58,13.17
1975-02-02,4.42,0.0,11.2,1.0,-7.4,2,2,6,9.62,10.25
1975-02-03,6.08,0.0,8.9,2.6,-4.5,2,3,0,4.42,6.67
1975-02-04,4.12,0.0,6.6,-0.5,-7.2,2,4,1,6.08,14.75
1975-02-05,8.12,0.0,5.7,0.5,-6.9,2,5,2,4.12,7.87
1975-02-06,8.46,0.0,6.9,3.6,2.73654650788542,2,6,3,8.12,14.92
1975-02-07,8.58,7.3,7.9,0.5,-8.2,2,7,4,8.46,14.58
1975-02-08,7.54,0.0,8.0,5.2,0.3,2,8,5,8.58,9.62
1975-02-09,5.21,0.0,8.3,5.1,-1.1,2,9,6,7.54,4.42
1975-02-10,7.0,0.0,9.0,1.5,-5.6,2,10,0,5.21,6.08
1975-02-11,5.66,0.0,7.5,4.5,-5.2,2,11,1,7.0,4.12
1975-02-12,4.67,1.8,7.0,6.0,1.5,2,12,2,5.66,8.12
1975-02-13,9.79,1.1,7.0,3.6,-4.0,2,13,3,4.67,8.46
1975-02-14,4.21,0.0,7.0,2.5,-5.0,2,14,4,9.79,8.58
1975-02-15,6.96,1.0,10.0,-1.0,-7.7,2,15,5,4.21,7.54
1975-02-16,12.38,0.6,12.2,2.0,2.8,2,16,6,6.96,5.21
1975-02-17,14.0,0.0,10.0,9.0,2.73654650788542,2,17,0,12.38,7.0
1975-02-18,4.0,0.0,9.3,3.1,-4.0,2,18,1,14.0,5.66
1975-02-19,10.63,1.4,9.1,-2.5,-11.5,2,19,2,4.0,4.67
1975-02-20,6.0,5.3,9.1,5.0,-2.5,2,20,3,10.63,9.79
1975-02-21,5.21,0.0,10.6,6.4,0.5,2,21,4,6.0,4.21
1975-02-22,7.92,0.2,10.6,1.7,-1.0,2,22,5,5.21,6.96
1975-02-23,6.96,0.3,11.3,7.6,3.5,2,23,6,7.92,12.38
1975-02-24,6.34,0.0,13.0,8.0,0.0,2,24,0,6.96,14.0
1975-02-25,9.21,0.0,9.4,6.3,-2.0,2,25,1,6.34,4.0
1975-02-26,9.25,0.0,8.0,5.2,-4.5,2,26,2,9.21,10.63
1975-02-27,7.87,0.0,8.5,3.5,2.73654650788542,2,27,3,9.25,6.0
1975-02-28,7.92,1.5,9.4,-0.4,-9.6,2,28,4,7.87,5.21
1975-03-01,10.13,1.4,10.0,5.0,2.0,3,1,5,7.92,7.92
1975-03-02,10.0,6.7,11.8,5.0,0.9,3,2,6,10.13,6.96
1975-03-03,7.38,0.9,13.0,6.5,-5.0,3,3,0,10.0,6.34
1975-03-04,1.63,0.0,10.4,2.2,-5.9,3,4,1,7.38,9.21
1975-03-05,4.88,0.0,11.7,1.2,-4.9,3,5,2,1.63,9.25
1975-03-06,14.46,2.5,13.8,3.5,2.73654650788542,3,6,3,4.88,7.87
1975-03-07,14.0,0.8,10.4,5.5,-1.8,3,7,4,14.46,7.92
1975-03-08,5.33,0.0,10.5,3.6,-4.2,3,8,5,14.0,10.13
1975-03-09,10.08,1.4,8.5,-0.4,-10.0,3,9,6,5.33,10.0
1975-03-10,12.96,3.2,9.0,0.4,-8.8,3,10,0,10.08,7.38
1975-03-11,19.29,2.9,7.0,3.7,-1.0,3,11,1,12.96,1.63
1975-03-12,10.75,1.8,6.5,5.5,-0.6,3,12,2,19.29,4.88
1975-03-13,7.62,0.0,7.0,4.8,-2.0,3,13,3,10.75,14.46
1975-03-14,6.46,0.8,6.0,1.1,-6.5,3,14,4,7.62,14.0
1975-03-15,7.83,2.8,8.5,2.0,-4.5,3,15,5,6.46,5.33
1975-03-16,5.58,2.6,5.1,2.7,-5.3,3,16,6,7.83,10.08
1975-03-17,7.79,0.0,7.0,1.7,-5.0,3,17,0,5.58,12.96
1975-03-18,10.5,0.0,6.3,4.2,-2.5,3,18,1,7.79,19.29
1975-03-19,9.62,0.0,6.5,2.3,2.73654650788542,3,19,2,10.5,10.75
1975-03-20,8.71,0.0,8.9,2.1,-8.5,3,20,3,9.62,7.62
1975-03-21,11.12,2.3,8.3,2.0,-7.0,3,21,4,8.71,6.46
1975-03-22,10.92,0.0,10.2,2.5,-4.9,3,22,5,11.12,7.83
1975-03-23,10.63,0.2,10.2,3.0,-5.2,3,23,6,10.92,5.58
1975-03-24,11.67,0.0,10.1,5.2,-1.5,3,24,0,10.63,7.79
1975-03-25,10.88,2.1,12.0,5.6,0.6,3,25,1,11.67,10.5
1975-03-26,7.33,1.3,4.8,3.1,-0.1,3,26,2,10.88,9.62
1975-03-27,10.17,1.9,5.0,-0.6,-6.7,3,27,3,7.33,8.71
1975-03-28,9.42,1.2,6.3,-2.1,-8.9,3,28,4,10.17,11.12
1975-03-29,9.62,0.5,7.1,1.0,-5.5,3,29,5,9.42,10.92
1975-03-30,8.58,0.0,7.7,2.9,-1.4,3,30,6,9.62,10.63
1975-03-31,9.46,0.0,11.4,2.9,-0.6,3,31,0,8.58,11.67
1975-04-01,11.71,5.7,10.8,3.3,-4.8,4,1,1,9.46,10.88
1975-04-02,10.75,1.5,9.8,5.9,2.1,4,2,2,11.71,7.33
1975-04-03,11.79,2.0,8.7,1.0,-5.0,4,3,3,10.75,10.17
1975-04-04,9.79,0.7,7.6,1.4,-4.5,4,4,4,11.79,9.42
1975-04-05,7.0,0.0,6.1,2.1,-5.0,4,5,5,9.79,9.62
1975-04-06,8.33,0.5,8.9,2.5,-4.9,4,6,6,7.0,8.58
1975-04-07,17.71,0.0,10.0,4.9,0.0,4,7,0,8.33,9.46
1975-04-08,15.92,0.0,6.2,0.1,-5.5,4,8,1,17.71,11.71
1975-04-09,10.54,1.2,7.6,-1.2,-7.9,4,9,2,15.92,10.75
1975-04-10,11.79,0.0,11.0,1.3,-5.0,4,10,3,10.54,11.79
1975-04-11,12.83,0.8,11.7,5.1,0.5,4,11,4,11.79,9.79
1975-04-12,10.29,0.1,13.7,8.2,4.5,4,12,5,12.83,7.0
1975-04-13,9.08,1.7,15.4,10.4,4.0,4,13,6,10.29,8.33
1975-04-14,10.0,3.8,13.2,8.5,3.7,4,14,0,9.08,17.71
1975-04-15,4.46,0.0,14.4,7.2,-0.5,4,15,1,10.0,15.92
1975-04-16,5.54,2.0,14.5,5.9,-3.2,4,16,2,4.46,10.54
1975-04-17,8.38,0.0,16.2,9.6,3.2,4,17,3,5.54,11.79
1975-04-18,6.79,0.0,13.9,3.1,2.73654650788542,4,18,4,8.38,12.83
1975-04-19,9.79,0.3,12.7,4.2,-5.0,4,19,5,6.79,10.29
1975-04-20,11.38,5.4,14.0,6.2,1.0,4,20,6,9.79,9.08
1975-04-21,4.67,2.0,15.4,10.0,1.6,4,21,0,11.38,10.0
1975-04-22,4.04,0.0,15.0,10.6,4.2,4,22,1,4.67,4.46
1975-04-23,2.54,0.0,15.1,8.0,2.73654650788542,4,23,2,4.04,5.54
1975-04-24,1.21,0.0,16.9,6.2,-2.9,4,24,3,2.54,8.38
1975-04-25,1.87,0.0,18.3,7.1,-1.0,4,25,4,1.21,6.79
1975-04-26,3.08,9.8,17.1,9.5,1.4,4,26,5,1.87,9.79
1975-04-27,4.83,0.0,11.9,6.2,0.8,4,27,6,3.08,11.38
1975-04-28,7.21,4.6,11.3,3.4,-2.8,4,28,0,4.83,4.67
1975-04-29,12.96,1.0,10.0,4.9,-1.4,4,29,1,7.21,4.04
1975-04-30,10.41,9.6,12.2,2.9,-3.0,4,30,2,12.96,2.54
1975-05-01,13.88,3.0,12.4,7.2,3.1,5,1,3,10.41,1.21
1975-05-02,4.38,7.9,9.6,6.9,2.9,5,2,4,13.88,1.87
1975-05-03,2.54,0.0,13.7,2.6,-4.0,5,3,5,4.38,3.08
1975-05-04,0.92,0.0,14.2,3.6,-3.0,5,4,6,2.54,4.83
1975-05-05,5.63,0.0,12.2,6.4,-1.0,5,5,0,0.92,7.21
1975-05-06,6.96,0.0,13.5,7.2,-3.1,5,6,1,5.63,12.96
1975-05-07,12.04,0.0,15.9,6.6,-2.8,5,7,2,6.96,10.41
1975-05-08,11.08,4.2,10.9,10.0,1.7,5,8,3,12.04,13.88
1975-05-09,7.41,16.8,10.8,7.1,4.9,5,9,4,11.08,4.38
1975-05-10,9.54,0.0,10.9,7.2,3.2,5,10,5,7.41,2.54
1975-05-11,5.33,2.8,13.0,3.3,-2.0,5,11,6,9.54,0.92
1975-05-12,7.33,0.5,13.6,8.2,2.73654650788542,5,12,0,5.33,5.63
1975-05-13,2.13,2.0,15.7,8.7,4.1,5,13,1,7.33,6.96
1975-05-14,6.21,0.7,10.7,8.1,2.2,5,14,2,2.13,12.04
1975-05-15,7.87,0.0,12.4,6.6,1.3,5,15,3,6.21,11.08
1975-05-16,3.13,0.0,13.3,2.1,-5.0,5,16,4,7.87,7.41
1975-05-17,2.21,0.0,14.9,2.8,-5.0,5,17,5,3.13,9.54
1975-05-18,3.92,0.0,16.7,1.4,-3.5,5,18,6,2.21,5.33
1975-05-19,4.04,0.0,17.2,6.0,-1.5,5,19,0,3.92,7.33
1975-05-20,2.54,0.0,19.6,6.8,-0.2,5,20,1,4.04,2.13
1975-05-21,3.71,0.0,16.6,6.1,-1.0,5,21,2,2.54,6.21
1975-05-22,6.21,0.0,12.9,3.6,-3.9,5,22,3,3.71,7.87
1975-05-23,5.88,0.0,14.4,2.7,-4.0,5,23,4,6.21,3.13
1975-05-24,5.71,0.0,12.2,3.5,-3.8,5,24,5,5.88,2.21
1975-05-25,7.96,0.0,12.9,2.6,0.5,5,25,6,5.71,3.92
1975-05-26,9.62,0.0,15.1,9.2,3.2,5,26,0,7.96,4.04
1975-05-27,9.92,0.0,15.2,7.2,-1.0,5,27,1,9.62,2.54
1975-05-28,6.87,0.0,15.6,7.9,-0.6,5,28,2,9.92,3.71
1975-05-29,3.92,0.0,14.9,3.6,-0.5,5,29,3,6.87,6.21
1975-05-30,5.33,0.0,12.2,9.3,-3.4,5,30,4,3.92,5.88
1975-05-31,3.0,0.0,13.4,1.6,-7.0,5,31,5,5.33,5.71
1975-06-01,8.38,2.1,13.0,2.8,-4.8,6,1,6,3.0,7.96
1975-06-02,17.21,0.4,12.0,4.1,-4.0,6,2,0,8.38,9.62
1975-06-03,5.91,2.2,14.6,3.2,-4.0,6,3,1,17.21,9.92
1975-06-04,3.75,1.0,18.3,4.4,-3.5,6,4,2,5.91,6.87
1975-06-05,9.13,0.0,20.7,9.2,7.1,6,5,3,3.75,3.92
1975-06-06,7.46,0.0,21.7,12.8,4.0,6,6,4,9.13,5.33
1975-06-07,2.88,0.0,21.2,14.6,7.3,6,7,5,7.46,3.0
1975-06-08,3.92,0.0,21.7,10.2,1.1,6,8,6,2.88,8.38
1975-06-09,4.58,0.0,21.1,10.4,1.6,6,9,0,3.92,17.21
1975-06-10,1.58,0.0,22.5,10.1,0.5,6,10,1,4.58,5.91
1975-06-11,1.58,0.0,24.0,10.6,0.6,6,11,2,1.58,3.75
1975-06-12,3.75,0.0,19.4,13.1,4.5,6,12,3,1.58,9.13
1975-06-13,7.58,0.0,20.3,10.2,4.0,6,13,4,3.75,7.46
1975-06-14,9.0,0.0,17.9,13.5,7.2,6,14,5,7.58,2.88
1975-06-15,5.63,2.2,15.8,8.2,1.0,6,15,6,9.0,3.92
1975-06-16,3.33,5.0,15.6,7.7,-2.0,6,16,0,5.63,4.58
1975-06-17,4.42,0.0,18.1,8.4,1.6,6,17,1,3.33,1.58
1975-06-18,10.46,0.0,19.9,12.2,7.0,6,18,2,4.42,1.58
1975-06-19,11.71,0.0,22.2,14.4,5.7,6,19,3,10.46,3.75
1975-06-20,4.42,0.0,18.9,15.6,7.2,6,20,4,11.71,7.58
1975-06-21,3.54,0.0,20.3,11.3,7.3,6,21,5,4.42,9.0
1975-06-22,2.5,0.0,20.2,9.9,7.1,6,22,6,3.54,5.63
1975-06-23,6.04,0.0,23.2,12.7,6.0,6,23,0,2.5,3.33
1975-06-24,4.08,0.0,19.2,14.0,4.2,6,24,1,6.04,4.42
1975-06-25,1.79,0.6,19.6,10.9,6.8,6,25,2,4.08,10.46
1975-06-26,5.46,0.0,18.1,12.8,4.4,6,26,3,1.79,11.71
1975-06-27,6.87,0.0,17.8,7.6,6.1,6,27,4,5.46,4.42
1975-06-28,6.04,0.0,17.1,10.2,2.7,6,28,5,6.87,3.54
1975-06-29,1.83,0.0,18.7,6.7,7.6,6,29,6,6.04,2.5
1975-06-30,1.63,0.0,21.7,11.0,7.2,6,30,0,1.83,6.04
1975-07-01,2.92,0.0,22.5,11.3,11.1,7,1,1,1.63,4.08
1975-07-02,4.79,0.0,23.5,10.6,11.6,7,2,2,2.92,1.79
1975-07-03,3.96,0.0,23.8,10.2,11.3,7,3,3,4.79,5.46
1975-07-04,4.12,0.0,21.2,12.7,9.8,7,4,4,3.96,6.87
1975-07-05,4.71,0.0,21.1,12.1,10.5,7,5,5,4.12,6.04
1975-07-06,4.63,0.0,22.2,11.0,2.73654650788542,7,6,6,4.71,1.83
1975-07-07,8.5,0.5,19.0,13.9,12.0,7,7,0,4.63,1.63
1975-07-08,8.67,0.5,18.0,13.9,8.4,7,8,1,8.5,2.92
1975-07-09,8.29,9.7,20.1,13.7,8.7,7,9,2,8.67,4.79
1975-07-10,6.67,1.8,21.3,14.6,10.7,7,10,3,8.29,3.96
1975-07-11,9.13,0.0,21.1,15.7,10.6,7,11,4,6.67,4.12
1975-07-12,5.96,1.0,20.2,12.2,11.3,7,12,5,9.13,4.71
1975-07-13,6.58,0.1,23.6,14.8,14.5,7,13,6,5.96,4.63
1975-07-14,10.71,1.0,23.1,16.8,15.7,7,14,0,6.58,8.5
1975-07-15,14.37,0.6,22.0,13.7,11.2,7,15,1,10.71,8.67
1975-07-16,7.58,0.0,22.6,14.3,11.6,7,16,2,14.37,8.29
1975-07-17,2.79,0.0,19.5,14.5,13.9,7,17,3,7.58,6.67
1975-07-18,5.21,0.9,20.3,13.0,11.7,7,18,4,2.79,9.13
1975-07-19,8.54,0.9,23.0,15.4,11.7,7,19,5,5.21,5.96
1975-07-20,9.79,0.0,21.6,14.3,12.3,7,20,6,8.54,6.58
1975-07-21,13.79,0.0,18.8,12.6,9.8,7,21,0,9.79,10.71
1975-07-22,17.29,6.1,17.8,15.4,14.3,7,22,1,13.79,14.37
1975-07-23,14.62,0.7,17.3,11.3,8.7,7,23,2,17.29,7.58
1975-07-24,13.75,0.8,17.5,9.9,6.7,7,24,3,14.62,2.79
1975-07-25,9.59,0.0,19.5,12.0,9.6,7,25,4,13.75,5.21
1975-07-26,9.46,0.0,23.5,14.6,12.1,7,26,5,9.59,8.54
1975-07-27,4.08,0.0,21.4,12.4,8.5,7,27,6,9.46,9.79
1975-07-28,5.83,0.2,25.1,14.9,9.6,7,28,0,4.08,13.79
1975-07-29,6.04,5.0,22.4,17.2,14.9,7,29,1,5.83,17.29
1975-07-30,3.75,0.4,18.7,14.0,13.1,7,30,2,6.04,14.62
1975-07-31,6.04,0.0,19.4,9.2,4.0,7,31,3,3.75,13.75
1975-08-01,2.71,0.0,21.2,10.1,4.5,8,1,4,6.04,9.59
1975-08-02,3.33,0.0,19.5,10.6,5.0,8,2,5,2.71,9.46
1975-08-03,4.38,0.0,25.7,13.1,9.1,8,3,6,3.33,4.08
1975-08-04,3.83,0.1,25.8,16.5,10.0,8,4,0,4.38,5.83
1975-08-05,7.75,3.2,24.0,16.4,11.3,8,5,1,3.83,6.04
1975-08-06,9.46,0.0,22.3,13.8,13.0,8,6,2,7.75,3.75
1975-08-07,4.83,0.0,22.4,14.9,8.2,8,7,3,9.46,6.04
1975-08-08,4.83,12.0,22.5,12.8,13.0,8,8,4,4.83,2.71
1975-08-09,5.29,0.0,18.4,12.6,11.5,8,9,5,4.83,3.33
1975-08-10,0.92,0.0,20.2,14.9,10.0,8,10,6,5.29,4.38
1975-08-11,2.75,0.0,22.4,13.6,11.0,8,11,0,0.92,3.83
1975-08-12,5.88,0.0,18.8,12.7,7.7,8,12,1,2.75,7.75
1975-08-13,2.62,0.3,21.2,14.9,10.6,8,13,2,5.88,9.46
1975-08-14,3.25,0.0,21.7,12.1,6.8,8,14,3,2.62,4.83
1975-08-15,5.75,0.0,20.2,15.0,11.5,8,15,4,3.25,4.83
1975-08-16,9.54,0.0,20.6,12.8,9.2,8,16,5,5.75,5.29
1975-08-17,2.79,1.2,20.4,9.0,4.0,8,17,6,9.54,0.92
1975-08-18,5.33,2.1,19.4,15.0,11.9,8,18,0,2.79,2.75
1975-08-19,8.38,0.0,23.3,13.2,8.0,8,19,1,5.33,5.88
1975-08-20,11.5,2.4,21.2,14.4,10.6,8,20,2,8.38,2.62
1975-08-21,8.42,0.1,18.6,9.6,5.0,8,21,3,11.5,3.25
1975-08-22,9.42,0.3,18.3,11.7,8.0,8,22,4,8.42,5.75
1975-08-23,6.29,0.2,20.9,8.9,3.3,8,23,5,9.42,9.54
1975-08-24,6.34,0.0,21.0,10.9,5.6,8,24,6,6.29,2.79
1975-08-25,5.0,0.3,21.0,13.1,9.0,8,25,0,6.34,5.33
1975-08-26,2.46,0.0,24.6,13.0,13.7,8,26,1,5.0,8.38
1975-08-27,3.0,0.0,22.7,15.9,10.9,8,27,2,2.46,11.5
1975-08-28,3.17,0.0,23.6,13.6,8.2,8,28,3,3.0,8.42
1975-08-29,8.29,3.0,17.2,14.6,11.0,8,29,4,3.17,9.42
1975-08-30,14.0,0.4,16.8,9.4,4.5,8,30,5,8.29,6.29
1975-08-31,6.42,0.0,20.0,9.8,5.9,8,31,6,14.0,6.34
1975-09-01,5.5,0.0,21.6,10.7,5.6,9,1,0,6.42,5.0
1975-09-02,7.46,0.0,19.6,14.2,3.0,9,2,1,5.5,2.46
1975-09-03,6.54,0.0,18.7,8.4,3.1,9,3,2,7.46,3.0
1975-09-04,9.71,0.0,17.4,6.3,0.1,9,4,3,6.54,3.17
1975-09-05,7.04,0.6,18.1,12.9,10.0,9,5,4,9.71,8.29
1975-09-06,5.09,1.3,18.1,13.4,9.0,9,6,5,7.04,14.0
1975-09-07,4.96,0.0,17.4,12.1,6.6,9,7,6,5.09,6.42
1975-09-08,10.0,0.8,17.9,13.1,9.5,9,8,0,4.96,5.5
1975-09-09,11.5,3.4,18.0,12.6,7.9,9,9,1,10.0,7.46
1975-09-10,9.33,2.9,16.6,10.5,5.0,9,10,2,11.5,6.54
1975-09-11,8.79,1.2,14.6,7.1,0.6,9,11,3,9.33,9.71
1975-09-12,12.87,1.3,15.5,8.1,3.6,9,12,4,8.79,7.04
1975-09-13,9.25,0.0,13.8,4.5,-1.8,9,13,5,12.87,5.09
1975-09-14,12.92,1.2,14.2,5.0,0.0,9,14,6,9.25,4.96
1975-09-15,7.75,0.0,15.3,5.6,0.0,9,15,0,12.92,10.0
1975-09-16,4.92,23.6,15.5,4.0,-2.4,9,16,1,7.75,11.5
1975-09-17,6.29,36.4,15.6,11.9,9.6,9,17,2,4.92,9.33
1975-09-18,6.63,0.0,15.7,10.0,6.6,9,18,3,6.29,8.79
1975-09-19,8.25,0.7,16.1,5.5,-0.5,9,19,4,6.63,12.87
1975-09-20,11.42,0.0,17.0,9.2,4.2,9,20,5,8.25,9.25
1975-09-21,9.29,0.0,17.2,9.6,4.6,9,21,6,11.42,12.92
1975-09-22,16.25,0.3,17.8,13.5,8.6,9,22,0,9.29,7.75
1975-09-23,12.25,2.7,16.7,9.9,7.9,9,23,1,16.25,4.92
1975-09-24,15.67,2.7,15.5,10.1,5.0,9,24,2,12.25,6.29
1975-09-25,12.42,0.3,14.7,11.6,8.0,9,25,3,15.67,6.63
1975-09-26,8.12,10.0,14.6,5.6,0.2,9,26,4,12.42,8.25
1975-09-27,14.12,3.8,15.1,8.4,1.2,9,27,5,8.12,11.42
1975-09-28,9.96,5.0,15.3,0.9,-6.0,9,28,6,14.12,9.29
1975-09-29,14.42,2.3,17.3,12.9,9.6,9,29,0,9.96,16.25
1975-09-30,8.67,3.3,15.7,8.6,0.0,9,30,1,14.42,12.25
1975-10-01,11.25,0.0,16.4,9.4,4.2,10,1,2,8.67,15.67
1975-10-02,9.75,18.7,15.6,7.6,-1.2,10,2,3,11.25,12.42
1975-10-03,13.88,1.0,14.9,6.3,1.2,10,3,4,9.75,8.12
1975-10-04,18.46,0.0,15.2,11.3,6.6,10,4,5,13.88,14.12
1975-10-05,13.33,0.9,16.8,12.9,8.2,10,5,6,18.46,9.96
1975-10-06,5.09,0.0,16.8,10.7,5.5,10,6,0,13.33,14.42
1975-10-07,2.08,0.0,15.4,9.6,2.9,10,7,1,5.09,8.67
1975-10-08,1.08,0.1,15.2,11.9,7.5,10,8,2,2.08,11.25
1975-10-09,4.58,2.2,16.2,8.8,0.6,10,9,3,1.08,9.75
1975-10-10,8.38,0.0,11.7,8.4,2.1,10,10,4,4.58,13.88
1975-10-11,6.0,0.0,12.1,3.2,2.6,10,11,5,8.38,18.46
1975-10-12,1.46,0.0,10.2,7.5,2.5,10,12,6,6.0,13.33
1975-10-13,7.96,0.3,11.6,2.2,-1.5,10,13,0,1.46,5.09
1975-10-14,7.08,2.3,15.3,8.0,0.0,10,14,1,7.96,2.08
1975-10-15,6.96,2.3,12.4,3.3,6.3,10,15,2,7.08,1.08
1975-10-16,5.09,0.3,12.3,6.5,1.9,10,16,3,6.96,4.58
1975-10-17,6.04,0.0,10.6,3.0,-2.1,10,17,4,5.09,8.38
1975-10-18,4.29,0.0,13.3,4.5,0.2,10,18,5,6.04,6.0
1975-10-19,14.0,0.0,12.3,5.0,-2.0,10,19,6,4.29,1.46
1975-10-20,16.04,0.0,13.2,10.9,6.2,10,20,0,14.0,7.96
1975-10-21,16.66,0.7,13.1,11.1,7.2,10,21,1,16.04,7.08
1975-10-22,21.42,1.1,14.0,10.5,6.1,10,22,2,16.66,6.96
1975-10-23,11.75,0.6,15.9,11.0,8.5,10,23,3,21.42,5.09
1975-10-24,8.04,0.1,20.3,11.6,4.1,10,24,4,11.75,6.04
1975-10-25,9.96,0.0,17.7,13.9,8.0,10,25,5,8.04,4.29
1975-10-26,3.46,0.0,17.1,8.3,0.5,10,26,6,9.96,14.0
1975-10-27,2.29,0.0,15.6,5.8,-1.0,10,27,0,3.46,16.04
1975-10-28,5.5,0.0,17.8,7.8,-0.8,10,28,1,2.29,16.66
1975-10-29,9.46,0.2,16.0,4.7,-2.6,10,29,2,5.5,21.42
1975-10-30,11.42,0.0,16.6,12.5,8.6,10,30,3,9.46,11.75
1975-10-31,12.46,0.3,15.0,13.5,9.6,10,31,4,11.42,8.04
1975-11-01,9.92,0.0,11.0,7.3,1.4,11,1,5,12.46,9.96
1975-11-02,9.71,0.7,14.0,1.5,-9.5,11,2,6,9.92,3.46
1975-11-03,11.67,0.0,12.6,5.6,-1.2,11,3,0,9.71,2.29
1975-11-04,12.5,0.1,12.2,8.0,2.73654650788542,11,4,1,11.67,5.5
1975-11-05,6.38,1.4,11.5,3.2,-5.0,11,5,2,12.5,9.46
1975-11-06,8.58,0.0,9.5,6.6,-3.6,11,6,3,6.38,11.42
1975-11-07,5.5,0.0,10.3,4.1,-4.5,11,7,4,8.58,12.46
1975-11-08,8.79,0.0,10.6,5.5,-3.5,11,8,5,5.5,9.92
1975-11-09,11.67,1.0,10.7,8.7,1.6,11,9,6,8.79,9.71
1975-11-10,6.13,24.7,7.9,7.5,2.6,11,10,0,11.67,11.67
1975-11-11,5.66,2.7,9.4,4.1,-2.9,11,11,1,6.13,12.5
1975-11-12,9.71,0.0,10.3,5.1,2.73654650788542,11,12,2,5.66,6.38
1975-11-13,6.96,0.0,9.1,8.7,4.7,11,13,3,9.71,8.58
1975-11-14,4.96,1.8,13.2,7.3,1.8,11,14,4,6.96,5.5
1975-11-15,9.87,8.7,14.2,7.9,4.5,11,15,5,4.96,8.79
1975-11-16,18.21,0.0,8.1,5.2,0.1,11,16,6,9.87,11.67
1975-11-17,14.0,0.0,8.0,2.8,-3.4,11,17,0,18.21,6.13
1975-11-18,11.54,3.1,11.4,0.6,-6.5,11,18,1,14.0,5.66
1975-11-19,18.54,1.9,12.9,1.6,-3.2,11,19,2,11.54,9.71
1975-11-20,7.08,0.0,12.0,9.2,4.2,11,20,3,18.54,6.96
1975-11-21,0.63,0.0,10.2,6.6,2.2,11,21,4,7.08,4.96
1975-11-22,9.38,0.7,14.5,2.6,-3.0,11,22,5,0.63,9.87
1975-11-23,9.21,0.6,11.7,7.3,4.3,11,23,6,9.38,18.21
1975-11-24,10.92,1.4,13.9,2.4,-6.6,11,24,0,9.21,14.0
1975-11-25,11.87,0.0,11.3,6.7,4.5,11,25,1,10.92,11.54
1975-11-26,12.0,2.2,6.7,1.0,-5.5,11,26,2,11.87,18.54
1975-11-27,18.66,0.0,10.9,2.1,-3.3,11,27,3,12.0,7.08
1975-11-28,10.83,0.5,8.0,4.3,-2.5,11,28,4,18.66,0.63
1975-11-29,8.38,0.0,6.3,0.4,-7.9,11,29,5,10.83,9.38
1975-11-30,10.63,6.0,11.3,-0.6,-8.0,11,30,6,8.38,9.21
1975-12-01,13.96,11.2,10.6,-0.8,8.2,12,1,0,10.63,10.92
1975-12-02,16.62,0.0,8.3,4.9,2.73654650788542,12,2,1,13.96,11.87
1975-12-03,10.46,0.0,7.8,2.0,-5.3,12,3,2,16.62,12.0
1975-12-04,11.29,0.3,10.3,6.1,2.3,12,4,3,10.46,18.66
1975-12-05,10.46,0.2,10.6,7.4,5.4,12,5,4,11.29,10.83
1975-12-06,6.29,0.2,11.0,8.7,5.6,12,6,5,10.46,8.38
1975-12-07,8.87,0.1,9.3,7.3,5.0,12,7,6,6.29,10.63
1975-12-08,6.04,0.0,7.0,4.2,3.5,12,8,0,8.87,13.96
1975-12-09,7.29,0.0,6.2,2.5,-3.6,12,9,1,6.04,16.62
1975-12-10,5.71,0.1,6.3,4.5,2.2,12,10,2,7.29,10.46
1975-12-11,5.33,2.0,7.4,4.6,1.2,12,11,3,5.71,11.29
1975-12-12,11.63,0.3,3.9,0.3,-5.5,12,12,4,5.33,10.46
1975-12-13,9.5,0.0,4.2,-2.0,-10.0,12,13,5,11.63,6.29
1975-12-14,8.42,0.0,6.3,-1.9,-2.3,12,14,6,9.5,8.87
1975-12-15,7.92,0.0,5.7,3.1,-1.8,12,15,0,8.42,6.04
1975-12-16,9.42,1.5,7.3,2.7,-0.3,12,16,1,7.92,7.29
1975-12-17,12.04,0.0,4.7,3.0,-3.6,12,17,2,9.42,5.71
1975-12-18,10.0,0.4,5.9,-1.3,-8.0,12,18,3,12.04,5.33
1975-12-19,6.67,0.0,7.3,1.2,2.1,12,19,4,10.0,11.63
1975-12-20,9.17,0.0,9.0,4.5,-2.0,12,20,5,6.67,9.5
1975-12-21,12.33,0.0,10.1,6.3,1.6,12,21,6,9.17,8.42
1975-12-22,10.88,0.0,10.0,6.7,1.2,12,22,0,12.33,7.92
1975-12-23,12.5,3.7,9.6,7.3,2.1,12,23,1,10.88,9.42
1975-12-24,12.21,0.1,10.2,1.0,-4.2,12,24,2,12.5,12.04
1975-12-25,13.96,0.0,10.1,1.9,5.2,12,25,3,12.21,10.0
1975-12-26,11.38,0.0,8.1,6.6,2.7,12,26,4,13.96,6.67
1975-12-27,13.17,0.0,10.0,6.8,4.5,12,27,5,11.38,9.17
1975-12-28,13.04,1.0,11.0,6.8,6.0,12,28,6,13.17,12.33
1975-12-29,9.46,0.0,11.6,6.8,3.6,12,29,0,13.04,10.88
1975-12-30,17.79,3.9,11.7,9.5,6.0,12,30,1,9.46,12.5
1975-12-31,7.08,1.1,5.6,4.8,2.4,12,31,2,17.79,12.21
1976-01-01,13.17,13.0,12.2,1.3,-3.5,1,1,3,7.08,13.96
1976-01-02,18.96,3.1,13.5,3.7,-2.0,1,2,4,13.17,11.38
1976-01-03,13.29,6.1,6.2,2.9,-2.0,1,3,5,18.96,13.17
1976-01-04,13.62,1.0,11.3,2.3,-0.3,1,4,6,13.29,13.04
1976-01-05,15.63,0.6,10.8,6.0,-3.7,1,5,0,13.62,9.46
1976-01-06,14.83,0.0,11.0,8.8,4.5,1,6,1,15.63,17.79
1976-01-07,14.58,0.0,11.3,9.3,4.9,1,7,2,14.83,7.08
1976-01-08,14.37,17.0,12.0,9.5,5.5,1,8,3,14.58,13.17
1976-01-09,7.17,3.0,10.3,5.9,4.0,1,9,4,14.37,18.96
1976-01-10,21.29,1.2,11.9,2.4,-1.0,1,10,5,7.17,13.29
1976-01-11,19.12,0.0,11.2,10.0,7.0,1,11,6,21.29,13.62
1976-01-12,16.42,0.0,11.2,9.0,5.0,1,12,0,19.12,15.63
1976-01-13,11.46,0.0,10.0,9.0,4.2,1,13,1,16.42,14.83
1976-01-14,11.92,0.0,9.3,6.2,1.0,1,14,2,11.46,14.58
1976-01-15,8.38,0.0,8.9,4.3,-3.2,1,15,3,11.92,14.37
1976-01-16,8.25,0.0,9.9,7.0,3.0,1,16,4,8.38,7.17
1976-01-17,3.42,0.0,8.8,7.0,4.6,1,17,5,8.25,21.29
1976-01-18,13.83,1.0,8.6,7.0,5.0,1,18,6,3.42,19.12
1976-01-19,20.75,1.0,11.6,4.5,2.1,1,19,0,13.83,16.42
1976-01-20,25.96,0.0,7.9,7.1,4.0,1,20,1,20.75,11.46
1976-01-21,20.79,0.4,10.4,4.9,2.0,1,21,2,25.96,11.92
1976-01-22,21.67,0.6,11.6,6.9,6.0,1,22,3,20.79,8.38
1976-01-23,14.12,0.7,5.1,2.6,0.0,1,23,4,21.67,8.25
1976-01-24,13.29,0.0,4.2,-0.4,-4.2,1,24,5,14.12,3.42
1976-01-25,10.21,0.5,3.3,-1.3,-5.0,1,25,6,13.29,13.83
1976-01-26,11.46,0.6,5.1,-1.0,-5.0,1,26,0,10.21,20.75
1976-01-27,9.25,0.0,7.6,-1.3,-6.1,1,27,1,11.46,25.96
1976-01-28,16.71,8.0,8.1,-1.0,1.5,1,28,2,9.25,20.79
1976-01-29,23.13,1.7,7.6,4.9,0.4,1,29,3,16.71,21.67
1976-01-30,23.5,0.0,5.2,4.0,2.3,1,30,4,23.13,14.12
1976-01-31,18.21,0.0,3.7,0.8,-1.5,1,31,5,23.5,13.29
1976-02-01,11.58,0.0,3.4,2.0,0.2,2,1,6,18.21,10.21
1976-02-02,11.21,2.3,3.4,2.7,1.5,2,2,0,11.58,11.46
1976-02-03,10.58,0.6,5.6,1.2,-0.4,2,3,1,11.21,9.25
1976-02-04,13.62,0.2,5.6,2.6,2.0,2,4,2,10.58,16.71
1976-02-05,12.79,2.4,5.0,3.6,2.4,2,5,3,13.62,23.13
1976-02-06,4.58,0.0,5.8,2.8,1.6,2,6,4,12.79,23.5
1976-02-07,9.5,0.0,10.7,-0.9,-5.7,2,7,5,4.58,18.21
1976-02-08,11.17,0.0,12.6,5.1,4.5,2,8,6,9.5,11.58
1976-02-09,16.17,0.0,13.8,3.6,-1.1,2,9,0,11.17,11.21
1976-02-10,15.16,5.1,7.6,2.0,-1.0,2,10,1,16.17,10.58
1976-02-11,17.12,4.9,9.5,0.9,-1.2,2,11,2,15.16,13.62
1976-02-12,17.41,2.2,11.0,1.9,2.0,2,12,3,17.12,12.79
1976-02-13,8.79,0.0,8.5,3.7,0.2,2,13,4,17.41,4.58
1976-02-14,4.25,0.1,8.3,0.4,-2.2,2,14,5,8.79,9.5
1976-02-15,9.42,0.0,9.2,5.8,4.1,2,15,6,4.25,11.17
1976-02-16,8.5,0.0,6.6,5.6,3.4,2,16,0,9.42,16.17
1976-02-17,4.38,0.0,4.4,2.5,1.5,2,17,1,8.5,15.16
1976-02-18,2.92,0.0,6.4,-0.5,-5.0,2,18,2,4.38,17.12
1976-02-19,10.08,0.0,9.6,3.7,2.3,2,19,3,2.92,17.41
1976-02-20,12.25,2.2,8.8,3.9,1.0,2,20,4,10.08,8.79
1976-02-21,10.17,0.0,12.1,6.5,5.0,2,21,5,12.25,4.25
1976-02-22,12.08,0.0,12.9,5.7,5.2,2,22,6,10.17,9.42
1976-02-23,11.29,6.1,13.3,9.0,8.0,2,23,0,12.08,8.5
1976-02-24,13.29,0.0,12.5,3.1,-0.8,2,24,1,11.29,4.38
1976-02-25,14.17,0.0,14.1,5.6,4.0,2,25,2,13.29,2.92
1976-02-26,8.46,0.0,13.6,9.3,6.5,2,26,3,14.17,10.08
1976-02-27,5.75,0.0,11.2,9.0,8.0,2,27,4,8.46,12.25
1976-02-28,6.71,0.0,11.1,7.4,5.5,2,28,5,5.75,10.17
1976-02-29,11.71,3.5,11.4,6.0,2.5,2,29,6,6.71,12.08
1976-03-01,6.5,0.0,11.2,3.5,-5.5,3,1,0,11.71,11.29
1976-03-02,6.96,0.0,11.0,-1.0,-4.5,3,2,1,6.5,13.29
1976-03-03,10.04,0.0,9.7,3.6,-1.0,3,3,2,6.96,14.17
1976-03-04,7.87,0.0,11.9,2.9,-1.0,3,4,3,10.04,8.46
1976-03-05,11.54,0.0,11.7,5.5,0.9,3,5,4,7.87,5.75
1976-03-06,20.79,0.0,6.7,5.0,4.0,3,6,5,11.54,6.71
1976-03-07,14.33,0.0,4.5,2.5,1.3,3,7,6,20.79,11.71
1976-03-08,7.54,0.0,5.0,1.8,0.2,3,8,0,14.33,6.5
1976-03-09,7.58,4.4,8.8,-6.7,-9.6,3,9,1,7.54,6.96
1976-03-10,12.71,0.0,9.2,1.4,5.5,3,10,2,7.58,10.04
1976-03-11,11.34,5.2,8.6,7.6,6.5,3,11,3,12.71,7.87
1976-03-12,15.92,16.3,5.6,1.0,1.5,3,12,4,11.34,11.54
1976-03-13,12.0,0.1,7.0,4.3,3.7,3,13,5,15.92,20.79
1976-03-14,15.37,0.7,8.5,-0.5,-3.8,3,14,6,12.0,14.33
1976-03-15,9.59,0.3,9.5,4.4,0.5,3,15,0,15.37,7.54
1976-03-16,10.79,3.1,8.6,2.2,-0.9,3,16,1,9.59,7.58
1976-03-17,8.04,0.1,10.7,1.2,-0.8,3,17,2,10.79,12.71
1976-03-18,11.12,3.9,8.5,-0.7,-5.1,3,18,3,8.04,11.34
1976-03-19,14.58,1.8,6.4,5.4,3.2,3,19,4,11.12,15.92
1976-03-20,16.88,5.0,9.6,5.0,4.5,3,20,5,14.58,12.0
1976-03-21,6.83,0.5,10.6,5.9,5.0,3,21,6,16.88,15.37
1976-03-22,5.71,0.4,5.3,3.6,2.5,3,22,0,6.83,9.59
1976-03-23,5.96,0.0,9.0,-2.9,-7.4,3,23,1,5.71,10.79
1976-03-24,12.96,5.0,12.5,4.6,4.1,3,24,2,5.96,8.04
1976-03-25,15.29,1.5,10.9,8.4,7.5,3,25,3,12.96,11.12
1976-03-26,16.58,1.7,10.0,2.7,0.1,3,26,4,15.29,14.58
1976-03-27,20.88,0.0,12.4,6.3,5.1,3,27,5,16.58,16.88
1976-03-28,18.71,2.5,11.9,8.5,7.2,3,28,6,20.88,6.83
1976-03-29,17.0,0.2,10.9,6.8,4.6,3,29,0,18.71,5.71
1976-03-30,15.63,0.0,13.7,6.9,4.8,3,30,1,17.0,5.96
1976-03-31,17.0,0.1,12.2,4.1,7.0,3,31,2,15.63,12.96
1976-04-01,6.87,0.8,9.3,4.1,-0.2,4,1,3,17.0,15.29
1976-04-02,10.79,0.4,8.5,0.9,-1.5,4,2,4,6.87,16.58
1976-04-03,12.87,0.2,10.6,-0.9,-4.8,4,3,5,10.79,20.88
1976-04-04,12.21,0.0,12.0,3.5,1.3,4,4,6,12.87,18.71
1976-04-05,16.38,0.0,14.5,5.9,6.4,4,5,0,12.21,17.0
1976-04-06,14.71,0.0,12.2,9.2,8.5,4,6,1,16.38,15.63
1976-04-07,10.63,0.0,11.1,8.1,7.3,4,7,2,14.71,17.0
1976-04-08,7.21,0.0,13.1,0.4,-4.5,4,8,3,10.63,6.87
1976-04-09,6.0,0.0,14.4,7.8,6.5,4,9,4,7.21,10.79
1976-04-10,10.34,5.8,14.0,4.0,-1.9,4,10,5,6.0,12.87
1976-04-11,11.34,4.4,7.8,6.2,5.8,4,11,6,10.34,12.21
1976-04-12,8.29,2.0,12.1,2.2,-0.9,4,12,0,11.34,16.38
1976-04-13,15.0,1.5,12.0,4.6,0.5,4,13,1,8.29,14.71
1976-04-14,17.67,0.0,11.0,4.6,2.0,4,14,2,15.0,10.63
1976-04-15,8.79,0.0,13.5,4.8,1.4,4,15,3,17.67,7.21
1976-04-16,6.46,0.0,15.6,4.4,-0.4,4,16,4,8.79,6.0
1976-04-17,9.42,0.0,14.2,9.6,8.2,4,17,5,6.46,10.34
1976-04-18,5.63,0.0,13.4,10.2,9.1,4,18,6,9.42,11.34
1976-04-19,5.88,0.0,15.4,9.5,7.8,4,19,0,5.63,8.29
1976-04-20,8.0,0.0,14.0,8.9,5.9,4,20,1,5.88,15.0
1976-04-21,8.83,0.0,12.0,5.5,1.8,4,21,2,8.0,17.67
1976-04-22,14.79,0.0,9.5,7.5,4.0,4,22,3,8.83,8.79
1976-04-23,9.96,0.0,10.0,5.5,3.0,4,23,4,14.79,6.46
1976-04-24,9.87,0.0,12.0,1.9,-1.6,4,24,5,9.96,9.42
1976-04-25,11.25,0.0,10.9,8.1,7.1,4,25,6,9.87,5.63
1976-04-26,8.25,0.0,11.3,6.3,2.0,4,26,0,11.25,5.88
1976-04-27,9.59,0.0,10.0,6.5,3.4,4,27,1,8.25,8.0
1976-04-28,7.29,0.0,9.5,4.6,0.4,4,28,2,9.59,8.83
1976-04-29,3.54,0.0,13.0,-0.5,-3.9,4,29,3,7.29,14.79
1976-04-30,5.54,0.0,13.9,7.8,6.4,4,30,4,3.54,9.96
1976-05-01,11.96,7.7,12.3,7.1,2.6,5,1,5,5.54,9.87
1976-05-02,12.38,0.7,14.5,6.2,4.0,5,2,6,11.96,11.25
1976-05-03,14.96,5.4,12.9,6.6,4.5,5,3,0,12.38,8.25
1976-05-04,7.08,0.0,13.3,6.8,5.0,5,4,1,14.96,9.59
1976-05-05,5.54,0.0,12.1,8.5,6.4,5,5,2,7.08,7.29
1976-05-06,5.66,1.6,14.8,8.9,7.0,5,6,3,5.54,3.54
1976-05-07,5.33,0.6,16.2,5.8,2.1,5,7,4,5.66,5.54
1976-05-08,7.25,0.0,15.7,6.6,3.5,5,8,5,5.33,11.96
1976-05-09,4.33,0.0,16.5,9.4,4.5,5,9,6,7.25,12.38
1976-05-10,11.25,8.0,15.1,5.8,2.8,5,10,0,4.33,14.96
1976-05-11,14.17,2.6,16.0,8.4,5.8,5,11,1,11.25,7.08
1976-05-12,16.29,1.7,13.4,6.7,5.7,5,12,2,14.17,5.54
1976-05-13,8.96,0.0,13.9,2.6,-1.8,5,13,3,16.29,5.66
1976-05-14,13.37,2.1,15.1,10.0,9.4,5,14,4,8.96,5.33
1976-05-15,13.25,3.3,12.8,9.6,7.1,5,15,5,13.37,7.25
1976-05-16,16.5,1.2,15.0,7.0,2.4,5,16,6,13.25,4.33
1976-05-17,13.88,5.8,14.4,11.7,10.1,5,17,0,16.5,11.25
1976-05-18,7.04,5.9,14.0,6.9,1.0,5,18,1,13.88,14.17
1976-05-19,7.08,0.8,12.7,4.1,-1.7,5,19,2,7.04,16.29
1976-05-20,8.38,2.1,12.8,7.0,3.1,5,20,3,7.08,8.96
1976-05-21,9.83,1.0,15.3,5.0,-1.4,5,21,4,8.38,13.37
1976-05-22,10.54,0.0,19.1,11.9,10.5,5,22,5,9.83,13.25
1976-05-23,9.5,0.0,19.1,9.2,3.2,5,23,6,10.54,16.5
1976-05-24,11.08,0.0,17.9,13.2,9.1,5,24,0,9.5,13.88
1976-05-25,10.0,1.0,15.4,7.0,1.5,5,25,1,11.08,7.04
1976-05-26,7.12,0.0,14.0,6.0,1.5,5,26,2,10.0,7.08
1976-05-27,3.29,0.0,15.1,9.6,8.6,5,27,3,7.12,8.38
1976-05-28,4.63,2.0,14.4,9.8,7.1,5,28,4,3.29,9.83
1976-05-29,3.33,2.7,16.8,8.1,4.8,5,29,5,4.63,10.54
1976-05-30,8.29,1.1,18.8,10.0,6.7,5,30,6,3.33,9.5
1976-05-31,6.29,1.7,16.6,10.0,7.6,5,31,0,8.29,11.08
1976-06-01,12.92,1.4,17.4,9.5,6.8,6,1,1,6.29,10.0
1976-06-02,4.29,0.0,16.5,6.8,3.7,6,2,2,12.92,7.12
1976-06-03,3.04,0.0,16.9,11.5,9.4,6,3,3,4.29,3.29
1976-06-04,5.75,0.3,18.4,12.5,10.8,6,4,4,3.04,4.63
1976-06-05,6.5,0.4,20.4,13.9,12.6,6,5,5,5.75,3.33
1976-06-06,7.87,0.0,23.8,11.3,7.0,6,6,6,6.5,8.29
1976-06-07,5.54,0.0,22.7,12.6,8.7,6,7,0,7.87,6.29
1976-06-08,7.75,0.0,23.7,11.9,9.8,6,8,1,5.54,12.92
1976-06-09,10.83,3.3,20.8,14.0,12.8,6,9,2,7.75,4.29
1976-06-10,10.83,8.1,18.5,9.2,6.0,6,10,3,10.83,3.04
1976-06-11,10.63,0.3,21.9,12.3,9.0,6,11,4,10.83,5.75
1976-06-12,13.13,0.0,19.0,14.6,12.4,6,12,5,10.63,6.5
1976-06-13,10.79,0.0,21.4,12.6,7.6,6,13,6,13.13,7.87
1976-06-14,11.92,0.0,21.9,14.1,8.7,6,14,0,10.79,5.54
1976-06-15,9.79,0.0,22.3,15.0,13.5,6,15,1,11.92,7.75
1976-06-16,3.37,3.8,19.5,14.6,11.6,6,16,2,9.79,10.83
1976-06-17,7.0,1.0,19.2,12.5,11.5,6,17,3,3.37,10.83
1976-06-18,11.67,0.2,16.2,12.6,11.8,6,18,4,7.0,10.63
1976-06-19,11.08,0.0,15.2,9.0,7.3,6,19,5,11.67,13.13
1976-06-20,9.96,1.9,17.9,8.4,6.2,6,20,6,11.08,10.79
1976-06-21,7.12,0.0,20.0,13.1,8.5,6,21,0,9.96,11.92
1976-06-22,8.96,0.0,22.0,14.8,11.5,6,22,1,7.12,9.79
1976-06-23,10.04,0.0,22.0,14.7,14.4,6,23,2,8.96,3.37
1976-06-24,10.37,0.0,24.2,17.4,15.2,6,24,3,10.04,7.0
1976-06-25,7.0,0.0,23.2,14.0,10.6,6,25,4,10.37,11.67
1976-06-26,7.41,0.0,22.2,14.0,10.0,6,26,5,7.0,11.08
1976-06-27,3.42,0.0,21.5,10.8,7.1,6,27,6,7.41,9.96
1976-06-28,5.58,0.0,23.2,11.4,7.7,6,28,0,3.42,7.12
1976-06-29,5.58,0.0,25.1,13.2,9.6,6,29,1,5.58,8.96
1976-06-30,6.04,0.0,26.8,14.5,10.2,6,30,2,5.58,10.04
1976-07-01,5.37,0.0,24.5,17.6,13.9,7,1,3,6.04,10.37
1976-07-02,4.67,0.2,26.3,16.9,13.6,7,2,4,5.37,7.0
1976-07-03,4.88,0.0,23.7,17.6,15.4,7,3,5,4.67,7.41
1976-07-04,4.08,0.0,23.4,15.6,13.0,7,4,6,4.88,3.42
1976-07-05,1.54,12.5,24.7,16.2,13.9,7,5,0,4.08,5.58
1976-07-06,4.12,10.1,19.4,15.6,14.5,7,6,1,1.54,5.58
1976-07-07,5.5,1.5,21.0,16.1,14.6,7,7,2,4.12,6.04
1976-07-08,4.29,17.2,23.6,15.5,14.8,7,8,3,5.5,5.37
1976-07-09,10.34,0.0,19.5,14.8,14.4,7,9,4,4.29,4.67
1976-07-10,9.13,2.2,19.9,12.6,5.5,7,10,5,10.34,4.88
1976-07-11,9.33,0.4,19.0,15.0,13.5,7,11,6,9.13,4.08
1976-07-12,5.75,0.4,19.2,14.4,11.0,7,12,0,9.33,1.54
1976-07-13,9.04,0.2,20.0,13.0,9.9,7,13,1,5.75,4.12
1976-07-14,10.34,10.3,20.1,13.0,11.4,7,14,2,9.04,5.5
1976-07-15,10.08,1.4,20.5,14.0,13.0,7,15,3,10.34,4.29
1976-07-16,6.54,0.0,18.9,8.8,4.8,7,16,4,10.08,10.34
1976-07-17,5.79,0.0,19.6,12.0,7.6,7,17,5,6.54,9.13
1976-07-18,10.25,0.0,21.0,13.0,7.9,7,18,6,5.79,9.33
1976-07-19,9.96,0.1,19.5,15.6,14.4,7,19,0,10.25,5.75
1976-07-20,8.83,3.1,18.6,11.7,9.5,7,20,1,9.96,9.04
1976-07-21,7.92,0.0,18.9,11.0,8.7,7,21,2,8.83,10.34
1976-07-22,5.63,0.0,18.0,10.7,7.5,7,22,3,7.92,10.08
1976-07-23,8.96,0.0,18.5,12.2,11.3,7,23,4,5.63,6.54
1976-07-24,6.58,0.0,18.2,13.4,12.7,7,24,5,8.96,5.79
1976-07-25,5.58,0.0,19.0,10.9,7.5,7,25,6,6.58,10.25
1976-07-26,5.09,0.0,19.3,13.9,12.1,7,26,0,5.58,9.96
1976-07-27,4.92,0.0,21.3,12.0,10.6,7,27,1,5.09,8.83
1976-07-28,5.5,0.0,20.2,12.0,9.4,7,28,2,4.92,7.92
1976-07-29,9.25,0.2,20.1,9.2,6.0,7,29,3,5.5,5.63
1976-07-30,9.87,0.0,17.8,12.8,11.0,7,30,4,9.25,8.96
1976-07-31,7.71,0.0,16.7,6.7,4.0,7,31,5,9.87,6.58
1976-08-01,13.0,0.0,19.4,8.5,4.5,8,1,6,7.71,5.58
1976-08-02,10.58,0.0,19.7,13.2,11.1,8,2,0,13.0,5.09
1976-08-03,5.91,0.0,19.8,12.9,12.1,8,3,1,10.58,4.92
1976-08-04,6.75,0.0,19.0,8.0,4.1,8,4,2,5.91,5.5
1976-08-05,4.92,0.2,19.0,13.0,9.5,8,5,3,6.75,9.25
1976-08-06,3.46,0.0,19.3,13.2,12.0,8,6,4,4.92,9.87
1976-08-07,3.08,0.0,19.8,13.9,12.6,8,7,5,3.46,7.71
1976-08-08,1.67,0.0,20.7,12.9,8.4,8,8,6,3.08,13.0
1976-08-09,1.67,0.0,22.2,9.1,6.2,8,9,0,1.67,10.58
1976-08-10,2.67,0.0,22.9,9.4,6.5,8,10,1,1.67,5.91
1976-08-11,4.71,0.8,20.8,11.8,8.0,8,11,2,2.67,6.75
1976-08-12,1.46,0.5,17.9,15.8,14.3,8,12,3,4.71,4.92
1976-08-13,2.42,0.0,18.9,11.3,6.3,8,13,4,1.46,3.46
1976-08-14,3.79,0.0,20.1,9.1,5.0,8,14,5,2.42,3.08
1976-08-15,3.42,0.0,23.0,8.6,3.3,8,15,6,3.79,1.67
1976-08-16,1.87,0.0,23.2,9.5,5.5,8,16,0,3.42,1.67
1976-08-17,2.0,0.0,23.7,10.4,6.0,8,17,1,1.87,2.67
1976-08-18,4.38,0.0,20.7,10.7,6.8,8,18,2,2.0,4.71
1976-08-19,3.0,0.0,22.2,9.7,5.8,8,19,3,4.38,1.46
1976-08-20,4.04,0.0,22.8,10.2,5.8,8,20,4,3.0,2.42
1976-08-21,6.87,0.0,22.5,10.3,6.5,8,21,5,4.04,3.79
1976-08-22,7.08,0.0,22.4,15.5,10.9,8,22,6,6.87,3.42
1976-08-23,5.79,0.0,23.2,14.6,8.5,8,23,0,7.08,1.87
1976-08-24,6.04,0.0,21.9,12.4,7.6,8,24,1,5.79,2.0
1976-08-25,4.12,0.0,24.6,11.5,8.2,8,25,2,6.04,4.38
1976-08-26,3.88,0.0,25.2,12.3,8.1,8,26,3,4.12,3.0
1976-08-27,8.87,0.0,20.5,11.9,7.5,8,27,4,3.88,4.04
1976-08-28,13.59,0.0,19.4,14.6,10.5,8,28,5,8.87,6.87
1976-08-29,9.67,2.0,16.5,14.6,11.8,8,29,6,13.59,7.08
1976-08-30,9.21,0.0,19.6,10.3,7.1,8,30,0,9.67,5.79
1976-08-31,8.63,0.0,21.1,9.6,6.1,8,31,1,9.21,6.04
1976-09-01,10.34,0.0,20.3,14.3,11.9,9,1,2,8.63,4.12
1976-09-02,11.63,0.0,15.9,7.3,3.2,9,2,3,10.34,3.88
1976-09-03,10.04,0.0,18.1,5.2,0.2,9,3,4,11.63,8.87
1976-09-04,8.08,0.0,19.2,11.7,7.1,9,4,5,10.04,13.59
1976-09-05,3.79,0.0,18.3,11.2,6.6,9,5,6,8.08,9.67
1976-09-06,4.46,0.0,19.9,12.4,9.0,9,6,0,3.79,9.21
1976-09-07,4.38,0.0,20.0,11.5,6.3,9,7,1,4.46,8.63
1976-09-08,13.17,0.8,19.2,10.8,5.5,9,8,2,4.38,10.34
1976-09-09,21.25,0.1,13.3,8.4,5.0,9,9,3,13.17,11.63
1976-09-10,10.54,16.5,13.5,6.2,3.4,9,10,4,21.25,10.04
1976-09-11,20.54,0.0,14.2,7.7,5.4,9,11,5,10.54,8.08
1976-09-12,12.33,1.1,14.1,6.7,3.0,9,12,6,20.54,3.79
1976-09-13,6.71,1.2,13.9,6.7,2.6,9,13,0,12.33,4.46
1976-09-14,12.17,2.7,14.5,8.0,4.0,9,14,1,6.71,4.38
1976-09-15,6.58,0.0,13.0,9.1,6.8,9,15,2,12.17,13.17
1976-09-16,3.08,0.0,14.8,3.5,-2.0,9,16,3,6.58,21.25
1976-09-17,4.42,0.0,15.1,1.7,-3.2,9,17,4,3.08,10.54
1976-09-18,5.66,0.0,15.9,5.8,0.6,9,18,5,4.42,20.54
1976-09-19,9.75,0.9,16.8,13.3,10.0,9,19,6,5.66,12.33
1976-09-20,7.25,7.5,19.1,7.5,0.2,9,20,0,9.75,6.71
1976-09-21,3.21,14.3,14.8,13.7,10.5,9,21,1,7.25,12.17
1976-09-22,1.63,0.0,16.8,10.9,5.9,9,22,2,3.21,6.58
1976-09-23,6.34,25.1,15.7,8.0,1.7,9,23,3,1.63,3.08
1976-09-24,15.92,27.4,15.4,13.0,10.6,9,24,4,6.34,4.42
1976-09-25,10.13,21.8,16.2,13.1,10.9,9,25,5,15.92,5.66
1976-09-26,8.17,18.1,16.5,10.2,4.1,9,26,6,10.13,9.75
1976-09-27,7.04,11.5,17.3,13.2,10.8,9,27,0,8.17,7.25
1976-09-28,7.71,6.1,17.8,13.6,9.0,9,28,1,7.04,3.21
1976-09-29,6.96,0.3,16.1,13.2,10.4,9,29,2,7.71,1.63
1976-09-30,5.25,0.4,16.4,13.7,9.2,9,30,3,6.96,6.34
1976-10-01,5.04,4.9,15.4,13.8,11.5,10,1,4,5.25,15.92
1976-10-02,2.67,7.8,15.2,12.8,9.2,10,2,5,5.04,10.13
1976-10-03,8.96,2.0,16.4,10.5,6.3,10,3,6,2.67,8.17
1976-10-04,5.41,2.8,14.5,5.0,-1.8,10,4,0,8.96,7.04
1976-10-05,11.54,2.5,18.5,5.4,-1.4,10,5,1,5.41,7.71
1976-10-06,19.21,1.1,15.5,10.7,7.5,10,6,2,11.54,6.96
1976-10-07,7.71,0.1,14.9,10.8,5.1,10,7,3,19.21,5.25
1976-10-08,3.04,0.0,16.9,7.8,0.5,10,8,4,7.71,5.04
1976-10-09,1.63,0.0,15.5,4.5,-2.5,10,9,5,3.04,2.67
1976-10-10,7.41,6.4,15.6,6.5,-0.4,10,10,6,1.63,8.96
1976-10-11,5.29,19.7,16.1,11.1,7.6,10,11,0,7.41,5.41
1976-10-12,8.33,0.1,12.3,7.2,4.5,10,12,1,5.29,11.54
1976-10-13,2.25,15.4,14.0,3.8,-3.7,10,13,2,8.33,19.21
1976-10-14,13.83,16.0,10.0,7.9,2.4,10,14,3,2.25,7.71
1976-10-15,14.83,0.0,12.3,7.5,4.5,10,15,4,13.83,3.04
1976-10-16,4.88,6.4,11.4,1.6,-4.8,10,16,5,14.83,1.63
1976-10-17,13.5,4.8,13.4,5.0,5.5,10,17,6,4.88,7.41
1976-10-18,1.54,0.2,14.2,5.6,-2.7,10,18,0,13.5,5.29
1976-10-19,2.42,1.2,12.4,4.1,-3.1,10,19,1,1.54,8.33
1976-10-20,6.96,1.6,13.0,4.1,-3.0,10,20,2,2.42,2.25
1976-10-21,9.17,1.0,13.9,6.4,-1.6,10,21,3,6.96,13.83
1976-10-22,6.04,12.9,13.2,4.4,-4.0,10,22,4,9.17,14.83
1976-10-23,6.21,16.7,8.0,7.5,5.0,10,23,5,6.04,4.88
1976-10-24,1.92,1.1,11.1,0.3,-7.0,10,24,6,6.21,13.5
1976-10-25,0.92,0.4,11.5,5.5,-1.5,10,25,0,1.92,1.54
1976-10-26,2.58,0.6,11.4,2.8,-2.3,10,26,1,0.92,2.42
1976-10-27,6.54,8.0,11.4,4.7,3.4,10,27,2,2.58,6.96
1976-10-28,2.58,6.5,11.5,3.5,-2.8,10,28,3,6.54,9.17
1976-10-29,6.71,4.6,10.2,6.6,4.0,10,29,4,2.58,6.04
1976-10-30,4.46,0.5,10.2,8.3,5.1,10,30,5,6.71,6.21
1976-10-31,4.21,1.3,11.2,7.5,3.5,10,31,6,4.46,1.92
1976-11-01,10.0,2.2,10.5,7.5,2.2,11,1,0,4.21,0.92
1976-11-02,11.79,0.1,8.9,3.9,-1.2,11,2,1,10.0,2.58
1976-11-03,7.54,0.1,10.5,0.9,-8.0,11,3,2,11.79,6.54
1976-11-04,5.96,1.0,11.8,3.4,-4.7,11,4,3,7.54,2.58
1976-11-05,9.62,0.0,10.5,6.1,0.5,11,5,4,5.96,6.71
1976-11-06,5.17,0.0,12.5,6.8,-1.0,11,6,5,9.62,4.46
1976-11-07,8.08,0.0,11.3,4.6,-4.6,11,7,6,5.17,4.21
1976-11-08,5.33,0.1,11.4,2.0,-6.6,11,8,0,8.08,10.0
1976-11-09,5.75,0.0,8.9,2.6,-4.0,11,9,1,5.33,11.79
1976-11-10,8.38,0.1,9.5,-1.5,-9.1,11,10,2,5.75,7.54
1976-11-11,4.96,0.2,9.9,-0.1,-8.4,11,11,3,8.38,5.96
1976-11-12,8.83,0.1,2.6,-1.5,-6.0,11,12,4,4.96,9.62
1976-11-13,6.58,0.3,9.8,-6.7,-7.0,11,13,5,8.83,5.17
1976-11-14,11.38,9.3,11.0,-1.5,-7.2,11,14,6,6.58,8.08
1976-11-15,8.29,4.5,12.3,2.4,-2.5,11,15,0,11.38,5.33
1976-11-16,8.63,0.0,10.0,4.4,-0.8,11,16,1,8.29,5.75
1976-11-17,7.41,6.8,11.5,3.0,2.7,11,17,2,8.63,8.38
1976-11-18,7.5,0.1,11.8,9.5,6.0,11,18,3,7.41,4.96
1976-11-19,2.17,0.0,10.3,9.0,6.8,11,19,4,7.5,8.83
1976-11-20,3.71,0.0,8.8,7.8,4.4,11,20,5,2.17,6.58
1976-11-21,8.46,0.0,9.0,6.3,3.5,11,21,6,3.71,11.38
1976-11-22,7.83,0.5,8.2,4.6,-0.1,11,22,0,8.46,8.29
1976-11-23,8.54,0.0,8.4,3.2,-3.7,11,23,1,7.83,8.63
1976-11-24,11.21,0.0,9.5,5.7,0.5,11,24,2,8.54,7.41
1976-11-25,13.04,5.0,11.5,7.3,4.5,11,25,3,11.21,7.5
1976-11-26,16.75,0.0,12.8,9.0,5.3,11,26,4,13.04,2.17
1976-11-27,15.5,5.0,11.0,2.4,-4.5,11,27,5,16.75,3.71
1976-11-28,21.84,5.0,8.5,4.5,3.6,11,28,6,15.5,8.46
1976-11-29,13.21,0.0,6.2,1.2,-3.0,11,29,0,21.84,7.83
1976-11-30,8.29,0.0,4.2,-1.1,-7.7,11,30,1,13.21,8.54
1976-12-01,10.88,2.0,4.7,0.9,-4.5,12,1,2,8.29,11.21
1976-12-02,10.0,0.2,2.9,-1.0,-5.5,12,2,3,10.88,13.04
1976-12-03,5.75,0.0,2.2,-0.2,-6.1,12,3,4,10.0,16.75
1976-12-04,11.0,0.0,1.5,0.0,-3.1,12,4,5,5.75,15.5
1976-12-05,11.83,4.4,8.2,-1.9,-8.9,12,5,6,11.0,21.84
1976-12-06,16.75,4.8,6.0,-2.1,-1.0,12,6,0,11.83,13.21
1976-12-07,15.46,1.9,9.0,2.3,-0.1,12,7,1,16.75,8.29
1976-12-08,10.75,0.0,7.0,2.6,-2.1,12,8,2,15.46,10.88
1976-12-09,7.25,0.4,4.2,-1.0,-7.9,12,9,3,10.75,10.0
1976-12-10,9.0,0.0,2.2,-3.7,-10.3,12,10,4,7.25,5.75
1976-12-11,2.71,0.0,4.7,-0.7,-6.0,12,11,5,9.0,11.0
1976-12-12,1.21,0.0,5.5,-1.0,2.73654650788542,12,12,6,2.71,11.83
1976-12-13,1.21,3.9,7.5,-1.1,-7.5,12,13,0,1.21,16.75
1976-12-14,5.33,0.5,7.7,0.6,-2.4,12,14,1,1.21,15.46
1976-12-15,5.66,5.1,8.0,4.9,2.9,12,15,2,5.33,10.75
1976-12-16,6.63,1.3,5.2,4.0,0.9,12,16,3,5.66,7.25
1976-12-17,5.63,0.0,6.0,1.5,-4.0,12,17,4,6.63,9.0
1976-12-18,9.92,0.0,6.3,3.6,-2.0,12,18,5,5.63,2.71
1976-12-19,3.17,7.5,6.4,4.5,2.2,12,19,6,9.92,1.21
1976-12-20,6.21,0.1,4.8,2.7,0.0,12,20,0,3.17,1.21
1976-12-21,6.5,0.7,4.4,1.4,-1.2,12,21,1,6.21,5.33
1976-12-22,9.71,4.4,9.1,-1.0,-7.0,12,22,2,6.5,5.66
1976-12-23,6.63,0.9,9.1,0.9,4.3,12,23,3,9.71,6.63
1976-12-24,8.25,0.7,7.3,5.6,-1.0,12,24,4,6.63,5.63
1976-12-25,5.96,0.1,6.7,2.8,-1.3,12,25,5,8.25,9.92
1976-12-26,6.5,0.0,3.1,0.1,-5.0,12,26,6,5.96,3.17
1976-12-27,11.67,1.8,4.4,1.1,-3.5,12,27,0,6.5,6.21
1976-12-28,7.58,0.1,4.1,-1.8,-7.6,12,28,1,11.67,6.5
1976-12-29,12.33,0.6,6.0,-1.7,-8.2,12,29,2,7.58,9.71
1976-12-30,9.67,0.1,5.8,3.1,-1.4,12,30,3,12.33,6.63
1976-12-31,7.92,4.2,5.2,-0.2,-6.5,12,31,4,9.67,8.25
1977-01-01,10.75,0.1,5.1,-0.1,-3.5,1,1,5,7.92,5.96
1977-01-02,9.46,0.0,2.0,-2.2,-7.4,1,2,6,10.75,6.5
1977-01-03,7.87,4.5,8.0,-4.4,-11.1,1,3,0,9.46,11.67
1977-01-04,15.41,2.1,11.2,-3.7,2.0,1,4,1,7.87,7.58
1977-01-05,11.5,0.1,11.2,7.8,4.2,1,5,2,15.41,12.33
1977-01-06,8.04,0.0,6.4,-0.9,-8.3,1,6,3,11.5,9.67
1977-01-07,8.04,0.0,7.9,1.8,2.73654650788542,1,7,4,8.04,7.92
1977-01-08,11.38,0.4,6.6,3.6,-2.0,1,8,5,8.04,10.75
1977-01-09,12.71,1.2,6.0,3.5,0.2,1,9,6,11.38,9.46
1977-01-10,10.75,1.8,4.1,-0.6,-6.0,1,10,0,12.71,7.87
1977-01-11,7.62,0.0,1.9,-2.9,-8.5,1,11,1,10.75,15.41
1977-01-12,4.96,0.4,2.0,-2.9,-7.6,1,12,2,7.62,11.5
1977-01-13,17.04,18.9,2.3,-5.0,-7.0,1,13,3,4.96,8.04
1977-01-14,22.08,0.0,3.1,0.1,-2.0,1,14,4,17.04,8.04
1977-01-15,11.75,0.0,3.1,1.4,-2.5,1,15,5,22.08,11.38
1977-01-16,7.17,0.2,3.8,-1.3,-8.0,1,16,6,11.75,12.71
1977-01-17,9.21,1.7,5.1,-5.2,-11.5,1,17,0,7.17,10.75
1977-01-18,14.83,1.1,6.5,3.5,-0.7,1,18,1,9.21,7.62
1977-01-19,7.17,0.2,8.5,-2.1,-8.1,1,19,2,14.83,4.96
1977-01-20,17.12,8.8,8.8,-1.5,3.4,1,20,3,7.17,17.04
1977-01-21,14.79,0.0,10.0,6.5,3.1,1,21,4,17.12,22.08
1977-01-22,4.63,0.8,9.0,3.4,-4.5,1,22,5,14.79,11.75
1977-01-23,2.04,0.1,10.9,3.1,-3.0,1,23,6,4.63,7.17
1977-01-24,10.34,3.0,10.4,1.0,-4.0,1,24,0,2.04,9.21
1977-01-25,10.88,5.2,10.6,3.6,-2.6,1,25,1,10.34,14.83
1977-01-26,4.96,0.7,9.1,4.5,-0.5,1,26,2,10.88,7.17
1977-01-27,12.17,2.4,7.3,0.8,-6.5,1,27,3,4.96,17.12
1977-01-28,8.58,0.6,4.9,4.4,0.9,1,28,4,12.17,14.79
1977-01-29,2.54,0.0,4.4,-2.6,-9.5,1,29,5,8.58,4.63
1977-01-30,12.79,4.0,5.8,-4.3,-11.5,1,30,6,2.54,2.04
1977-01-31,4.75,0.0,2.6,0.9,-2.2,1,31,0,12.79,10.34
1977-02-01,6.17,0.2,8.5,-2.8,-10.0,2,1,1,4.75,10.88
1977-02-02,9.21,6.6,10.9,-1.0,-4.5,2,2,2,6.17,4.96
1977-02-03,18.29,0.4,8.5,3.4,0.9,2,3,3,9.21,12.17
1977-02-04,10.5,2.2,9.8,3.0,-2.5,2,4,4,18.29,8.58
1977-02-05,10.08,3.2,9.5,5.0,-1.5,2,5,5,10.5,2.54
1977-02-06,7.58,4.9,11.0,3.5,-2.0,2,6,6,10.08,12.79
1977-02-07,16.66,5.0,8.8,5.3,2.2,2,7,0,7.58,4.75
1977-02-08,7.96,0.8,9.1,5.1,-0.1,2,8,1,16.66,6.17
1977-02-09,9.96,6.1,11.5,6.7,3.2,2,9,2,7.96,9.21
1977-02-10,12.25,14.8,8.2,7.5,4.0,2,10,3,9.96,18.29
1977-02-11,9.13,0.7,9.9,5.5,1.5,2,11,4,12.25,10.5
1977-02-12,5.25,0.5,7.5,5.1,0.5,2,12,5,9.13,10.08
1977-02-13,5.46,3.8,10.0,1.4,-5.3,2,13,6,5.25,7.58
1977-02-14,8.21,1.9,6.2,4.7,1.7,2,14,0,5.46,16.66
1977-02-15,11.5,5.6,6.7,-1.4,-6.6,2,15,1,8.21,7.96
1977-02-16,5.91,1.5,9.1,-1.8,-8.8,2,16,2,11.5,9.96
1977-02-17,11.04,12.4,9.3,-0.8,-7.5,2,17,3,5.91,12.25
1977-02-18,15.09,0.0,7.3,4.8,0.1,2,18,4,11.04,9.13
1977-02-19,13.04,10.8,10.6,2.7,-1.9,2,19,5,15.09,5.25
1977-02-20,9.08,3.4,7.0,4.1,-1.1,2,20,6,13.04,5.46
1977-02-21,3.83,5.2,8.9,3.8,-2.7,2,21,0,9.08,8.21
1977-02-22,10.96,9.2,7.6,5.6,1.3,2,22,1,3.83,11.5
1977-02-23,17.92,8.1,5.1,3.7,1.3,2,23,2,10.96,5.91
1977-02-24,17.71,3.9,5.0,3.2,0.0,2,24,3,17.92,11.04
1977-02-25,10.46,0.0,5.5,4.2,0.8,2,25,4,17.71,15.09
1977-02-26,8.71,0.0,6.2,3.0,-0.2,2,26,5,10.46,13.04
1977-02-27,17.92,0.0,5.5,3.6,-1.0,2,27,6,8.71,9.08
1977-02-28,16.71,7.3,8.8,4.4,0.5,2,28,0,17.92,3.83
1977-03-01,5.0,0.1,14.0,4.7,1.4,3,1,1,16.71,10.96
1977-03-02,13.25,1.9,17.0,4.9,-2.5,3,2,2,5.0,17.92
1977-03-03,16.71,0.2,11.3,6.9,2.0,3,3,3,13.25,17.71
1977-03-04,18.66,0.0,11.0,5.6,0.5,3,4,4,16.71,10.46
1977-03-05,11.04,0.0,13.1,6.8,1.9,3,5,5,18.66,8.71
1977-03-06,9.42,0.0,12.1,2.9,-3.9,3,6,6,11.04,17.92
1977-03-07,14.0,0.4,12.8,5.1,-0.6,3,7,0,9.42,16.71
1977-03-08,17.67,0.2,12.1,7.4,-0.5,3,8,1,14.0,5.0
1977-03-09,16.88,3.6,12.7,8.8,5.1,3,9,2,17.67,13.25
1977-03-10,20.21,3.9,11.8,5.6,-2.4,3,10,3,16.88,16.71
1977-03-11,14.29,0.0,9.1,6.1,2.6,3,11,4,20.21,18.66
1977-03-12,9.67,2.0,11.1,2.5,-4.0,3,12,5,14.29,11.04
1977-03-13,13.33,1.5,9.8,5.0,1.0,3,13,6,9.67,9.42
1977-03-14,16.33,0.4,10.1,3.7,-0.5,3,14,0,13.33,14.0
1977-03-15,19.79,3.8,12.1,3.8,1.3,3,15,1,16.33,17.67
1977-03-16,15.34,1.8,13.2,4.1,-3.0,3,16,2,19.79,16.88
1977-03-17,18.34,1.4,11.8,5.2,1.3,3,17,3,15.34,20.21
1977-03-18,15.41,3.6,12.2,5.8,1.0,3,18,4,18.34,14.29
1977-03-19,11.08,3.0,9.9,5.3,0.5,3,19,5,15.41,9.67
1977-03-20,17.41,0.2,8.5,4.9,0.5,3,20,6,11.08,13.33
1977-03-21,18.21,0.6,6.6,5.0,0.2,3,21,0,17.41,16.33
1977-03-22,13.5,0.9,7.5,3.6,1.0,3,22,1,18.21,19.79
1977-03-23,12.08,0.0,9.5,3.8,1.1,3,23,2,13.5,15.34
1977-03-24,9.71,0.7,10.0,2.2,-4.2,3,24,3,12.08,18.34
1977-03-25,12.08,11.9,9.2,3.8,-3.0,3,25,4,9.71,15.41
1977-03-26,12.54,1.2,8.9,5.2,3.0,3,26,5,12.08,11.08
1977-03-27,19.33,0.0,5.3,2.4,1.1,3,27,6,12.54,17.41
1977-03-28,10.13,0.0,7.0,1.0,-8.0,3,28,0,19.33,18.21
1977-03-29,7.79,0.0,7.6,-0.2,-11.0,3,29,1,10.13,13.5
1977-03-30,14.12,2.5,11.3,2.0,0.0,3,30,2,7.79,12.08
1977-03-31,19.46,4.6,15.2,4.8,2.0,3,31,3,14.12,9.71
1977-04-01,25.62,1.2,9.4,6.0,1.2,4,1,4,19.46,12.08
1977-04-02,12.33,2.1,9.4,3.5,-5.0,4,2,5,25.62,12.54
1977-04-03,14.92,2.3,8.3,-0.6,-7.2,4,3,6,12.33,19.33
1977-04-04,9.38,0.0,9.8,0.4,-6.8,4,4,0,14.92,10.13
1977-04-05,11.17,0.2,10.4,4.7,-2.0,4,5,1,9.38,7.79
1977-04-06,15.67,0.0,9.0,5.4,-1.0,4,6,2,11.17,14.12
1977-04-07,13.17,1.1,7.3,1.1,-4.5,4,7,3,15.67,19.46
1977-04-08,8.63,3.2,6.4,-1.5,-7.2,4,8,4,13.17,25.62
1977-04-09,6.13,1.2,10.3,2.0,-3.5,4,9,5,8.63,12.33
1977-04-10,13.83,1.9,11.1,4.8,2.2,4,10,6,6.13,14.92
1977-04-11,13.04,1.6,11.4,4.5,-0.3,4,11,0,13.83,9.38
1977-04-12,21.62,1.5,14.6,6.4,5.5,4,12,1,13.04,11.17
1977-04-13,18.54,0.2,11.0,6.3,1.5,4,13,2,21.62,15.67
1977-04-14,14.12,0.0,12.0,4.0,-1.5,4,14,3,18.54,13.17
1977-04-15,8.0,0.0,10.5,-0.4,-7.2,4,15,4,14.12,8.63
1977-04-16,8.42,0.0,11.8,2.2,-4.3,4,16,5,8.0,6.13
1977-04-17,8.58,0.3,8.8,6.5,0.5,4,17,6,8.42,13.83
1977-04-18,8.21,5.2,9.8,1.3,1.3,4,18,0,8.58,13.04
1977-04-19,7.75,2.2,13.3,4.8,1.4,4,19,1,8.21,21.62
1977-04-20,14.29,1.1,15.9,9.8,6.9,4,20,2,7.75,18.54
1977-04-21,18.46,2.0,16.2,11.6,7.7,4,21,3,14.29,14.12
1977-04-22,26.42,0.0,14.0,11.0,6.7,4,22,4,18.46,8.0
1977-04-23,20.25,1.5,10.4,6.2,0.7,4,23,5,26.42,8.42
1977-04-24,13.21,0.6,14.1,4.5,-0.6,4,24,6,20.25,8.58
1977-04-25,14.5,1.4,14.9,7.2,3.0,4,25,0,13.21,8.21
1977-04-26,14.37,1.9,11.5,6.4,1.0,4,26,1,14.5,7.75
1977-04-27,17.54,8.7,12.2,3.1,-2.5,4,27,2,14.37,14.29
1977-04-28,14.09,3.9,10.3,2.1,-2.9,4,28,3,17.54,18.46
1977-04-29,13.79,1.8,12.7,5.6,0.0,4,29,4,14.09,26.42
1977-04-30,10.58,2.3,11.5,2.6,-4.6,4,30,5,13.79,20.25
1977-05-01,6.75,2.5,10.7,3.6,-3.0,5,1,6,10.58,13.21
1977-05-02,7.41,0.0,9.5,3.9,-5.5,5,2,0,6.75,14.5
1977-05-03,11.04,0.0,9.5,2.6,-3.8,5,3,1,7.41,14.37
1977-05-04,8.96,0.0,13.4,3.0,-5.5,5,4,2,11.04,17.54
1977-05-05,7.96,0.0,13.0,4.0,-3.0,5,5,3,8.96,14.09
1977-05-06,9.87,0.6,11.8,6.0,1.0,5,6,4,7.96,13.79
1977-05-07,17.08,0.7,13.4,5.2,-1.5,5,7,5,9.87,10.58
1977-05-08,8.87,1.8,13.3,7.5,3.8,5,8,6,17.08,6.75
1977-05-09,6.58,0.1,13.8,9.0,4.7,5,9,0,8.87,7.41
1977-05-10,7.67,0.0,15.9,7.1,-0.7,5,10,1,6.58,11.04
1977-05-11,15.71,0.8,15.4,10.8,6.5,5,11,2,7.67,8.96
1977-05-12,10.75,9.0,13.2,4.5,-3.0,5,12,3,15.71,7.96
1977-05-13,7.96,0.0,11.1,2.4,-3.5,5,13,4,10.75,9.87
1977-05-14,6.67,0.0,11.9,0.5,-7.2,5,14,5,7.96,17.08
1977-05-15,8.71,0.0,12.5,5.2,-3.0,5,15,6,6.67,8.87
1977-05-16,9.62,0.0,11.3,5.0,-2.0,5,16,0,8.71,6.58
1977-05-17,5.09,0.0,12.2,2.8,-4.5,5,17,1,9.62,7.67
1977-05-18,4.71,0.0,12.9,1.8,-2.7,5,18,2,5.09,15.71
1977-05-19,4.5,0.0,15.2,1.6,0.0,5,19,3,4.71,10.75
1977-05-20,10.83,0.0,16.2,8.9,0.8,5,20,4,4.5,7.96
1977-05-21,11.96,0.0,18.1,8.7,-0.1,5,21,5,10.83,6.67
1977-05-22,8.08,0.0,17.9,7.5,-1.7,5,22,6,11.96,8.71
1977-05-23,9.04,0.0,18.3,10.0,-0.6,5,23,0,8.08,9.62
1977-05-24,11.58,0.0,14.5,9.6,3.1,5,24,1,9.04,5.09
1977-05-25,11.5,0.0,16.0,8.4,-0.7,5,25,2,11.58,4.71
1977-05-26,10.54,0.0,17.0,10.3,2.1,5,26,3,11.5,4.5
1977-05-27,9.04,0.0,18.9,10.1,1.5,5,27,4,10.54,10.83
1977-05-28,7.29,0.0,18.2,10.2,1.3,5,28,5,9.04,11.96
1977-05-29,10.17,0.0,17.5,11.2,1.3,5,29,6,7.29,8.08
1977-05-30,12.5,0.0,13.2,10.3,1.4,5,30,0,10.17,9.04
1977-05-31,7.58,0.0,16.2,5.3,-5.5,5,31,1,12.5,11.58
1977-06-01,5.29,0.0,19.3,5.1,-5.0,6,1,2,7.58,11.5
1977-06-02,6.87,0.0,20.6,4.8,2.73654650788542,6,2,3,5.29,10.54
1977-06-03,8.5,0.0,23.3,7.5,-4.1,6,3,4,6.87,9.04
1977-06-04,12.83,2.0,19.3,9.2,0.0,6,4,5,8.5,7.29
1977-06-05,13.04,2.8,15.7,11.4,5.2,6,5,6,12.83,10.17
1977-06-06,14.67,2.0,15.2,10.7,2.73654650788542,6,6,0,13.04,12.5
1977-06-07,11.67,2.0,12.5,5.6,-2.5,6,7,1,14.67,7.58
1977-06-08,6.71,4.6,15.0,5.5,-3.9,6,8,2,11.67,5.29
1977-06-09,7.58,0.0,14.3,5.2,-5.0,6,9,3,6.71,6.87
1977-06-10,16.0,6.0,12.7,9.1,1.5,6,10,4,7.58,8.5
1977-06-11,14.79,16.2,10.5,5.0,0.3,6,11,5,16.0,12.83
1977-06-12,7.67,3.3,12.5,6.0,1.5,6,12,6,14.79,13.04
1977-06-13,6.21,0.0,16.5,7.4,-3.0,6,13,0,7.67,14.67
1977-06-14,11.08,0.4,18.1,6.9,-4.5,6,14,1,6.21,11.67
1977-06-15,11.0,0.0,18.0,9.5,0.4,6,15,2,11.08,6.71
1977-06-16,10.0,0.0,15.5,10.3,1.0,6,16,3,11.0,7.58
1977-06-17,9.42,0.0,12.7,9.2,0.3,6,17,4,10.0,16.0
1977-06-18,5.54,0.0,15.5,10.5,2.73654650788542,6,18,5,9.42,14.79
1977-06-19,4.0,0.0,16.2,8.5,-1.7,6,19,6,5.54,7.67
1977-06-20,4.0,0.0,16.5,9.1,-1.5,6,20,0,4.0,6.21
1977-06-21,2.96,0.0,18.3,6.1,-4.6,6,21,1,4.0,11.08
1977-06-22,2.79,0.0,20.0,5.6,-5.5,6,22,2,2.96,11.0
1977-06-23,5.0,0.0,23.3,7.1,-3.8,6,23,3,2.79,10.0
1977-06-24,6.04,4.6,19.4,12.6,1.4,6,24,4,5.0,9.42
1977-06-25,8.79,0.2,16.3,12.2,3.5,6,25,5,6.04,5.54
1977-06-26,9.75,0.3,18.6,10.2,2.73654650788542,6,26,6,8.79,4.0
1977-06-27,12.25,4.4,18.0,13.2,6.2,6,27,0,9.75,4.0
1977-06-28,7.08,0.6,17.0,11.5,2.73654650788542,6,28,1,12.25,2.96
1977-06-29,7.5,1.0,18.1,12.3,0.0,6,29,2,7.08,2.79
1977-06-30,14.96,5.1,15.9,12.6,5.0,6,30,3,7.5,5.0
1977-07-01,12.29,0.1,21.6,13.2,6.0,7,1,4,14.96,6.04
1977-07-02,13.08,0.0,18.7,13.7,0.0,7,2,5,12.29,8.79
1977-07-03,7.33,0.0,23.1,10.8,0.0,7,3,6,13.08,9.75
1977-07-04,4.17,0.0,19.3,11.5,2.73654650788542,7,4,0,7.33,12.25
1977-07-05,4.21,0.0,22.6,11.6,0.0,7,5,1,4.17,7.08
1977-07-06,6.21,0.0,22.9,13.7,2.73654650788542,7,6,2,4.21,7.5
1977-07-07,4.29,0.0,24.7,12.0,2.73654650788542,7,7,3,6.21,14.96
1977-07-08,8.42,0.0,18.7,15.2,10.8,7,8,4,4.29,12.29
1977-07-09,8.87,0.0,20.4,14.1,12.0,7,9,5,8.42,13.08
1977-07-10,8.42,0.0,18.9,13.4,2.73654650788542,7,10,6,8.87,7.33
1977-07-11,6.79,0.0,20.2,10.3,4.5,7,11,0,8.42,4.17
1977-07-12,9.04,0.0,19.4,14.1,2.73654650788542,7,12,1,6.79,4.21
1977-07-13,6.79,0.0,17.3,13.1,9.5,7,13,2,9.04,6.21
1977-07-14,6.17,0.0,17.5,13.9,12.3,7,14,3,6.79,4.29
1977-07-15,7.17,0.6,15.4,13.3,12.4,7,15,4,6.17,8.42
1977-07-16,9.08,3.4,20.2,10.6,8.1,7,16,5,7.17,8.87
1977-07-17,14.17,5.3,20.9,13.3,11.1,7,17,6,9.08,8.42
1977-07-18,18.16,0.2,15.7,11.9,8.8,7,18,0,14.17,6.79
1977-07-19,17.5,0.9,19.7,12.0,9.0,7,19,1,18.16,9.04
1977-07-20,15.29,0.0,18.2,11.1,9.2,7,20,2,17.5,6.79
1977-07-21,7.83,5.1,17.9,10.5,5.9,7,21,3,15.29,6.17
1977-07-22,13.21,0.0,23.5,14.1,13.1,7,22,4,7.83,7.17
1977-07-23,15.5,1.5,19.7,17.9,15.8,7,23,5,13.21,9.08
1977-07-24,17.21,3.5,18.4,11.7,9.5,7,24,6,15.5,14.17
1977-07-25,15.41,0.3,17.6,10.9,8.7,7,25,0,17.21,18.16
1977-07-26,11.58,0.0,16.4,10.9,8.1,7,26,1,15.41,17.5
1977-07-27,9.42,7.2,17.3,9.9,6.6,7,27,2,11.58,15.29
1977-07-28,9.21,0.0,17.8,10.5,8.1,7,28,3,9.42,7.83
1977-07-29,7.38,0.0,18.6,7.4,2.9,7,29,4,9.21,13.21
1977-07-30,7.41,0.0,20.5,13.1,11.2,7,30,5,7.38,15.5
1977-07-31,7.21,0.0,21.1,13.1,3.5,7,31,6,7.41,17.21
1977-08-01,4.96,0.0,22.7,14.0,8.9,8,1,0,7.21,15.41
1977-08-02,8.87,0.2,21.9,13.8,10.2,8,2,1,4.96,11.58
1977-08-03,9.62,1.0,19.3,9.5,4.8,8,3,2,8.87,9.42
1977-08-04,14.88,5.5,19.6,14.0,12.6,8,4,3,9.62,9.21
1977-08-05,9.0,0.1,18.0,10.4,7.1,8,5,4,14.88,7.38
1977-08-06,6.34,0.0,18.0,8.6,1.2,8,6,5,9.0,7.41
1977-08-07,7.04,0.0,17.3,12.2,7.3,8,7,6,6.34,7.21
1977-08-08,4.46,0.0,18.7,7.6,1.8,8,8,0,7.04,4.96
1977-08-09,3.71,0.0,19.9,8.8,2.2,8,9,1,4.46,8.87
1977-08-10,5.83,0.0,22.3,10.4,4.0,8,10,2,3.71,9.62
1977-08-11,6.5,0.0,21.1,8.8,2.0,8,11,3,5.83,14.88
1977-08-12,7.21,0.0,20.5,10.4,4.8,8,12,4,6.5,9.0
1977-08-13,6.54,0.4,19.8,10.5,3.6,8,13,5,7.21,6.34
1977-08-14,7.87,1.0,21.0,15.0,12.1,8,14,6,6.54,7.04
1977-08-15,7.67,0.0,20.3,15.0,11.5,8,15,0,7.87,4.46
1977-08-16,15.37,0.0,18.4,14.5,8.5,8,16,1,7.67,3.71
1977-08-17,19.17,0.0,19.4,14.0,10.5,8,17,2,15.37,5.83
1977-08-18,9.17,0.7,17.8,11.2,6.7,8,18,3,19.17,6.5
1977-08-19,7.12,0.0,17.6,10.3,2.4,8,19,4,9.17,7.21
1977-08-20,7.46,1.0,15.7,12.3,9.0,8,20,5,7.12,6.54
1977-08-21,7.96,0.0,17.2,12.3,8.9,8,21,6,7.46,7.87
1977-08-22,9.21,0.0,18.5,13.6,10.9,8,22,0,7.96,7.67
1977-08-23,8.54,12.1,21.1,10.1,3.2,8,23,1,9.21,15.37
1977-08-24,16.29,12.8,19.5,11.9,9.5,8,24,2,8.54,19.17
1977-08-25,9.67,1.7,19.9,12.8,8.5,8,25,3,16.29,9.17
1977-08-26,10.67,3.3,18.2,11.6,6.8,8,26,4,9.67,7.12
1977-08-27,10.54,0.0,15.0,10.0,9.0,8,27,5,10.67,7.46
1977-08-28,9.08,0.1,17.3,5.6,-1.6,8,28,6,10.54,7.96
1977-08-29,11.58,15.3,19.3,13.2,6.2,8,29,0,9.08,9.21
1977-08-30,7.46,1.0,15.8,11.1,4.2,8,30,1,11.58,8.54
1977-08-31,7.46,0.0,18.2,9.7,2.1,8,31,2,7.46,16.29
1977-09-01,15.09,1.6,19.2,14.3,11.1,9,1,3,7.46,9.67
1977-09-02,14.37,0.6,17.6,11.8,6.6,9,2,4,15.09,10.67
1977-09-03,12.12,1.4,17.3,7.9,1.0,9,3,5,14.37,10.54
1977-09-04,16.04,0.6,17.9,13.0,8.0,9,4,6,12.12,9.08
1977-09-05,11.63,1.0,16.2,10.6,4.8,9,5,0,16.04,11.58
1977-09-06,14.46,0.3,20.0,11.9,9.5,9,6,1,11.63,7.46
1977-09-07,8.17,0.0,16.4,7.2,-1.0,9,7,2,14.46,7.46
1977-09-08,10.58,1.4,15.7,5.7,-1.4,9,8,3,8.17,15.09
1977-09-09,11.75,0.9,16.5,4.7,-1.8,9,9,4,10.58,14.37
1977-09-10,20.46,0.5,20.7,10.6,9.1,9,10,5,11.75,12.12
1977-09-11,14.04,0.4,22.8,15.5,11.4,9,11,6,20.46,16.04
1977-09-12,7.92,0.0,17.4,7.4,0.5,9,12,0,14.04,11.63
1977-09-13,4.58,0.0,18.6,5.0,-1.4,9,13,1,7.92,14.46
1977-09-14,8.58,0.1,18.2,9.7,2.7,9,14,2,4.58,8.17
1977-09-15,2.42,0.0,15.2,12.0,10.0,9,15,3,8.58,10.58
1977-09-16,13.46,0.0,14.0,12.7,8.5,9,16,4,2.42,11.75
1977-09-17,10.58,0.0,13.1,11.4,4.7,9,17,5,13.46,20.46
1977-09-18,8.38,0.0,14.3,10.5,7.0,9,18,6,10.58,14.04
1977-09-19,8.5,0.0,14.5,4.4,-2.5,9,19,0,8.38,7.92
1977-09-20,7.5,0.0,12.4,9.4,3.2,9,20,1,8.5,4.58
1977-09-21,5.13,0.4,12.5,7.6,5.9,9,21,2,7.5,8.58
1977-09-22,5.0,0.1,13.1,9.6,6.6,9,22,3,5.13,2.42
1977-09-23,15.21,0.6,14.7,9.7,7.8,9,23,4,5.0,13.46
1977-09-24,20.12,7.9,15.5,13.0,8.9,9,24,5,15.21,10.58
1977-09-25,11.08,1.8,18.4,11.6,9.3,9,25,6,20.12,8.38
1977-09-26,8.67,3.7,19.5,12.8,7.0,9,26,0,11.08,8.5
1977-09-27,9.83,0.1,18.2,11.7,10.0,9,27,1,8.67,7.5
1977-09-28,21.09,2.7,16.5,12.0,10.2,9,28,2,9.83,5.13
1977-09-29,20.3,4.7,17.2,11.0,7.0,9,29,3,21.09,5.0
1977-09-30,21.12,16.2,15.5,10.0,9.9,9,30,4,20.3,15.21
1977-10-01,18.5,0.3,13.5,7.0,0.9,10,1,5,21.12,20.12
1977-10-02,10.79,0.2,13.8,7.0,0.7,10,2,6,18.5,11.08
1977-10-03,10.17,16.1,17.1,7.2,0.5,10,3,0,10.79,8.67
1977-10-04,11.21,0.8,13.0,10.5,5.1,10,4,1,10.17,9.83
1977-10-05,7.75,6.0,11.2,7.5,0.5,10,5,2,11.21,21.09
1977-10-06,14.96,13.5,13.1,6.7,3.6,10,6,3,7.75,20.3
1977-10-07,10.88,6.6,13.6,7.5,5.4,10,7,4,14.96,21.12
1977-10-08,10.41,0.1,14.7,10.7,4.9,10,8,5,10.88,18.5
1977-10-09,15.25,2.4,13.8,10.1,5.0,10,9,6,10.41,10.79
1977-10-10,9.75,0.0,14.9,5.0,-2.0,10,10,0,15.25,10.17
1977-10-11,16.29,2.0,16.5,9.0,3.3,10,11,1,9.75,11.21
1977-10-12,16.71,0.0,15.1,9.3,2.0,10,12,2,16.29,7.75
1977-10-13,10.58,0.0,15.6,7.0,-2.4,10,13,3,16.71,14.96
1977-10-14,12.54,0.0,15.2,8.5,5.7,10,14,4,10.58,10.88
1977-10-15,18.21,0.0,17.7,12.1,9.2,10,15,5,12.54,10.41
1977-10-16,11.29,0.0,18.6,13.0,5.0,10,16,6,18.21,15.25
1977-10-17,13.33,0.0,18.1,12.9,5.5,10,17,0,11.29,9.75
1977-10-18,12.17,0.0,16.9,13.0,8.5,10,18,1,13.33,16.29
1977-10-19,12.04,0.0,18.0,13.3,8.7,10,19,2,12.17,16.71
1977-10-20,8.92,0.3,16.9,12.0,4.4,10,20,3,12.04,10.58
1977-10-21,11.83,0.2,15.5,13.5,8.5,10,21,4,8.92,12.54
1977-10-22,10.58,4.2,15.7,12.1,3.1,10,22,5,11.83,18.21
1977-10-23,16.5,1.8,15.3,7.5,0.7,10,23,6,10.58,11.29
1977-10-24,14.88,0.0,16.5,10.5,7.3,10,24,0,16.5,13.33
1977-10-25,9.79,0.0,16.0,5.4,-2.9,10,25,1,14.88,12.17
1977-10-26,13.0,0.4,15.3,11.4,3.8,10,26,2,9.79,12.04
1977-10-27,13.25,0.0,13.7,9.3,3.1,10,27,3,13.0,8.92
1977-10-28,14.92,0.0,15.6,8.0,0.0,10,28,4,13.25,11.83
1977-10-29,14.37,0.8,15.4,10.9,4.2,10,29,5,14.92,10.58
1977-10-30,18.05,30.0,16.2,11.1,5.2,10,30,6,14.37,16.5
1977-10-31,11.75,2.5,11.1,7.5,3.4,10,31,0,18.05,14.88
1977-11-01,11.12,2.0,10.9,6.0,2.3,11,1,1,11.75,9.79
1977-11-02,8.46,0.2,10.0,7.1,0.0,11,2,2,11.12,13.0
1977-11-03,18.29,0.1,10.6,6.7,0.0,11,3,3,8.46,13.25
1977-11-04,12.62,1.7,12.6,4.2,-2.1,11,4,4,18.29,14.92
1977-11-05,15.29,0.2,13.4,6.0,3.9,11,5,5,12.62,14.37
1977-11-06,17.46,1.7,13.5,5.5,-0.1,11,6,6,15.29,18.05
1977-11-07,19.33,0.9,13.0,7.6,4.2,11,7,0,17.46,11.75
1977-11-08,16.88,1.0,11.5,5.0,1.0,11,8,1,19.33,11.12
1977-11-09,12.12,5.1,15.5,7.0,2.5,11,9,2,16.88,8.46
1977-11-10,17.79,6.5,15.9,8.4,7.8,11,10,3,12.12,18.29
1977-11-11,24.13,8.5,12.0,7.5,2.7,11,11,4,17.79,12.62
1977-11-12,19.29,0.6,5.9,3.8,-1.0,11,12,5,24.13,15.29
1977-11-13,16.21,3.2,11.4,3.2,-2.7,11,13,6,19.29,17.46
1977-11-14,28.16,4.2,11.3,5.0,1.2,11,14,0,16.21,19.33
1977-11-15,18.79,0.1,6.0,3.1,2.8,11,15,1,28.16,16.88
1977-11-16,13.54,1.9,5.0,1.8,-4.9,11,16,2,18.79,12.12
1977-11-17,13.59,0.5,5.3,0.2,-6.0,11,17,3,13.54,17.79
1977-11-18,11.38,0.0,6.3,-0.5,-7.0,11,18,4,13.59,24.13
1977-11-19,19.92,1.2,8.3,-0.5,-3.6,11,19,5,11.38,19.29
1977-11-20,13.33,8.3,4.0,1.0,-4.9,11,20,6,19.92,16.21
1977-11-21,14.17,0.3,5.0,-2.0,-8.3,11,21,0,13.33,28.16
1977-11-22,13.46,0.0,7.6,0.9,-5.5,11,22,1,14.17,18.79
1977-11-23,23.83,2.5,9.5,3.4,-2.4,11,23,2,13.46,13.54
1977-11-24,17.08,0.0,4.9,2.0,-3.5,11,24,3,23.83,13.59
1977-11-25,7.54,0.0,5.6,-1.0,-9.0,11,25,4,17.08,11.38
1977-11-26,4.04,0.0,6.0,-3.4,-10.6,11,26,5,7.54,19.92
1977-11-27,4.0,0.2,7.0,-3.1,-9.4,11,27,6,4.04,13.33
1977-11-28,5.71,0.0,7.0,-1.9,-8.1,11,28,0,4.0,14.17
1977-11-29,1.87,0.0,3.0,-4.0,-12.2,11,29,1,5.71,13.46
1977-11-30,2.13,0.0,6.6,-3.0,-10.8,11,30,2,1.87,23.83
1977-12-01,8.96,0.0,7.8,-2.0,-7.9,12,1,3,2.13,17.08
1977-12-02,20.33,1.9,8.3,5.0,0.8,12,2,4,8.96,7.54
1977-12-03,24.08,0.2,8.3,5.9,1.8,12,3,5,20.33,4.04
1977-12-04,22.46,2.0,8.1,5.8,1.3,12,4,6,24.08,4.0
1977-12-05,20.21,1.5,9.7,5.9,0.9,12,5,0,22.46,5.71
1977-12-06,18.34,8.2,7.2,5.7,4.5,12,6,1,20.21,1.87
1977-12-07,15.75,11.5,7.1,5.2,1.5,12,7,2,18.34,2.13
1977-12-08,9.0,0.1,7.2,4.8,1.2,12,8,3,15.75,8.96
1977-12-09,14.17,9.0,10.3,0.6,-6.0,12,9,4,9.0,20.33
1977-12-10,9.75,12.2,12.2,3.5,0.6,12,10,5,14.17,24.08
1977-12-11,12.33,0.2,11.6,5.7,-1.0,12,11,6,9.75,22.46
1977-12-12,12.33,1.1,11.6,7.6,0.8,12,12,0,12.33,20.21
1977-12-13,13.42,0.0,12.0,7.7,4.0,12,13,1,12.33,18.34
1977-12-14,13.79,0.0,11.9,8.9,3.4,12,14,2,13.42,15.75
1977-12-15,7.58,0.0,10.7,6.5,-2.0,12,15,3,13.79,9.0
1977-12-16,6.54,0.0,9.3,3.8,-1.5,12,16,4,7.58,14.17
1977-12-17,2.67,2.1,8.1,5.5,1.7,12,17,5,6.54,9.75
1977-12-18,2.71,0.0,8.7,6.1,2.6,12,18,6,2.67,12.33
1977-12-19,4.79,0.0,8.5,0.1,-6.0,12,19,0,2.71,12.33
1977-12-20,11.67,0.0,9.8,0.5,-2.0,12,20,1,4.79,13.42
1977-12-21,14.17,5.2,10.0,5.3,-1.0,12,21,2,11.67,13.79
1977-12-22,10.71,4.3,14.0,5.6,1.0,12,22,3,14.17,7.58
1977-12-23,12.96,7.8,14.5,9.0,2.0,12,23,4,10.71,6.54
1977-12-24,21.75,0.4,9.9,7.7,2.4,12,24,5,12.96,2.67
1977-12-25,10.96,0.2,8.0,7.0,0.3,12,25,6,21.75,2.71
1977-12-26,11.96,1.4,9.9,6.0,0.5,12,26,0,10.96,4.79
1977-12-27,16.08,0.1,4.7,2.7,-3.1,12,27,1,11.96,11.67
1977-12-28,12.58,1.2,7.7,1.2,-6.5,12,28,2,16.08,14.17
1977-12-29,15.71,0.2,9.0,1.2,-5.5,12,29,3,12.58,10.71
1977-12-30,16.83,0.3,9.7,6.3,-1.0,12,30,4,15.71,12.96
1977-12-31,15.59,0.0,9.7,6.4,-1.0,12,31,5,16.83,21.75
1978-01-01,14.71,1.4,8.3,7.0,0.5,1,1,6,15.59,10.96
1978-01-02,17.08,6.6,9.1,1.9,-4.5,1,2,0,14.71,11.96
1978-01-03,21.96,11.3,5.7,3.1,-2.0,1,3,1,17.08,16.08
1978-01-04,8.38,1.9,8.9,2.6,-1.2,1,4,2,21.96,12.58
1978-01-05,13.88,0.0,9.4,4.6,2.1,1,5,3,8.38,15.71
1978-01-06,11.29,0.0,10.8,2.5,2.1,1,6,4,13.88,16.83
1978-01-07,8.08,0.0,9.9,7.7,4.0,1,7,5,11.29,15.59
1978-01-08,8.12,1.3,8.5,-3.0,-11.0,1,8,6,8.08,14.71
1978-01-09,17.33,0.8,6.0,2.3,-2.5,1,9,0,8.12,17.08
1978-01-10,16.62,4.8,4.4,1.0,-4.5,1,10,1,17.33,21.96
1978-01-11,19.41,0.0,4.4,0.2,-5.8,1,11,2,16.62,8.38
1978-01-12,11.58,0.0,3.9,-1.0,-7.5,1,12,3,19.41,13.88
1978-01-13,9.87,0.1,7.0,-1.2,-6.9,1,13,4,11.58,11.29
1978-01-14,4.17,0.0,6.9,3.5,1.0,1,14,5,9.87,8.08
1978-01-15,1.58,1.9,4.4,3.1,-1.0,1,15,6,4.17,8.12
1978-01-16,7.87,0.5,3.2,1.8,-2.0,1,16,0,1.58,17.33
1978-01-17,8.33,0.2,1.6,-1.8,-9.2,1,17,1,7.87,16.62
1978-01-18,7.92,6.2,5.7,-1.5,-9.0,1,18,2,8.33,19.41
1978-01-19,10.29,0.1,6.3,0.3,-4.0,1,19,3,7.92,11.58
1978-01-20,13.79,0.2,7.6,1.4,-4.8,1,20,4,10.29,9.87
1978-01-21,11.08,3.8,9.3,1.0,-7.0,1,21,5,13.79,4.17
1978-01-22,15.71,0.1,9.2,2.3,-3.0,1,22,6,11.08,1.58
1978-01-23,13.5,0.2,11.0,2.2,-4.0,1,23,0,15.71,7.87
1978-01-24,13.92,0.0,7.4,1.5,-5.0,1,24,1,13.5,8.33
1978-01-25,8.33,0.3,5.8,-0.2,-8.0,1,25,2,13.92,7.92
1978-01-26,16.5,4.7,5.0,0.0,-5.5,1,26,3,8.33,10.29
1978-01-27,11.63,2.5,8.3,1.5,-5.0,1,27,4,16.5,13.79
1978-01-28,15.87,0.0,5.5,0.5,-3.0,1,28,5,11.63,11.08
1978-01-29,25.54,0.0,4.4,1.5,-2.0,1,29,6,15.87,15.71
1978-01-30,6.08,2.0,7.5,-1.3,-9.5,1,30,0,25.54,13.5
1978-01-31,8.0,2.8,9.9,-2.2,-10.0,1,31,1,6.08,13.92
1978-02-01,20.96,3.5,10.0,2.6,-4.7,2,1,2,8.0,8.33
1978-02-02,14.54,0.0,7.7,1.5,-3.5,2,2,3,20.96,16.5
1978-02-03,8.12,16.7,9.6,0.8,-3.1,2,3,4,14.54,11.63
1978-02-04,8.75,5.8,10.3,4.7,0.1,2,4,5,8.12,15.87
1978-02-05,13.46,0.7,8.4,4.0,-2.9,2,5,6,8.75,25.54
1978-02-06,9.59,4.8,8.2,2.3,-4.2,2,6,0,13.46,6.08
1978-02-07,5.5,0.1,7.0,3.0,-3.0,2,7,1,9.59,8.0
1978-02-08,9.38,2.0,5.9,4.1,-3.0,2,8,2,5.5,20.96
1978-02-09,15.71,0.2,3.6,0.5,-4.5,2,9,3,9.38,14.54
1978-02-10,6.79,0.2,2.8,-1.2,-8.0,2,10,4,15.71,8.12
1978-02-11,5.09,0.8,2.2,-4.8,-4.9,2,11,5,6.79,8.75
1978-02-12,9.42,3.9,1.5,-3.2,-7.0,2,12,6,5.09,13.46
1978-02-13,9.08,0.0,2.6,-5.3,-13.5,2,13,0,9.42,9.59
1978-02-14,5.75,0.0,4.9,-4.5,-11.0,2,14,1,9.08,5.5
1978-02-15,11.87,0.2,3.6,-3.5,-9.0,2,15,2,5.75,9.38
1978-02-16,14.46,0.0,3.5,1.8,-4.0,2,16,3,11.87,15.71
1978-02-17,13.33,0.0,4.3,2.0,-5.0,2,17,4,14.46,6.79
1978-02-18,23.42,0.0,3.5,2.0,-4.5,2,18,5,13.33,5.09
1978-02-19,27.71,0.0,4.0,1.5,-3.1,2,19,6,23.42,9.42
1978-02-20,16.75,2.9,4.7,-0.5,-4.9,2,20,0,27.71,9.08
1978-02-21,10.08,1.0,7.2,0.1,-3.9,2,21,1,16.75,5.75
1978-02-22,15.37,2.1,10.0,3.3,-1.2,2,22,2,10.08,11.87
1978-02-23,13.0,0.5,10.2,6.5,3.1,2,23,3,15.37,14.46
1978-02-24,14.92,0.1,13.3,7.2,1.0,2,24,4,13.0,13.33
1978-02-25,9.87,0.1,9.1,6.7,0.0,2,25,5,14.92,23.42
1978-02-26,3.54,2.7,10.0,5.1,-2.7,2,26,6,9.87,27.71
1978-02-27,6.29,0.7,12.4,2.0,-6.0,2,27,0,3.54,16.75
1978-02-28,10.54,14.2,11.4,5.1,-4.8,2,28,1,6.29,10.08
1978-03-01,12.29,0.3,10.0,6.9,2.7,3,1,2,10.54,15.37
1978-03-02,6.38,0.2,10.6,6.8,-0.2,3,2,3,12.29,13.0
1978-03-03,2.29,0.0,9.8,1.0,-6.5,3,3,4,6.38,14.92
1978-03-04,4.67,0.0,9.2,-0.8,-9.0,3,4,5,2.29,9.87
1978-03-05,6.08,0.0,8.9,-3.2,-10.5,3,5,6,4.67,3.54
1978-03-06,8.58,0.0,11.4,2.0,-6.5,3,6,0,6.08,6.29
1978-03-07,14.17,0.8,10.7,7.8,1.0,3,7,1,8.58,10.54
1978-03-08,10.67,0.0,13.9,8.2,4.0,3,8,2,14.17,12.29
1978-03-09,2.79,1.4,13.0,4.2,-4.7,3,9,3,10.67,6.38
1978-03-10,4.63,0.0,15.6,6.9,-1.7,3,10,4,2.79,2.29
1978-03-11,3.63,2.0,10.6,6.5,-0.7,3,11,5,4.63,4.67
1978-03-12,13.13,0.0,11.0,5.0,-3.0,3,12,6,3.63,6.08
1978-03-13,11.79,1.0,11.0,3.5,-3.0,3,13,0,13.13,8.58
1978-03-14,21.87,3.2,9.6,5.8,1.7,3,14,1,11.79,14.17
1978-03-15,16.08,0.6,9.7,4.1,-2.5,3,15,2,21.87,10.67
1978-03-16,9.13,5.1,6.5,-1.1,-9.0,3,16,3,16.08,2.79
1978-03-17,6.5,0.7,6.9,-0.1,-7.0,3,17,4,9.13,4.63
1978-03-18,7.83,1.2,11.0,-2.7,-10.3,3,18,5,6.5,3.63
1978-03-19,17.0,4.7,12.0,4.0,-2.3,3,19,6,7.83,13.13
1978-03-20,13.13,5.5,9.5,2.9,-3.5,3,20,0,17.0,11.79
1978-03-21,14.29,0.8,10.8,0.9,-5.8,3,21,1,13.13,21.87
1978-03-22,18.0,6.2,12.2,1.2,-0.7,3,22,2,14.29,16.08
1978-03-23,20.12,0.7,8.6,1.5,-4.5,3,23,3,18.0,9.13
1978-03-24,15.46,1.6,10.2,2.5,-4.8,3,24,4,20.12,6.5
1978-03-25,17.25,1.9,8.3,2.4,-2.5,3,25,5,15.46,7.83
1978-03-26,15.92,1.8,11.1,1.2,-5.0,3,26,6,17.25,17.0
1978-03-27,20.17,0.1,12.5,5.6,2.1,3,27,0,15.92,13.13
1978-03-28,18.08,2.0,12.2,7.4,0.5,3,28,1,20.17,14.29
1978-03-29,20.08,0.8,10.3,5.9,-0.4,3,29,2,18.08,18.0
1978-03-30,11.46,0.8,11.9,3.9,-4.0,3,30,3,20.08,20.12
1978-03-31,12.54,0.7,9.0,5.6,-2.8,3,31,4,11.46,15.46
1978-04-01,2.67,0.0,10.2,3.9,-3.0,4,1,5,12.54,17.25
1978-04-02,4.71,0.2,10.5,5.5,-2.5,4,2,6,2.67,15.92
1978-04-03,6.71,0.0,9.5,4.9,-0.8,4,3,0,4.71,20.17
1978-04-04,9.83,0.0,9.2,5.5,-4.0,4,4,1,6.71,18.08
1978-04-05,9.5,0.0,9.4,4.8,-5.5,4,5,2,9.83,20.08
1978-04-06,7.58,0.0,9.9,2.9,-5.7,4,6,3,9.5,11.46
1978-04-07,6.5,0.0,8.5,2.0,-4.9,4,7,4,7.58,12.54
1978-04-08,2.04,0.0,9.2,4.0,-4.7,4,8,5,6.5,2.67
1978-04-09,8.33,0.0,11.0,3.8,-4.6,4,9,6,2.04,4.71
1978-04-10,11.79,0.4,4.5,-2.0,-8.1,4,10,0,8.33,6.71
1978-04-11,9.5,0.6,8.5,-0.9,-7.7,4,11,1,11.79,9.83
1978-04-12,8.58,2.0,9.0,3.6,-2.7,4,12,2,9.5,9.5
1978-04-13,14.25,0.3,11.3,2.7,-0.9,4,13,3,8.58,7.58
1978-04-14,9.46,0.0,10.8,-0.8,-8.3,4,14,4,14.25,6.5
1978-04-15,4.08,0.0,10.4,-0.3,-6.2,4,15,5,9.46,2.04
1978-04-16,5.83,0.0,13.8,6.3,1.5,4,16,6,4.08,8.33
1978-04-17,15.16,4.2,9.9,5.5,-3.5,4,17,0,5.83,11.79
1978-04-18,8.12,4.1,9.7,5.4,1.3,4,18,1,15.16,9.5
1978-04-19,11.12,1.7,10.0,5.6,-2.0,4,19,2,8.12,8.58
1978-04-20,11.25,3.5,11.3,7.1,-2.2,4,20,3,11.12,14.25
1978-04-21,7.38,0.1,12.7,6.3,1.8,4,21,4,11.25,9.46
1978-04-22,9.5,0.0,11.0,2.5,-3.0,4,22,5,7.38,4.08
1978-04-23,8.42,0.0,14.0,5.0,-4.0,4,23,6,9.5,5.83
1978-04-24,9.5,0.0,14.2,5.0,-4.5,4,24,0,8.42,15.16
1978-04-25,13.0,0.2,8.1,6.0,-1.0,4,25,1,9.5,8.12
1978-04-26,8.54,0.3,9.4,5.0,0.5,4,26,2,13.0,11.12
1978-04-27,6.5,0.0,9.2,1.0,-8.0,4,27,3,8.54,11.25
1978-04-28,3.33,0.0,10.6,-1.0,-10.2,4,28,4,6.5,7.38
1978-04-29,7.25,0.1,11.4,3.2,-0.1,4,29,5,3.33,9.5
1978-04-30,17.16,8.4,7.9,6.1,0.0,4,30,6,7.25,8.42
1978-05-01,11.17,0.5,7.7,6.2,3.0,5,1,0,17.16,9.5
1978-05-02,9.62,0.7,9.2,6.2,2.3,5,2,1,11.17,13.0
1978-05-03,3.96,0.3,10.8,5.1,-2.5,5,3,2,9.62,8.54
1978-05-04,5.96,4.2,13.3,2.0,-5.0,5,4,3,3.96,6.5
1978-05-05,8.79,2.1,16.2,2.9,-4.9,5,5,4,5.96,3.33
1978-05-06,5.41,0.1,12.1,4.2,-1.8,5,6,5,8.79,7.25
1978-05-07,3.67,0.4,13.2,6.7,1.0,5,7,6,5.41,17.16
1978-05-08,6.34,0.1,12.2,7.9,4.2,5,8,0,3.67,11.17
1978-05-09,4.79,0.0,15.9,8.3,0.3,5,9,1,6.34,9.62
1978-05-10,5.04,0.0,20.1,6.3,-3.0,5,10,2,4.79,3.96
1978-05-11,10.88,0.4,18.8,6.3,8.0,5,11,3,5.04,5.96
1978-05-12,13.79,0.5,12.5,5.2,-1.7,5,12,4,10.88,8.79
1978-05-13,10.08,3.6,13.5,7.4,2.0,5,13,5,13.79,5.41
1978-05-14,4.58,6.0,12.5,7.1,2.5,5,14,6,10.08,3.67
1978-05-15,2.37,0.0,12.8,7.0,1.0,5,15,0,4.58,6.34
1978-05-16,3.33,0.0,13.2,5.2,-5.0,5,16,1,2.37,4.79
1978-05-17,3.88,0.0,16.0,3.5,-5.2,5,17,2,3.33,5.04
1978-05-18,3.17,0.0,16.5,8.6,5.0,5,18,3,3.88,10.88
1978-05-19,3.04,0.0,13.9,4.8,-4.5,5,19,4,3.17,13.79
1978-05-20,2.29,0.0,15.0,3.0,-2.5,5,20,5,3.04,10.08
1978-05-21,3.04,0.0,15.9,5.5,-5.0,5,21,6,2.29,4.58
1978-05-22,2.92,0.0,16.1,4.9,2.73654650788542,5,22,0,3.04,2.37
1978-05-23,8.5,0.4,19.8,9.1,1.5,5,23,1,2.92,3.33
1978-05-24,8.29,0.0,16.8,8.0,1.5,5,24,2,8.5,3.88
1978-05-25,3.92,0.0,16.2,8.6,0.8,5,25,3,8.29,3.17
1978-05-26,0.83,0.1,18.0,10.6,9.0,5,26,4,3.92,3.04
1978-05-27,1.67,0.0,19.0,14.3,9.3,5,27,5,0.83,2.29
1978-05-28,2.13,0.0,20.2,9.8,0.3,5,28,6,1.67,3.04
1978-05-29,4.88,0.0,21.5,8.7,-0.4,5,29,0,2.13,2.92
1978-05-30,4.88,0.0,19.9,11.9,3.0,5,30,1,4.88,8.5
1978-05-31,4.83,0.0,22.5,12.5,2.73654650788542,5,31,2,4.88,8.29
1978-06-01,6.46,0.0,23.6,14.0,6.6,6,1,3,4.83,3.92
1978-06-02,2.79,0.0,18.2,12.3,2.3,6,2,4,6.46,0.83
1978-06-03,4.54,0.0,19.5,11.0,3.8,6,3,5,2.79,1.67
1978-06-04,5.63,2.8,20.0,13.0,4.0,6,4,6,4.54,2.13
1978-06-05,11.75,0.0,18.4,12.0,4.5,6,5,0,5.63,4.88
1978-06-06,9.29,0.4,18.8,11.0,4.9,6,6,1,11.75,4.88
1978-06-07,7.12,4.2,14.5,11.0,5.0,6,7,2,9.29,4.83
1978-06-08,6.34,0.0,16.0,7.5,0.1,6,8,3,7.12,6.46
1978-06-09,9.5,0.0,16.0,9.0,4.0,6,9,4,6.34,2.79
1978-06-10,8.71,0.0,17.8,8.6,5.8,6,10,5,9.5,4.54
1978-06-11,8.04,0.0,17.5,7.3,5.6,6,11,6,8.71,5.63
1978-06-12,6.58,0.0,16.0,10.1,9.6,6,12,0,8.04,11.75
1978-06-13,5.04,0.0,16.2,5.4,2.0,6,13,1,6.58,9.29
1978-06-14,4.75,4.0,15.7,10.5,7.0,6,14,2,5.04,7.12
1978-06-15,4.08,3.8,12.8,10.0,7.0,6,15,3,4.75,6.34
1978-06-16,16.5,1.7,17.2,9.7,9.0,6,16,4,4.08,9.5
1978-06-17,12.42,0.0,19.4,9.9,7.2,6,17,5,16.5,8.71
1978-06-18,1.71,0.0,23.2,8.0,1.5,6,18,6,12.42,8.04
1978-06-19,7.41,0.0,18.2,9.6,6.0,6,19,0,1.71,6.58
1978-06-20,4.54,4.8,15.8,7.7,2.5,6,20,1,7.41,5.04
1978-06-21,3.04,8.3,15.2,10.9,10.6,6,21,2,4.54,4.75
1978-06-22,6.21,0.7,14.7,8.2,8.0,6,22,3,3.04,4.08
1978-06-23,10.34,0.2,12.7,5.1,1.1,6,23,4,6.21,16.5
1978-06-24,12.67,0.1,15.5,6.2,2.5,6,24,5,10.34,12.42
1978-06-25,9.33,0.0,14.6,8.8,4.0,6,25,6,12.67,1.71
1978-06-26,9.42,0.0,14.5,7.4,3.5,6,26,0,9.33,7.41
1978-06-27,10.79,0.0,17.5,8.9,5.0,6,27,1,9.42,4.54
1978-06-28,14.0,0.1,19.5,10.6,11.0,6,28,2,10.79,3.04
1978-06-29,9.67,1.2,17.5,11.4,9.2,6,29,3,14.0,6.21
1978-06-30,9.17,1.5,18.3,9.9,7.5,6,30,4,9.67,10.34
1978-07-01,12.42,3.3,17.9,11.1,10.1,7,1,5,9.17,12.67
1978-07-02,11.92,1.8,16.8,13.2,13.0,7,2,6,12.42,9.33
1978-07-03,13.7,7.2,14.3,9.0,6.8,7,3,0,11.92,9.42
1978-07-04,13.7,0.1,13.0,9.7,8.3,7,4,1,13.7,10.79
1978-07-05,12.38,0.0,15.5,9.0,9.2,7,5,2,13.7,14.0
1978-07-06,11.79,0.3,18.1,8.8,5.0,7,6,3,12.38,9.67
1978-07-07,11.92,0.8,20.2,7.3,4.0,7,7,4,11.79,9.17
1978-07-08,11.67,1.3,15.5,11.8,10.5,7,8,5,11.92,12.42
1978-07-09,4.42,3.2,17.9,12.7,9.8,7,9,6,11.67,11.92
1978-07-10,3.88,3.8,15.7,13.6,14.0,7,10,0,4.42,13.7
1978-07-11,2.83,0.1,17.8,10.5,6.9,7,11,1,3.88,13.7
1978-07-12,1.63,0.0,20.0,7.7,4.5,7,12,2,2.83,12.38
1978-07-13,0.83,0.0,20.5,8.1,4.5,7,13,3,1.63,11.79
1978-07-14,3.17,0.0,22.3,12.0,6.9,7,14,4,0.83,11.92
1978-07-15,2.79,0.0,17.5,10.5,5.9,7,15,5,3.17,11.67
1978-07-16,2.33,0.0,17.0,10.5,7.0,7,16,6,2.79,4.42
1978-07-17,1.83,0.0,15.5,11.5,5.0,7,17,0,2.33,3.88
1978-07-18,7.17,0.8,19.5,13.2,6.4,7,18,1,1.83,2.83
1978-07-19,11.87,0.1,16.0,12.3,7.2,7,19,2,7.17,1.63
1978-07-20,7.58,0.0,16.9,10.6,6.5,7,20,3,11.87,0.83
1978-07-21,4.67,0.0,19.0,11.1,7.0,7,21,4,7.58,3.17
1978-07-22,13.83,0.1,19.3,13.9,10.5,7,22,5,4.67,2.79
1978-07-23,10.08,1.6,20.7,14.7,11.4,7,23,6,13.83,2.33
1978-07-24,9.33,0.1,18.7,10.5,6.3,7,24,0,10.08,1.83
1978-07-25,8.42,10.9,17.9,10.5,4.0,7,25,1,9.33,7.17
1978-07-26,7.04,5.1,20.8,12.4,11.7,7,26,2,8.42,11.87
1978-07-27,10.5,0.8,21.4,15.1,11.8,7,27,3,7.04,7.58
1978-07-28,9.92,0.0,21.6,12.3,8.5,7,28,4,10.5,4.67
1978-07-29,4.08,0.0,22.0,10.5,4.9,7,29,5,9.92,13.83
1978-07-30,2.92,2.2,21.4,11.2,7.1,7,30,6,4.08,10.08
1978-07-31,12.17,0.0,18.3,12.9,10.8,7,31,0,2.92,9.33
1978-08-01,9.33,14.3,14.9,13.3,11.3,8,1,1,12.17,8.42
1978-08-02,4.5,0.0,19.6,12.9,11.2,8,2,2,9.33,7.04
1978-08-03,9.62,0.1,16.4,13.4,10.7,8,3,3,4.5,10.5
1978-08-04,5.54,1.8,17.6,10.0,5.3,8,4,4,9.62,9.92
1978-08-05,1.38,67.0,16.4,13.2,10.9,8,5,5,5.54,4.08
1978-08-06,6.92,0.2,18.5,12.0,10.0,8,6,6,1.38,2.92
1978-08-07,5.96,0.0,16.3,11.3,7.1,8,7,0,6.92,12.17
1978-08-08,7.75,0.1,15.9,11.3,9.9,8,8,1,5.96,9.33
1978-08-09,3.17,0.0,16.9,11.1,10.4,8,9,2,7.75,4.5
1978-08-10,3.08,0.0,18.5,9.9,4.9,8,10,3,3.17,9.62
1978-08-11,6.42,11.7,20.0,8.5,3.5,8,11,4,3.08,5.54
1978-08-12,5.54,1.4,20.0,12.3,7.5,8,12,5,6.42,1.38
1978-08-13,6.25,13.2,18.8,11.5,6.7,8,13,6,5.54,6.92
1978-08-14,7.5,2.3,21.3,14.2,12.1,8,14,0,6.25,5.96
1978-08-15,8.54,5.3,17.1,12.8,8.5,8,15,1,7.5,7.75
1978-08-16,10.83,0.1,17.8,11.2,7.6,8,16,2,8.54,3.17
1978-08-17,4.79,0.0,19.4,8.3,3.2,8,17,3,10.83,3.08
1978-08-18,9.92,3.5,18.5,13.2,7.0,8,18,4,4.79,6.42
1978-08-19,3.88,6.3,17.5,15.5,13.8,8,19,5,9.92,5.54
1978-08-20,5.41,0.3,20.0,10.5,5.8,8,20,6,3.88,6.25
1978-08-21,12.38,4.2,22.9,14.7,10.7,8,21,0,5.41,7.5
1978-08-22,4.33,0.0,18.7,16.0,15.0,8,22,1,12.38,8.54
1978-08-23,1.25,0.0,16.9,13.2,11.8,8,23,2,4.33,10.83
1978-08-24,1.33,0.0,18.6,12.8,12.0,8,24,3,1.25,4.79
1978-08-25,1.46,0.0,19.8,14.3,12.2,8,25,4,1.33,9.92
1978-08-26,0.75,0.0,19.5,10.2,8.5,8,26,5,1.46,3.88
1978-08-27,1.54,0.0,15.5,9.5,5.0,8,27,6,0.75,5.41
1978-08-28,2.42,0.0,20.0,13.0,9.5,8,28,0,1.54,12.38
1978-08-29,6.92,0.0,17.2,11.3,6.2,8,29,1,2.42,4.33
1978-08-30,7.58,0.0,18.0,10.7,7.3,8,30,2,6.92,1.25
1978-08-31,8.87,0.0,14.8,11.6,7.0,8,31,3,7.58,1.33
1978-09-01,7.25,0.0,15.5,10.0,6.0,9,1,4,8.87,1.46
1978-09-02,6.13,0.0,16.3,8.5,4.5,9,2,5,7.25,0.75
1978-09-03,4.12,0.0,19.3,10.6,4.9,9,3,6,6.13,1.54
1978-09-04,5.09,0.1,17.8,9.3,3.7,9,4,0,4.12,2.42
1978-09-05,3.25,2.8,18.0,12.3,9.3,9,5,1,5.09,6.92
1978-09-06,7.38,2.8,19.8,12.3,6.0,9,6,2,3.25,7.58
1978-09-07,9.21,0.0,20.1,14.0,10.7,9,7,3,7.38,8.87
1978-09-08,8.21,11.0,20.8,9.6,3.6,9,8,4,9.21,7.25
1978-09-09,15.29,1.2,21.9,13.2,9.5,9,9,5,8.21,6.13
1978-09-10,15.67,2.9,22.5,15.2,14.9,9,10,6,15.29,4.12
1978-09-11,18.5,0.0,17.0,12.4,9.5,9,11,0,15.67,5.09
1978-09-12,9.08,0.0,19.4,9.1,4.6,9,12,1,18.5,3.25
1978-09-13,12.62,5.0,22.2,10.2,13.0,9,13,2,9.08,7.38
1978-09-14,13.67,0.0,16.9,10.0,6.5,9,14,3,12.62,9.21
1978-09-15,14.96,0.4,17.6,13.2,10.6,9,15,4,13.67,8.21
1978-09-16,14.04,0.5,18.0,13.0,9.0,9,16,5,14.96,15.29
1978-09-17,8.25,0.0,16.8,8.0,3.5,9,17,6,14.04,15.67
1978-09-18,5.71,0.3,15.0,6.5,0.2,9,18,0,8.25,18.5
1978-09-19,1.21,0.0,16.1,10.5,4.9,9,19,1,5.71,9.08
1978-09-20,3.04,0.0,18.0,9.1,3.0,9,20,2,1.21,12.62
1978-09-21,5.5,0.0,22.3,12.2,7.0,9,21,3,3.04,13.67
1978-09-22,9.75,0.0,20.0,13.5,8.9,9,22,4,5.5,14.96
1978-09-23,11.25,0.0,21.9,12.9,7.3,9,23,5,9.75,14.04
1978-09-24,12.87,5.0,19.2,16.3,12.9,9,24,6,11.25,8.25
1978-09-25,12.75,0.1,16.5,8.4,4.1,9,25,0,12.87,5.71
1978-09-26,16.58,4.1,15.2,10.2,2.73654650788542,9,26,1,12.75,1.21
1978-09-27,13.79,5.6,15.5,9.7,6.7,9,27,2,16.58,3.04
1978-09-28,19.41,1.6,15.5,11.5,10.0,9,28,3,13.79,5.5
1978-09-29,22.21,0.2,13.3,10.1,7.5,9,29,4,19.41,9.75
1978-09-30,16.92,0.0,13.1,6.6,2.9,9,30,5,22.21,11.25
1978-10-01,4.21,2.9,16.3,8.6,4.2,10,1,6,16.92,12.87
1978-10-02,6.83,0.6,13.6,9.9,6.7,10,2,0,4.21,12.75
1978-10-03,9.25,0.0,14.6,8.9,8.6,10,3,1,6.83,16.58
1978-10-04,11.29,0.0,15.7,5.9,1.1,10,4,2,9.25,13.79
1978-10-05,15.34,0.1,17.9,10.4,10.1,10,5,3,11.29,19.41
1978-10-06,8.58,0.0,18.2,11.9,8.0,10,6,4,15.34,22.21
1978-10-07,9.04,0.0,20.0,6.2,0.0,10,7,5,8.58,16.92
1978-10-08,7.62,1.8,19.5,13.9,9.0,10,8,6,9.04,4.21
1978-10-09,7.62,4.5,18.4,13.4,10.2,10,9,0,7.62,6.83
1978-10-10,6.34,9.0,17.1,11.0,7.0,10,10,1,7.62,9.25
1978-10-11,11.29,0.0,19.8,13.5,11.0,10,11,2,6.34,11.29
1978-10-12,2.13,0.0,17.1,13.2,11.6,10,12,3,11.29,15.34
1978-10-13,3.0,0.0,16.5,11.0,5.5,10,13,4,2.13,8.58
1978-10-14,1.25,0.0,14.0,10.6,6.0,10,14,5,3.0,9.04
1978-10-15,7.41,0.1,13.3,10.8,10.8,10,15,6,1.25,7.62
1978-10-16,15.83,0.3,11.7,7.1,4.0,10,16,0,7.41,7.62
1978-10-17,12.62,0.0,12.6,8.5,6.0,10,17,1,15.83,6.34
1978-10-18,4.58,0.1,11.7,7.0,1.6,10,18,2,12.62,11.29
1978-10-19,5.54,0.0,13.8,9.2,8.8,10,19,3,4.58,2.13
1978-10-20,9.21,4.4,15.7,10.2,8.9,10,20,4,5.54,3.0
1978-10-21,9.67,0.4,15.7,10.5,10.1,10,21,5,9.21,1.25
1978-10-22,8.29,0.0,13.7,9.5,6.9,10,22,6,9.67,7.41
1978-10-23,11.0,0.0,14.1,3.1,1.3,10,23,0,8.29,15.83
1978-10-24,17.67,0.0,15.9,8.6,11.0,10,24,1,11.0,12.62
1978-10-25,16.17,0.0,18.5,12.7,10.7,10,25,2,17.67,4.58
1978-10-26,8.58,0.0,16.8,11.9,10.0,10,26,3,16.17,5.54
1978-10-27,1.83,0.0,17.2,10.5,5.0,10,27,4,8.58,9.21
1978-10-28,2.42,0.0,15.9,3.9,-1.9,10,28,5,1.83,9.67
1978-10-29,3.42,0.0,17.0,3.6,3.2,10,29,6,2.42,8.29
1978-10-30,8.92,4.0,16.8,11.1,7.3,10,30,0,3.42,11.0
1978-10-31,4.63,2.0,12.5,10.0,7.0,10,31,1,8.92,17.67
1978-11-01,8.17,2.2,15.9,2.9,-2.0,11,1,2,4.63,16.17
1978-11-02,10.0,0.1,13.0,9.6,4.5,11,2,3,8.17,8.58
1978-11-03,13.21,0.0,16.8,10.5,7.0,11,3,4,10.0,1.83
1978-11-04,14.58,0.0,18.3,10.9,9.6,11,4,5,13.21,2.42
1978-11-05,8.92,0.0,16.2,13.4,7.9,11,5,6,14.58,3.42
1978-11-06,12.21,0.0,15.5,8.8,2.5,11,6,0,8.92,8.92
1978-11-07,19.29,0.0,14.8,11.7,8.0,11,7,1,12.21,4.63
1978-11-08,8.87,0.0,14.5,7.9,5.0,11,8,2,19.29,8.17
1978-11-09,6.21,0.0,13.5,6.4,-0.9,11,9,3,8.87,10.0
1978-11-10,5.91,0.0,16.0,7.5,0.7,11,10,4,6.21,13.21
1978-11-11,4.12,0.0,16.3,7.0,2.0,11,11,5,5.91,14.58
1978-11-12,14.96,5.2,13.0,10.4,5.2,11,12,6,4.12,8.92
1978-11-13,16.5,0.0,14.6,5.1,1.0,11,13,0,14.96,12.21
1978-11-14,17.54,10.9,15.6,8.6,12.4,11,14,1,16.5,19.29
1978-11-15,20.12,10.8,15.5,10.5,10.6,11,15,2,17.54,8.87
1978-11-16,17.67,0.2,11.4,4.9,0.0,11,16,3,20.12,6.21
1978-11-17,17.58,1.4,16.0,5.9,5.5,11,17,4,17.67,5.91
1978-11-18,12.08,4.0,15.5,9.5,9.2,11,18,5,17.58,4.12
1978-11-19,11.08,0.0,9.0,7.4,6.5,11,19,6,12.08,14.96
1978-11-20,16.08,2.0,11.6,3.5,-0.3,11,20,0,11.08,16.5
1978-11-21,14.67,0.2,13.3,5.0,1.6,11,21,1,16.08,17.54
1978-11-22,16.71,0.0,14.0,8.6,7.2,11,22,2,14.67,20.12
1978-11-23,12.25,16.1,14.0,9.8,7.9,11,23,3,16.71,17.67
1978-11-24,7.17,1.0,7.5,4.4,-0.5,11,24,4,12.25,17.58
1978-11-25,14.62,2.0,3.7,0.5,-4.0,11,25,5,7.17,12.08
1978-11-26,8.08,0.1,3.8,-0.5,-3.8,11,26,6,14.62,11.08
1978-11-27,2.33,0.1,5.0,-2.5,-8.0,11,27,0,8.08,16.08
1978-11-28,1.96,0.1,4.9,-3.4,-8.4,11,28,1,2.33,14.67
1978-11-29,4.38,6.8,6.8,-4.3,-8.0,11,29,2,1.96,16.71
1978-11-30,7.5,1.4,7.5,4.4,1.2,11,30,3,4.38,12.25
1978-12-01,21.54,7.0,7.7,5.2,1.1,12,1,4,7.5,7.17
1978-12-02,12.33,2.9,10.6,5.0,3.5,12,2,5,21.54,14.62
1978-12-03,17.46,2.4,10.9,5.1,4.0,12,3,6,12.33,8.08
1978-12-04,8.38,0.0,8.3,3.6,-2.0,12,4,0,17.46,2.33
1978-12-05,13.92,0.0,9.3,-0.4,-4.3,12,5,1,8.38,1.96
1978-12-06,24.54,0.3,9.0,3.5,6.1,12,6,2,13.92,4.38
1978-12-07,19.92,27.2,11.2,6.9,5.4,12,7,3,24.54,7.5
1978-12-08,10.34,8.6,10.7,6.6,4.5,12,8,4,19.92,21.54
1978-12-09,10.75,1.5,14.5,7.2,1.5,12,9,5,10.34,12.33
1978-12-10,13.21,4.3,14.5,9.0,5.0,12,10,6,10.75,17.46
1978-12-11,14.83,18.8,12.0,9.5,4.5,12,11,0,13.21,8.38
1978-12-12,10.54,3.1,11.0,7.9,3.0,12,12,1,14.83,13.92
1978-12-13,13.0,13.2,13.339123131194354,6.411677966101696,2.73654650788542,12,13,2,10.54,24.54
1978-12-14,8.83,6.4,13.339123131194354,6.411677966101696,2.73654650788542,12,14,3,13.0,19.92
1978-12-15,12.67,0.8,13.339123131194354,6.411677966101696,2.73654650788542,12,15,4,8.83,10.34
1978-12-16,9.13,0.0,6.1,3.8,0.3,12,16,5,12.67,10.75
1978-12-17,2.46,0.0,3.6,-0.9,-6.0,12,17,6,9.13,13.21
1978-12-18,2.42,0.1,6.9,-3.5,-7.8,12,18,0,2.46,14.83
1978-12-19,4.75,0.0,8.1,-3.4,-6.0,12,19,1,2.42,10.54
1978-12-20,4.54,12.6,5.0,-4.5,-10.5,12,20,2,4.75,13.0
1978-12-21,11.67,4.2,5.2,-5.0,-0.1,12,21,3,4.54,8.83
1978-12-22,2.46,1.9,6.4,-2.1,-6.2,12,22,4,11.67,12.67
1978-12-23,16.5,28.2,6.4,-1.7,-6.0,12,23,5,2.46,9.13
1978-12-24,12.25,4.9,6.5,4.3,4.1,12,24,6,16.5,2.46
1978-12-25,8.71,8.5,7.5,3.3,-0.2,12,25,0,12.25,2.42
1978-12-26,1.96,9.0,9.8,2.3,-2.0,12,26,1,8.71,4.75
1978-12-27,14.46,16.8,9.8,4.0,0.0,12,27,2,1.96,4.54
1978-12-28,14.33,16.0,9.1,8.5,8.0,12,28,3,14.46,11.67
1978-12-29,19.17,14.7,5.0,3.5,3.2,12,29,4,14.33,2.46
1978-12-30,18.08,4.9,2.9,0.3,-0.5,12,30,5,19.17,16.5
1978-12-31,19.25,0.5,1.2,-1.5,-3.0,12,31,6,18.08,12.25
