id,date,steps,active_kilocalories,active_time,resting_heart_rate,average_heart_rate,sleep_hours,deep_sleep_ratio,rem_ratio,awake_ratio,sleep_efficiency,sedentary_ratio,active_ratio,highly_active_ratio,body_battery_status,total_sport_hours,stress_hours
1480624d-7fe2-467e-9606-c094596356c6,2026/3/10,4857.75,319,4648.5,66.57142857,84,6.833055556,0.270742713,0.068295459,0.031708606,0.968291394,0.708333333,0.277777778,0.013888889,GOOD,0,0
1480624d-7fe2-467e-9606-c094596356c6,2026/3/12,3439.888889,211.4444444,3500.777778,54.66666667,67.44444444,6.283333333,0.27713751,0.098129855,0.074320331,0.925679669,0.715328467,0.270072993,0.01459854,GOOD,0.1875,0
1480624d-7fe2-467e-9606-c094596356c6,2026/3/13,3424.5,164.75,3267.25,65.75,75,9.566666667,0.18641115,0.067944251,0.069686411,0.930313589,0.729927007,0.270072993,0,LOW,0,0
1480624d-7fe2-467e-9606-c094596356c6,2026/3/15,5139.818182,320.2727273,5325.727273,55.90909091,72,6.291666667,0.323709168,0.120758693,0.070460133,0.929539867,0.707482993,0.285714286,0.006802721,LOW,0,4.666666667
1480624d-7fe2-467e-9606-c094596356c6,2026/3/28,2882.333333,214.3333333,2696.666667,65.33333333,75,5.096666667,0.392413342,0.103989536,0.039241334,0.960758666,0.759398496,0.240601504,0,LOW,0,0
2ed88fbc-be8e-4fd0-ae83-1e97809cb0e2,2026/3/10,1049.2,113.2,1368,66,77.8,7.616666667,0.251641138,0.251641138,0,1,0.878787879,0.121212121,0,LOW,0,4.466666667
2ed88fbc-be8e-4fd0-ae83-1e97809cb0e2,2026/3/11,3255.333333,276.3333333,3575,70,87.66666667,6.95,0.134292566,0.105515588,0.016786571,0.983213429,0.825503356,0.174496644,0,VERY_LOW,0,0
2ed88fbc-be8e-4fd0-ae83-1e97809cb0e2,2026/3/12,162.5,43.75,330,67,79.25,7.583333333,0.182417582,0.054945055,0.428571429,0.571428571,0.899159664,0.100840336,0,LOW,0,1.466666667
2ed88fbc-be8e-4fd0-ae83-1e97809cb0e2,2026/3/13,1432.75,101.5,1797.5,66.25,74.75,8.483333333,0.16502947,0.176817289,0.025540275,0.974459725,0.818181818,0.181818182,0,GOOD,0,0.683333333
2ed88fbc-be8e-4fd0-ae83-1e97809cb0e2,2026/3/14,1489.285714,146.4285714,2373,70.14285714,89,3.233333333,0.265819757,0,0.228904776,0.771095224,0.802721088,0.197278912,0,VERY_LOW,0,9.05
2ed88fbc-be8e-4fd0-ae83-1e97809cb0e2,2026/3/15,3029,352.6666667,2688.333333,70,91.33333333,5.6,0.229166667,0.148809524,0,1,0.860927152,0.132450331,0.006622517,LOW,0,1.433333333
2ed88fbc-be8e-4fd0-ae83-1e97809cb0e2,2026/3/16,1955,148.1428571,2843.571429,67.71428571,83,4.816666667,0.256055363,0.128027682,0,1,0.789621318,0.210378682,0,LOW,0,0
2ed88fbc-be8e-4fd0-ae83-1e97809cb0e2,2026/3/17,1152,160.2,1877,69.6,87,8.116666667,0.162217659,0.117043121,0.034907598,0.965092402,0.784810127,0.215189873,0,LOW,0,0
2ed88fbc-be8e-4fd0-ae83-1e97809cb0e2,2026/3/18,1771.8,196.2,2384,71,81.8,9.15,0.123861566,0.163934426,0,1,0.797619048,0.196428571,0.005952381,LOW,0,3.616666667
2ed88fbc-be8e-4fd0-ae83-1e97809cb0e2,2026/3/19,617.25,103,882.75,66,80.75,8.216666667,0.174442191,0.247464503,0.044624746,0.955375254,0.838028169,0.161971831,0,GOOD,0,1.233333333
2ed88fbc-be8e-4fd0-ae83-1e97809cb0e2,2026/3/20,1358.2,106.8,1545,63,74,10.18333333,0.114566285,0.199672668,0.003273322,0.996726678,0.817518248,0.182481752,0,HIGH,0,2.75
2ed88fbc-be8e-4fd0-ae83-1e97809cb0e2,2026/3/21,90,96.4,210,55.6,68.8,10.15,0.167487685,0.103448276,0.036124795,0.963875205,0.938053097,0.061946903,0,HIGH,0,1.866666667
2ed88fbc-be8e-4fd0-ae83-1e97809cb0e2,2026/3/22,275.75,106.25,971.25,59.75,75.5,10.53333333,0.186708861,0.238924051,0.069620253,0.930379747,0.848920863,0.151079137,0,HIGH,0,3.3
2ed88fbc-be8e-4fd0-ae83-1e97809cb0e2,2026/3/23,2225,240.6,2805.8,66,85.8,3.65,0.315068493,0,0.164383562,0.835616438,0.834482759,0.165517241,0,LOW,0,3.266666667
2ed88fbc-be8e-4fd0-ae83-1e97809cb0e2,2026/3/24,173.5,114.75,391.25,62.25,78.5,10.7,0.135514019,0.236760125,0.042056075,0.957943925,0.893617021,0.106382979,0,HIGH,0,2.416666667
2ed88fbc-be8e-4fd0-ae83-1e97809cb0e2,2026/3/25,1567.857143,160,1819,58,80.85714286,6.016666667,0.279778393,0.224376731,0,1,0.866456362,0.133543638,0,GOOD,0,5.3
2ed88fbc-be8e-4fd0-ae83-1e97809cb0e2,2026/3/26,781,45.6,1019.6,60.8,73.8,9.783333333,0.073253833,0.168654174,0.122657581,0.877342419,0.84,0.16,0,HIGH,0,1.283333333
2ed88fbc-be8e-4fd0-ae83-1e97809cb0e2,2026/3/27,1374.8,109.2,1410,62.2,76.2,8.483333333,0.174852652,0.16502947,0.015717092,0.984282908,0.828358209,0.171641791,0,HIGH,0,2.466666667
2ed88fbc-be8e-4fd0-ae83-1e97809cb0e2,2026/3/28,334.5,59,1095,62.75,77,5.266666667,0.17721519,0.126582278,0.14556962,0.85443038,0.837209302,0.162790698,0,LOW,0,1.633333333
2ed88fbc-be8e-4fd0-ae83-1e97809cb0e2,2026/3/29,123.5,253.5,292.5,63,88.5,8.166666667,0.116326531,0.175510204,0.112244898,0.887755102,0.916030534,0.076335878,0.007633588,LOW,0,5.6
2ed88fbc-be8e-4fd0-ae83-1e97809cb0e2,2026/3/31,5270,778,6135,62,85,9.7,0.144329897,0.173539519,0.159793814,0.840206186,0.791666667,0.208333333,0,GOOD,0,0
2ed88fbc-be8e-4fd0-ae83-1e97809cb0e2,2026/4/1,152,88,405,58,77,7.266666667,0.206422018,0.130733945,0.144495413,0.855504587,0.913043478,0.086956522,0,HIGH,0,0
2ed88fbc-be8e-4fd0-ae83-1e97809cb0e2,2026/4/2,545,281,1669,60,84,4.883333333,0.218430034,0,0.290102389,0.709897611,0.835820896,0.156716418,0.007462687,LOW,0,0.616666667
2ed88fbc-be8e-4fd0-ae83-1e97809cb0e2,2026/4/3,153,231,705,59,81,4,0.4375,0.15,0,1,0.927272727,0.072727273,0,GOOD,0,1.983333333
2ed88fbc-be8e-4fd0-ae83-1e97809cb0e2,2026/4/4,146.6,61.6,486,65,81,6.45,0.157622739,0.124031008,0.19121447,0.80878553,0.909090909,0.090909091,0,LOW,0,7.766666667
2ed88fbc-be8e-4fd0-ae83-1e97809cb0e2,2026/4/5,166,179.6666667,450,64,85.33333333,7.716666667,0.144708423,0.125269978,0.103671706,0.896328294,0.900763359,0.099236641,0,HIGH,0,1.516666667
2ed88fbc-be8e-4fd0-ae83-1e97809cb0e2,2026/4/6,329.6666667,183.6666667,1045,64.33333333,82.33333333,5.983333333,0.133704735,0.125348189,0.13091922,0.86908078,0.825174825,0.167832168,0.006993007,LOW,0,1.783333333
2ed88fbc-be8e-4fd0-ae83-1e97809cb0e2,2026/4/7,155,119,585,66,86.66666667,6.2,0.185483871,0.077956989,0.002688172,0.997311828,0.891472868,0.108527132,0,LOW,0,1.183333333
2ed88fbc-be8e-4fd0-ae83-1e97809cb0e2,2026/4/8,3275.714286,296.2857143,4082.857143,66,87.71428571,6.325,0.079897912,0.056377079,0.025263274,0.974736726,0.805882353,0.194117647,0,VERY_LOW,0,6.4
2ed88fbc-be8e-4fd0-ae83-1e97809cb0e2,2026/4/10,1285.4,171.8,1733.4,65.8,81.4,9.25,0.113513514,0.18018018,0.001801802,0.998198198,0.824675325,0.175324675,0,LOW,0,6.9
2ed88fbc-be8e-4fd0-ae83-1e97809cb0e2,2026/4/11,259.6666667,95.66666667,1090,63.66666667,81,8.683333333,0.16890595,0.126679463,0.099808061,0.900191939,0.852941176,0.139705882,0.007352941,LOW,0,0.633333333
2ed88fbc-be8e-4fd0-ae83-1e97809cb0e2,2026/4/12,147.75,24.25,375,60,78,8.166666667,0.120408163,0.232653061,0,1,0.870967742,0.129032258,0,HIGH,0,1.316666667
2ed88fbc-be8e-4fd0-ae83-1e97809cb0e2,2026/4/14,672.3333333,84.33333333,796.6666667,60,73.33333333,8.883333333,0.196998124,0.165103189,0.125703565,0.874296435,0.891666667,0.108333333,0,HIGH,0,0.983333333
2ed88fbc-be8e-4fd0-ae83-1e97809cb0e2,2026/4/15,1990.25,98,2522,57,77.5,4.633333333,0.18705036,0.179856115,0.010791367,0.989208633,0.815384615,0.184615385,0,LOW,0,1.583333333
2ed88fbc-be8e-4fd0-ae83-1e97809cb0e2,2026/4/16,616,50,684.6666667,61,72,8.783333333,0.222011385,0.292220114,0,1,0.876033058,0.123966942,0,HIGH,0,0.466666667
2ed88fbc-be8e-4fd0-ae83-1e97809cb0e2,2026/4/17,1046.333333,104,1395,59,74.33333333,4.45,0.198501873,0.082397004,0,1,0.832116788,0.160583942,0.00729927,GOOD,0,3.066666667
2ed88fbc-be8e-4fd0-ae83-1e97809cb0e2,2026/4/18,210,94,765,55,76,9.233333333,0.207581227,0.176895307,0.039711191,0.960288809,0.903508772,0.096491228,0,GOOD,0,0.916666667
2ed88fbc-be8e-4fd0-ae83-1e97809cb0e2,2026/4/19,470,57,1275,56,77,8.433333333,0.158102767,0.260869565,0.013833992,0.986166008,0.875,0.125,0,GOOD,0,0.566666667
2ed88fbc-be8e-4fd0-ae83-1e97809cb0e2,2026/4/20,5910,501,7047.333333,61,91.66666667,0.233333333,0,0,0,1,0.757575758,0.242424242,0,VERY_LOW,0,2.8
2ed88fbc-be8e-4fd0-ae83-1e97809cb0e2,2026/4/21,368.25,56.5,535,60.5,76,10.9,0.108562691,0.217125382,0.004587156,0.995412844,0.836879433,0.163120567,0,HIGH,0,3.883333333
2ed88fbc-be8e-4fd0-ae83-1e97809cb0e2,2026/4/22,1660.6,162.4,2542.6,62,86.6,4.066666667,0.098360656,0.020491803,0,1,0.775757576,0.224242424,0,LOW,0,3.2
2ed88fbc-be8e-4fd0-ae83-1e97809cb0e2,2026/4/24,186,74.33333333,530,56,71.66666667,6.666666667,0.17,0.1125,0.0375,0.9625,0.86440678,0.13559322,0,HIGH,0,1.416666667
2ed88fbc-be8e-4fd0-ae83-1e97809cb0e2,2026/4/25,245.6666667,113.6666667,760,57,76.33333333,9.383333333,0.156305506,0.20071048,0,1,0.868217054,0.131782946,0,GOOD,0,1.416666667
2ed88fbc-be8e-4fd0-ae83-1e97809cb0e2,2026/4/26,215.3333333,91,740,58.33333333,71.33333333,10.11666667,0.207578254,0.166392092,0.077429984,0.922570016,0.881889764,0.118110236,0,HIGH,0,3.616666667
2ed88fbc-be8e-4fd0-ae83-1e97809cb0e2,2026/4/28,304.25,60,607.5,63,77,11.33333333,0.111764706,0.238235294,0.017647059,0.982352941,0.858208955,0.141791045,0,HIGH,0,2.483333333
2ed88fbc-be8e-4fd0-ae83-1e97809cb0e2,2026/4/29,2668.5,280,4099.5,64,86.83333333,3.8,0.276315789,0.052631579,0.026315789,0.973684211,0.757225434,0.242774566,0,VERY_LOW,0,8.733333333
2ed88fbc-be8e-4fd0-ae83-1e97809cb0e2,2026/4/30,254,422,750,58,80,11.6,0.143678161,0.21408046,0.004310345,0.995689655,0.935483871,0.064516129,0,GOOD,0,1.616666667
2ed88fbc-be8e-4fd0-ae83-1e97809cb0e2,2026/5/1,298,311,1035,61,80,6.05,0.319559229,0.184573003,0.101928375,0.898071625,0.87704918,0.12295082,0,LOW,0,1.8
2ed88fbc-be8e-4fd0-ae83-1e97809cb0e2,2026/5/2,350,209,960,60,81,6,0.319444444,0.183333333,0.002777778,0.997222222,0.861538462,0.138461538,0,LOW,0,3.066666667
2ed88fbc-be8e-4fd0-ae83-1e97809cb0e2,2026/5/3,2255,309,2625,60,81,7.616666667,0.144420131,0.18380744,0.035010941,0.964989059,0.88,0.12,0,LOW,0,0.666666667
2ed88fbc-be8e-4fd0-ae83-1e97809cb0e2,2026/5/5,371.4,41.6,684,64.2,79,6.583333333,0.189873418,0.081012658,0.020253165,0.979746835,0.834645669,0.165354331,0,LOW,0,1.366666667
2ed88fbc-be8e-4fd0-ae83-1e97809cb0e2,2026/5/6,3287.166667,207.8333333,3917,65,83.33333333,5.183333333,0.080385852,0.045016077,0,1,0.777777778,0.222222222,0,VERY_LOW,0,3.75
2ed88fbc-be8e-4fd0-ae83-1e97809cb0e2,2026/5/7,182,79.25,817.5,64.75,80,9.083333333,0.018348624,0.188990826,0.060550459,0.939449541,0.873134328,0.126865672,0,LOW,0,3.8
2ed88fbc-be8e-4fd0-ae83-1e97809cb0e2,2026/5/8,92.33333333,17.33333333,330,61,83,5.5,0.245454545,0.148484848,0,1,0.919642857,0.080357143,0,GOOD,0,0.783333333
2ed88fbc-be8e-4fd0-ae83-1e97809cb0e2,2026/5/9,47.2,39,75,61.25,80,6.233333333,0.181818182,0.176470588,0.010695187,0.989304813,0.932773109,0.067226891,0,GOOD,0,5.883333333
2ed88fbc-be8e-4fd0-ae83-1e97809cb0e2,2026/5/10,164,135,495,64,82,5.233333333,0.124203822,0.111464968,0.085987261,0.914012739,0.898819562,0.101180438,0,LOW,0,0
41a9f5bf-b42b-4b33-8670-8c0c120ccef4,2026/3/11,1688.666667,42.33333333,2031.833333,59.66666667,71.66666667,7.266666667,0.110091743,0.288990826,0.02293578,0.97706422,0.75,0.242647059,0.007352941,HIGH,0,1.266666667
41a9f5bf-b42b-4b33-8670-8c0c120ccef4,2026/3/12,1418.142857,74.57142857,1739.571429,61.28571429,74.14285714,7.1875,0.102028986,0.315362319,0.064927536,0.935072464,0.785185185,0.207407407,0.007407407,LOW,0,4.05
41a9f5bf-b42b-4b33-8670-8c0c120ccef4,2026/3/13,5041,210.125,4832.625,59.875,77.125,8.363055556,0.213239446,0.251104394,0.027900488,0.972099512,0.720779221,0.266233766,0.012987013,GOOD,0,4.916666667
41a9f5bf-b42b-4b33-8670-8c0c120ccef4,2026/3/14,3218,146.5,3485.666667,61,76.33333333,5.1,0.307189542,0.261437908,0.009803922,0.990196078,0.751724138,0.234482759,0.013793103,GOOD,0,1.7
41a9f5bf-b42b-4b33-8670-8c0c120ccef4,2026/3/15,273.4,48.6,634,63.2,75.2,7.25,0.170114943,0.28045977,0.020689655,0.979310345,0.833333333,0.166666667,0,GOOD,0,0
41a9f5bf-b42b-4b33-8670-8c0c120ccef4,2026/3/16,2662.857143,87.85714286,2624,62.57142857,75.28571429,6.783333333,0.184275184,0.186732187,0.056511057,0.943488943,0.735294118,0.264705882,0,GOOD,0,0
41a9f5bf-b42b-4b33-8670-8c0c120ccef4,2026/3/17,1006.166667,94.66666667,1401.666667,60.5,72.83333333,8.333333333,0.11,0.384,0.068,0.932,0.820689655,0.179310345,0,HIGH,0,5.3
41a9f5bf-b42b-4b33-8670-8c0c120ccef4,2026/3/18,2192,99.42857143,2734.714286,64,79.85714286,2.55,0.450980392,0.156862745,0.241830065,0.758169935,0.722972973,0.277027027,0,VERY_LOW,0,0
41a9f5bf-b42b-4b33-8670-8c0c120ccef4,2026/3/19,2923.166667,99,2634.166667,59.16666667,70.66666667,9.611666667,0.185538408,0.32252471,0.001734004,0.998265996,0.746376812,0.246376812,0.007246377,GOOD,0,0
41a9f5bf-b42b-4b33-8670-8c0c120ccef4,2026/3/20,10655,385,9350,58,80,5.421944444,0.162918182,0.372918695,0.003073928,0.996926072,0.712328767,0.287671233,0,GOOD,0,0
41a9f5bf-b42b-4b33-8670-8c0c120ccef4,2026/3/21,5717,187.6666667,8636.333333,59,76.66666667,4.35,0.398467433,0.137931034,0.01532567,0.98467433,0.696551724,0.303448276,0,LOW,0,2.8
41a9f5bf-b42b-4b33-8670-8c0c120ccef4,2026/3/22,7827,234,6713,60,78,7.816666667,0.213219616,0.230277186,0,1,0.755395683,0.223021583,0.021582734,GOOD,0,0
41a9f5bf-b42b-4b33-8670-8c0c120ccef4,2026/3/23,7411,374,7061,60,83.83333333,6.232777778,0.251336323,0.207524095,0.076951414,0.923048586,0.810218978,0.189781022,0,VERY_LOW,0,7
41a9f5bf-b42b-4b33-8670-8c0c120ccef4,2026/3/25,1630.857143,103.5714286,1784.714286,60.85714286,80.14285714,4.856111111,0.264271822,0.193456126,0.030888914,0.969111086,0.835714286,0.157142857,0.007142857,VERY_LOW,0,2.85
41a9f5bf-b42b-4b33-8670-8c0c120ccef4,2026/3/26,3060.125,170.5,3781.875,61.125,74.125,8.720972222,0.146260469,0.252231773,0.005983684,0.994016316,0.75,0.243421053,0.006578947,VERY_LOW,0,10.48333333
41a9f5bf-b42b-4b33-8670-8c0c120ccef4,2026/3/28,2261.166667,95.16666667,3981.5,61.5,76.33333333,4.183333333,0.346613546,0.151394422,0.107569721,0.892430279,0.68627451,0.307189542,0.006535948,LOW,0,0
41a9f5bf-b42b-4b33-8670-8c0c120ccef4,2026/3/29,900.4285714,70,1794.857143,65.14285714,78.57142857,7.95,0.121593291,0.245283019,0.002096436,0.997903564,0.809160305,0.190839695,0,GOOD,0,0
41a9f5bf-b42b-4b33-8670-8c0c120ccef4,2026/3/30,2515.111111,138.4444444,2789.666667,62.22222222,78.77777778,3.766666667,0.048672566,0.039823009,0.008849558,0.991150442,0.748251748,0.244755245,0.006993007,LOW,0,0
41a9f5bf-b42b-4b33-8670-8c0c120ccef4,2026/3/31,1399.6,158,1805,60.2,72.4,10.4,0.0625,0.344551282,0.003205128,0.996794872,0.801369863,0.198630137,0,HIGH,0,11.36666667
41a9f5bf-b42b-4b33-8670-8c0c120ccef4,2026/4/1,1398.142857,97.42857143,1657.142857,63.42857143,76.28571429,8.333333333,0.218,0.25,0.004,0.996,0.753424658,0.219178082,0.02739726,GOOD,0,6.25
41a9f5bf-b42b-4b33-8670-8c0c120ccef4,2026/4/2,1288.833333,71.5,1721.333333,62.33333333,74.83333333,10.95,0.01674277,0.286149163,0.050228311,0.949771689,0.746478873,0.246478873,0.007042254,LOW,0,1.033333333
41a9f5bf-b42b-4b33-8670-8c0c120ccef4,2026/4/3,1233.285714,73.42857143,1519.285714,62.14285714,73.28571429,8.483333333,0.082514735,0.275049116,0,1,0.797202797,0.202797203,0,GOOD,0,1.866666667
41a9f5bf-b42b-4b33-8670-8c0c120ccef4,2026/4/4,1130.444444,62,1601.888889,61.66666667,76,8.333333333,0.072,0.284,0,1,0.834710744,0.165289256,0,HIGH,0,1.866666667
41a9f5bf-b42b-4b33-8670-8c0c120ccef4,2026/4/5,769.8333333,84.33333333,1884.166667,61.66666667,79.16666667,7.778333333,0.111420613,0.23569745,0.027855153,0.972144847,0.785185185,0.214814815,0,GOOD,0,1.566666667
41a9f5bf-b42b-4b33-8670-8c0c120ccef4,2026/4/6,767.1666667,51,1410,61.83333333,76,7.766666667,0.077253219,0.263948498,0.004291845,0.995708155,0.742857143,0.242857143,0.014285714,GOOD,0,1.5
41a9f5bf-b42b-4b33-8670-8c0c120ccef4,2026/4/7,1761.666667,144,2519.166667,62.5,78.83333333,7.056944444,0.096831332,0.281047038,0.011808699,0.988191301,0.765100671,0.228187919,0.006711409,LOW,0,7.6
41a9f5bf-b42b-4b33-8670-8c0c120ccef4,2026/4/8,4160.166667,123.1666667,3921.166667,65,82.16666667,3.433333333,0.27184466,0.09223301,0.174757282,0.825242718,0.724137931,0.275862069,0,VERY_LOW,0,0
41a9f5bf-b42b-4b33-8670-8c0c120ccef4,2026/4/9,2038.142857,119.7142857,1741.857143,61.57142857,75.42857143,9.883333333,0.13153457,0.258010118,0.005059022,0.994940978,0.785714286,0.214285714,0,LOW,0,3.333333333
41a9f5bf-b42b-4b33-8670-8c0c120ccef4,2026/4/10,2464.833333,144.5,2334.666667,61.66666667,78.5,8.254166667,0.139323574,0.240282686,0.008076729,0.991923271,0.789855072,0.210144928,0,GOOD,0,3.733333333
41a9f5bf-b42b-4b33-8670-8c0c120ccef4,2026/4/11,1724.142857,99.85714286,2281.142857,61.71428571,77.57142857,5.7,0.266081871,0.122807018,0.005847953,0.994152047,0.743421053,0.25,0.006578947,GOOD,0,3.233333333
41a9f5bf-b42b-4b33-8670-8c0c120ccef4,2026/4/12,1088.4,48.2,1627,63.4,78,3.928333333,0.267288927,0.114552397,0.042426814,0.957573186,0.75,0.25,0,LOW,0,0
41a9f5bf-b42b-4b33-8670-8c0c120ccef4,2026/4/13,2011.166667,182.3333333,2593.333333,62.66666667,80.83333333,6.433333333,0.261658031,0.137305699,0.010362694,0.989637306,0.768211921,0.231788079,0,LOW,0,6.683333333
41a9f5bf-b42b-4b33-8670-8c0c120ccef4,2026/4/14,3274.833333,464.6666667,4217.5,64.33333333,83,9.203611111,0.181088341,0.237225727,0.012676184,0.987323816,0.768211921,0.218543046,0.013245033,LOW,0,0
41a9f5bf-b42b-4b33-8670-8c0c120ccef4,2026/4/15,1807.5,235.6666667,2464.166667,66.16666667,81.33333333,6.55,0.249363868,0.160305344,0.022900763,0.977099237,0.770700637,0.222929936,0.006369427,LOW,0,4.25
41a9f5bf-b42b-4b33-8670-8c0c120ccef4,2026/4/16,2163.4,482.4,3239.6,64.6,86.2,7.116666667,0.20137791,0.148386034,0.004830918,0.995169082,0.767123288,0.226027397,0.006849315,LOW,0,0
41a9f5bf-b42b-4b33-8670-8c0c120ccef4,2026/4/18,916.5,34.16666667,1087.5,62.83333333,71.83333333,9.4,0.156028369,0.228723404,0,1,0.778625954,0.20610687,0.015267176,HIGH,0,0
41a9f5bf-b42b-4b33-8670-8c0c120ccef4,2026/4/19,987.125,64.875,1308.375,64,80.5,7.916666667,0.178947368,0.202105263,0.002105263,0.997894737,0.766650462,0.218765192,0.014584346,GOOD,0,3.6
41a9f5bf-b42b-4b33-8670-8c0c120ccef4,2026/4/20,2648.888889,184.7777778,3346.111111,63.11111111,77.11111111,6.825,0.293492516,0.11826087,0.044280114,0.955719886,0.734693878,0.258503401,0.006802721,LOW,0,8
41a9f5bf-b42b-4b33-8670-8c0c120ccef4,2026/4/22,2845.5,114,3013.125,61.5,78,6.891111111,0.245126174,0.182332746,0.016250564,0.983749436,0.755395683,0.244604317,0,LOW,0,0
41a9f5bf-b42b-4b33-8670-8c0c120ccef4,2026/4/24,2308.666667,204.1666667,3378.333333,63.5,77.83333333,9.1275,0.200858212,0.205697069,0.009129919,0.990870081,0.761904762,0.231292517,0.006802721,LOW,0,7.066666667
41a9f5bf-b42b-4b33-8670-8c0c120ccef4,2026/4/25,2292,125.8571429,2846.714286,65.14285714,76.57142857,8.75,0.131428571,0.255238095,0.081904762,0.918095238,0.8,0.192307692,0.007692308,GOOD,0,0
41a9f5bf-b42b-4b33-8670-8c0c120ccef4,2026/4/26,3615.875,212.125,4063.125,60.125,77.625,8.866666667,0.039473684,0.22556391,0.095864662,0.904135338,0.751633987,0.248366013,0,GOOD,0,0
41a9f5bf-b42b-4b33-8670-8c0c120ccef4,2026/4/27,1941.6,85.8,2174,62.6,77.8,3.866666667,0.525862069,0.086206897,0.051724138,0.948275862,0.8,0.192307692,0.007692308,LOW,0,0
41a9f5bf-b42b-4b33-8670-8c0c120ccef4,2026/4/28,816.6,50.2,1185.6,57,69.4,8.366666667,0.197211155,0.237051793,0.007968127,0.992031873,0.779411765,0.213235294,0.007352941,HIGH,0,0.8
41a9f5bf-b42b-4b33-8670-8c0c120ccef4,2026/4/29,2026.166667,87.5,2625,64.5,75.16666667,6.233333333,0.197860963,0.197860963,0.005347594,0.994652406,0.755244755,0.244755245,0,HIGH,0,6.2
41a9f5bf-b42b-4b33-8670-8c0c120ccef4,2026/4/30,1618,98,2574,59.2,70.4,10.43333333,0.252396166,0.249201278,0.006389776,0.993610224,0.765957447,0.219858156,0.014184397,GOOD,0,1.4
41a9f5bf-b42b-4b33-8670-8c0c120ccef4,2026/5/1,2426.2,100.8,3169.8,60.4,81.2,6.916666667,0.224096386,0.161445783,0.053012048,0.946987952,0.696551724,0.303448276,0,GOOD,0,0.783333333
41a9f5bf-b42b-4b33-8670-8c0c120ccef4,2026/5/2,493.75,44.75,1135,59.25,74,9.043888889,0.197186559,0.307082745,0,1,0.789473684,0.203007519,0.007518797,HIGH,0,1.166666667
41a9f5bf-b42b-4b33-8670-8c0c120ccef4,2026/5/3,447.6,30.4,625,61.2,77.6,7.789722222,0.119815997,0.253289591,0.085582855,0.914417145,0.758865248,0.226950355,0.014184397,HIGH,0,0.75
41a9f5bf-b42b-4b33-8670-8c0c120ccef4,2026/5/4,2802.666667,124.6666667,3181.833333,59.66666667,77.83333333,4.45,0.31835206,0.153558052,0,1,0.723404255,0.269503546,0.007092199,GOOD,0,0
41a9f5bf-b42b-4b33-8670-8c0c120ccef4,2026/5/5,1585.5,98.5,1795,59.25,75.25,8.333333333,0.074,0.37,0.008,0.992,0.807692308,0.184615385,0.007692308,LOW,0,2.566666667
41a9f5bf-b42b-4b33-8670-8c0c120ccef4,2026/5/6,1239.5,41.66666667,1557.333333,62.33333333,76.83333333,4.2,0.23015873,0.138888889,0.123015873,0.876984127,0.759398496,0.233082707,0.007518797,LOW,0,0
41a9f5bf-b42b-4b33-8670-8c0c120ccef4,2026/5/7,1726.285714,114.8571429,1830,60.14285714,75.57142857,9.016666667,0.182994455,0.316081331,0.029574861,0.970425139,0.787234043,0.19858156,0.014184397,HIGH,0,1.9
41a9f5bf-b42b-4b33-8670-8c0c120ccef4,2026/5/8,5054.6,242.2,4889,61.4,82.6,8.3,0.299993531,0.20705753,0.002673797,0.997326203,0.709459459,0.283783784,0.006756757,VERY_LOW,0,3.4
41a9f5bf-b42b-4b33-8670-8c0c120ccef4,2026/5/10,1298.5,49,1610,63.16666667,72,8.816666667,0.098298677,0.29489603,0.007561437,0.992438563,0.784286699,0.215713301,0,HIGH,0,2.666666667
502cc81e-5f40-4969-8d11-4da7e77d4dce,2026/3/10,5894,157,6363,58,73,8.283333333,0.167002012,0.197183099,0.064386318,0.935613682,0.73880597,0.26119403,0,HIGH,0,0
502cc81e-5f40-4969-8d11-4da7e77d4dce,2026/3/11,3889,91,4751.5,54,67.5,6.882222222,0.169518889,0.273651921,0.033903778,0.966096222,0.79338843,0.20661157,0,HIGH,0,0
502cc81e-5f40-4969-8d11-4da7e77d4dce,2026/3/12,175,1,285,63,77,7.55,0.187637969,0.150110375,0.06401766,0.93598234,0.96,0.03,0.01,HIGH,0,0
502cc81e-5f40-4969-8d11-4da7e77d4dce,2026/3/14,189,1.333333333,260,62,71.5,9.210277778,0.112193504,0.146575384,0.056096752,0.943903248,0.880733945,0.119266055,0,HIGH,0,0
502cc81e-5f40-4969-8d11-4da7e77d4dce,2026/3/15,1463.166667,32.66666667,1643.333333,46,67.33333333,7.816666667,0.149253731,0.270788913,0.029850746,0.970149254,0.829059829,0.170940171,0,HIGH,0,0
502cc81e-5f40-4969-8d11-4da7e77d4dce,2026/3/17,5462.5,169.5,6183,59,74,7.916666667,0.195789474,0.138947368,0.075789474,0.924210526,0.819672131,0.180327869,0,HIGH,0,0
502cc81e-5f40-4969-8d11-4da7e77d4dce,2026/3/18,3679.666667,109.6666667,4390.333333,59,72.33333333,6.755833333,0.202294314,0.183421734,0.017269027,0.982730973,0.76119403,0.201492537,0.037313433,GOOD,0,0
502cc81e-5f40-4969-8d11-4da7e77d4dce,2026/3/19,1636.5,49.75,2705,68.66666667,84,8.15,0.161554192,0.280163599,0.038854806,0.961145194,0.808333333,0.191666667,0,GOOD,0,1.4
502cc81e-5f40-4969-8d11-4da7e77d4dce,2026/3/21,5.333333333,0,40,60,61.5,9.016666667,0.146025878,0.260628466,0.003696858,0.996303142,0.989690722,0.010309278,0,GOOD,0,0
502cc81e-5f40-4969-8d11-4da7e77d4dce,2026/3/22,151,5.333333333,258.3333333,58,65,7.166666667,0.104651163,0.262790698,0.002325581,0.997674419,0.890909091,0.109090909,0,GOOD,0,0
502cc81e-5f40-4969-8d11-4da7e77d4dce,2026/3/25,4036.666667,137.3333333,3993.333333,67.5,81.5,7.566666667,0.147577093,0.107929515,0.101321586,0.898678414,0.795275591,0.204724409,0,HIGH,0,0
502cc81e-5f40-4969-8d11-4da7e77d4dce,2026/3/27,302.5,6.5,395,59,65,8.216666667,0.162271805,0.269776876,0.026369168,0.973630832,0.776,0.216,0.008,HIGH,0,0
502cc81e-5f40-4969-8d11-4da7e77d4dce,2026/3/29,2137.2,53.2,2008.6,59.6,67.4,7.4,0.148648649,0.171171171,0.063063063,0.936936937,0.751937984,0.248062016,0,HIGH,0,0
502cc81e-5f40-4969-8d11-4da7e77d4dce,2026/4/2,255.6666667,15,481,59,69.33333333,5.588888889,0.256461233,0.092445328,0.011928429,0.988071571,0.846153846,0.136752137,0.017094017,GOOD,0,0
502cc81e-5f40-4969-8d11-4da7e77d4dce,2026/4/3,3825.8,149.8,4859.6,61,73,6.6,0.166666667,0.126262626,0.037878788,0.962121212,0.781954887,0.218045113,0,LOW,0,2.966666667
502cc81e-5f40-4969-8d11-4da7e77d4dce,2026/4/8,2204,58,2758.333333,56,66,6.166666667,0.210810811,0.254054054,0.021621622,0.978378378,0.782945736,0.217054264,0,GOOD,0,0
502cc81e-5f40-4969-8d11-4da7e77d4dce,2026/4/10,3513,110,4796,52,69,5.366666667,0.242236025,0.220496894,0.00621118,0.99378882,0.746268657,0.231343284,0.02238806,GOOD,0,0
502cc81e-5f40-4969-8d11-4da7e77d4dce,2026/4/15,4642.666667,169.3333333,5394.666667,56,71.66666667,6.5,0.212820513,0.269230769,0.030769231,0.969230769,0.801587302,0.19047619,0.007936508,GOOD,0,0
502cc81e-5f40-4969-8d11-4da7e77d4dce,2026/4/21,5182,269,5354,57,76,7.898055556,0.166707699,0.221327331,0.042204481,0.957795519,0.795620438,0.182481752,0.02189781,GOOD,0,0.666666667
502cc81e-5f40-4969-8d11-4da7e77d4dce,2026/4/22,5108,169,6230,59,75,5.970972222,0.232439297,0.239981467,0.007389163,0.992610837,0.770992366,0.229007634,0,HIGH,0,0
502cc81e-5f40-4969-8d11-4da7e77d4dce,2026/4/24,304,3,405,58,67,7.816666667,0.198294243,0.213219616,0.019189765,0.980810235,0.905660377,0.075471698,0.018867925,HIGH,0,0
502cc81e-5f40-4969-8d11-4da7e77d4dce,2026/4/26,176,4,465,56,72,7.783333333,0.162740899,0.314775161,0.051391863,0.948608137,0.905660377,0.075471698,0.018867925,GOOD,0,0
502cc81e-5f40-4969-8d11-4da7e77d4dce,2026/4/27,5321,105,6078,48,66,3.083333333,0.313513514,0,0.064864865,0.935135135,0.76984127,0.222222222,0.007936508,LOW,0,0
502cc81e-5f40-4969-8d11-4da7e77d4dce,2026/4/29,2610.5,83.83333333,3277.666667,58.33333333,69.33333333,4.591111111,0.203291384,0.148838335,0.014520813,0.985479187,0.726618705,0.244604317,0.028776978,LOW,0,1.9
502cc81e-5f40-4969-8d11-4da7e77d4dce,2026/4/30,5514,167.25,5945.25,60,74,7.333333333,0.102272727,0.195454545,0.061363636,0.938636364,0.746153846,0.246153846,0.007692308,GOOD,0,0
502cc81e-5f40-4969-8d11-4da7e77d4dce,2026/5/1,193.3333333,2.333333333,375,60,65,2.366666667,0.429577465,0.246478873,0,1,0.849557522,0.150442478,0,HIGH,0,0
502cc81e-5f40-4969-8d11-4da7e77d4dce,2026/5/2,63.66666667,0.666666667,120,61,71.5,3.616666667,0.258064516,0.050691244,0.562211982,0.437788018,0.96,0.04,0,HIGH,0,0
502cc81e-5f40-4969-8d11-4da7e77d4dce,2026/5/3,230.25,7.5,373.75,58.25,66,3.596666667,0.259499537,0.165894347,0,1,0.788617886,0.211382114,0,HIGH,0,0
502cc81e-5f40-4969-8d11-4da7e77d4dce,2026/5/4,3061.25,78.75,3509.5,55,65.75,6.883333333,0.239709443,0.0968523,0.03874092,0.96125908,0.79338843,0.20661157,0,HIGH,0,0
502cc81e-5f40-4969-8d11-4da7e77d4dce,2026/5/6,5006,231.5,5903,54,71,7.816666667,0.213219616,0.147121535,0.023454158,0.976545842,0.803149606,0.196850394,0,HIGH,0,0
502cc81e-5f40-4969-8d11-4da7e77d4dce,2026/5/9,314.3333333,5,460,52,60,7.383333333,0.158013544,0.270880361,0.022573363,0.977426637,0.842105263,0.157894737,0,HIGH,0,0
5155bd6d-e69b-4e9a-882a-e325d979de47,2026/3/10,1761.875,56.75,2068.75,57.57142857,67.42857143,7.516666667,0.175166297,0.277161863,0.019955654,0.980044346,0.776119403,0.21641791,0.007462687,HIGH,0,0
5155bd6d-e69b-4e9a-882a-e325d979de47,2026/3/11,3410.625,84.5,3562.5,60.5,73.75,3.45,0.265700483,0.053140097,0.009661836,0.990338164,0.739130435,0.260869565,0,HIGH,0,0
5155bd6d-e69b-4e9a-882a-e325d979de47,2026/3/12,1509,47.16666667,1914.5,57,65,9.95,0.234505863,0.293132328,0.001675042,0.998324958,0.775193798,0.224806202,0,GOOD,0,2.166666667
5155bd6d-e69b-4e9a-882a-e325d979de47,2026/3/13,3331.714286,98.57142857,3262.571429,56,69,5.79,0.218767991,0.178468624,0.066206102,0.933793898,0.739130435,0.253623188,0.007246377,HIGH,0,0
5155bd6d-e69b-4e9a-882a-e325d979de47,2026/3/14,908.75,30.625,965.875,55.83333333,67.5,4.566666667,0.295620438,0.058394161,0.040145985,0.959854015,0.826446281,0.173553719,0,HIGH,0,2.833333333
5155bd6d-e69b-4e9a-882a-e325d979de47,2026/3/15,5082.285714,208.4285714,6115.714286,59.42857143,73.57142857,6.016666667,0.163434903,0.193905817,0.011080332,0.988919668,0.746666667,0.253333333,0,HIGH,0,12.73333333
5155bd6d-e69b-4e9a-882a-e325d979de47,2026/3/16,3860.5,117,4080,54,71.5,7.9,0.261603376,0.194092827,0.061181435,0.938818565,0.826446281,0.173553719,0,HIGH,0,1.8
5155bd6d-e69b-4e9a-882a-e325d979de47,2026/3/17,2224.666667,65,2640,58,67.4,7.05,0.144208038,0.094562648,0.165484634,0.834515366,0.801587302,0.198412698,0,HIGH,0,1.566666667
5155bd6d-e69b-4e9a-882a-e325d979de47,2026/3/18,3064.3,108.5,3196.6,59,72.55555556,3.483333333,0.368421053,0,0.038277512,0.961722488,0.77443609,0.218045113,0.007518797,HIGH,0,0
5155bd6d-e69b-4e9a-882a-e325d979de47,2026/3/19,1892.833333,73.83333333,3005,57,68.4,8.416666667,0.152475248,0.221782178,0.128712871,0.871287129,0.76119403,0.223880597,0.014925373,HIGH,0,2.066666667
5155bd6d-e69b-4e9a-882a-e325d979de47,2026/3/20,3139.5,108,3409.666667,61,72.33333333,6.8225,0.266275803,0.181629412,0.007328692,0.992671308,0.722222222,0.263888889,0.013888889,GOOD,0,3.133333333
5155bd6d-e69b-4e9a-882a-e325d979de47,2026/3/21,3030.875,76.375,3657,58,74.875,4.683333333,0.302491103,0.096085409,0,1,0.748148148,0.251851852,0,HIGH,0,5.9
5155bd6d-e69b-4e9a-882a-e325d979de47,2026/3/22,5104.75,195.5,5908.125,60.5,72.625,6.55,0.198473282,0.134860051,0.053435115,0.946564885,0.737179487,0.262820513,0,HIGH,0,10.16666667
5155bd6d-e69b-4e9a-882a-e325d979de47,2026/3/23,2252.333333,133.5,2427,61.16666667,72.83333333,6.766666667,0.142857143,0.219211823,0.004926108,0.995073892,0.809859155,0.190140845,0,GOOD,0,3.4
5155bd6d-e69b-4e9a-882a-e325d979de47,2026/3/24,1899.333333,89,2295.666667,60,71.2,8.05,0.132505176,0.192546584,0.002070393,0.997929607,0.767605634,0.225352113,0.007042254,HIGH,0,1.233333333
5155bd6d-e69b-4e9a-882a-e325d979de47,2026/3/25,2850.777778,117,2994.111111,60,74.5,3.716666667,0.282511211,0.107623318,0.013452915,0.986547085,0.758389262,0.234899329,0.006711409,HIGH,0,2.866666667
5155bd6d-e69b-4e9a-882a-e325d979de47,2026/3/26,2194.5,130.75,2433.125,61.25,78.25,7.45,0.261744966,0.219239374,0.022371365,0.977628635,0.771428571,0.228571429,0,GOOD,0,0
5155bd6d-e69b-4e9a-882a-e325d979de47,2026/3/27,1502.5,100.875,2220.875,61,71.42857143,7.333333333,0.131818182,0.206818182,0.006818182,0.993181818,0.791666667,0.208333333,0,HIGH,0,4.033333333
5155bd6d-e69b-4e9a-882a-e325d979de47,2026/3/28,7930,362,11111,62,82,5.233333333,0.200636943,0.171974522,0.105095541,0.894904459,0.744827586,0.255172414,0,GOOD,0,2.55
5155bd6d-e69b-4e9a-882a-e325d979de47,2026/3/29,12776,523,15302,62,85,6.116666667,0.198910082,0.108991826,0.005449591,0.994550409,0.725609756,0.274390244,0,GOOD,0,3.9
5155bd6d-e69b-4e9a-882a-e325d979de47,2026/3/30,4587,287,5619,63,80,7.616666667,0.20131291,0.168490153,0.09190372,0.90809628,0.834532374,0.165467626,0,HIGH,0,0.833333333
5155bd6d-e69b-4e9a-882a-e325d979de47,2026/3/31,4252,228.8,5068.8,60,76,8.7,0.149425287,0.22605364,0.005747126,0.994252874,0.795620438,0.189781022,0.01459854,GOOD,0,6.6
5155bd6d-e69b-4e9a-882a-e325d979de47,2026/4/1,2257.375,48.375,2644.625,61.28571429,71.14285714,6.6,0.181818182,0.217171717,0.007575758,0.992424242,0.657894737,0.302631579,0.039473684,HIGH,0,0
5155bd6d-e69b-4e9a-882a-e325d979de47,2026/4/2,2549.222222,85.55555556,3263.333333,55,68.42857143,7.2,0.203703704,0.231481481,0.055555556,0.944444444,0.723404255,0.269503546,0.007092199,GOOD,0,4.2
5155bd6d-e69b-4e9a-882a-e325d979de47,2026/4/3,7161.727273,389.8181818,10647,64,79.36363636,7.783333333,0.143468951,0.197002141,0.034261242,0.965738758,0.695652174,0.298136646,0.00621118,GOOD,0,11.6
5155bd6d-e69b-4e9a-882a-e325d979de47,2026/4/4,4434.363636,108.6363636,4754.636364,54.90909091,67.54545455,6.631111111,0.243800268,0.190683646,0.002513405,0.997486595,0.699300699,0.27972028,0.020979021,HIGH,0,2.9
5155bd6d-e69b-4e9a-882a-e325d979de47,2026/4/5,4127.111111,125.7777778,5262.777778,58.875,72.125,5.816666667,0.194842407,0.194842407,0,1,0.73381295,0.26618705,0,GOOD,0,5.666666667
5155bd6d-e69b-4e9a-882a-e325d979de47,2026/4/6,1924.571429,40.71428571,2806.428571,55.42857143,64.42857143,5.966666667,0.298882682,0.175977654,0,1,0.71942446,0.28057554,0,HIGH,0,0
5155bd6d-e69b-4e9a-882a-e325d979de47,2026/4/7,1887.833333,61.33333333,2325,58,66.6,6.266666667,0.210106383,0.138297872,0.093085106,0.906914894,0.719626168,0.280373832,0,HIGH,0,0.9
5155bd6d-e69b-4e9a-882a-e325d979de47,2026/4/8,4307.555556,117.8888889,4408.888889,54.77777778,76.66666667,4.333333333,0.265384615,0.165384615,0.026923077,0.973076923,0.732394366,0.267605634,0,GOOD,0,0
5155bd6d-e69b-4e9a-882a-e325d979de47,2026/4/9,2397.875,125.875,2933,57,68.14285714,9.033333333,0.232472325,0.145756458,0.064575646,0.935424354,0.742857143,0.25,0.007142857,GOOD,0,0
5155bd6d-e69b-4e9a-882a-e325d979de47,2026/4/10,4083.5,178.3333333,4936.666667,55,70.8,6.55,0.122137405,0.160305344,0.058524173,0.941475827,0.713333333,0.286666667,0,GOOD,0,0
5155bd6d-e69b-4e9a-882a-e325d979de47,2026/4/11,3490.714286,92.57142857,4756,56.57142857,75.57142857,2.8,0.541666667,0,0.017857143,0.982142857,0.653846154,0.333333333,0.012820513,GOOD,0,0
5155bd6d-e69b-4e9a-882a-e325d979de47,2026/4/13,608.75,27.5,692.5,59,67,7.666666667,0.102173913,0.219565217,0.076086957,0.923913043,0.837606838,0.153846154,0.008547009,HIGH,0,0
5155bd6d-e69b-4e9a-882a-e325d979de47,2026/4/14,2106,89.4,2859.2,54,66.6,8.016666667,0.112266112,0.293139293,0.024948025,0.975051975,0.760273973,0.232876712,0.006849315,HIGH,0,3.666666667
5155bd6d-e69b-4e9a-882a-e325d979de47,2026/4/15,2610.857143,60.57142857,3079.285714,54,69.16666667,7.108333333,0.248363794,0.14279058,0.052206892,0.947793108,0.751879699,0.240601504,0.007518797,GOOD,0,1.5
5155bd6d-e69b-4e9a-882a-e325d979de47,2026/4/18,2073.857143,48.14285714,2446.714286,55,68.83333333,5.916666667,0.256338028,0.281690141,0,1,0.8,0.2,0,HIGH,0,1.466666667
5155bd6d-e69b-4e9a-882a-e325d979de47,2026/4/20,1747.428571,96.71428571,2577.857143,55.71428571,69.28571429,5.333333333,0.06875,0.328125,0,1,0.791366906,0.201438849,0.007194245,HIGH,0,2.7
5155bd6d-e69b-4e9a-882a-e325d979de47,2026/4/21,3278,144.5,3577.166667,57.5,72.5,8.6975,0.14371946,0.229951135,0.011497557,0.988502443,0.77037037,0.207407407,0.022222222,GOOD,0,0.816666667
5155bd6d-e69b-4e9a-882a-e325d979de47,2026/4/22,3990.375,186.75,4727.5,61,76.14285714,5.666666667,0.335294118,0.102941176,0.038235294,0.961764706,0.704697987,0.295302013,0,GOOD,0,0
5155bd6d-e69b-4e9a-882a-e325d979de47,2026/4/24,1925.142857,80.14285714,2748.571429,59.42857143,70.71428571,6.616666667,0.118387909,0.183879093,0.002518892,0.997481108,0.756944444,0.222222222,0.020833333,HIGH,0,2.1
5155bd6d-e69b-4e9a-882a-e325d979de47,2026/4/25,4075.333333,115,5290,58,69.4,6.133333333,0.27173913,0.122282609,0,1,0.739130435,0.260869565,0,HIGH,0,3.266666667
5155bd6d-e69b-4e9a-882a-e325d979de47,2026/4/26,2299.714286,106.8571429,3032.142857,63.16666667,79.83333333,2.85,0.315789474,0,0,1,0.792592593,0.207407407,0,HIGH,0,11.16666667
5155bd6d-e69b-4e9a-882a-e325d979de47,2026/4/27,2096,84.42857143,2724.285714,63,77.57142857,3.466666667,0.418269231,0.173076923,0.004807692,0.995192308,0.795454545,0.189393939,0.015151515,HIGH,0,2
5155bd6d-e69b-4e9a-882a-e325d979de47,2026/4/28,4472.5,248.25,4757.5,61,77.5,7.483333333,0.198218263,0.182628062,0,1,0.753521127,0.23943662,0.007042254,GOOD,0,1.733333333
5155bd6d-e69b-4e9a-882a-e325d979de47,2026/4/29,3250.111111,165.8888889,3482.555556,62,78.125,3.933333333,0.343220339,0.055084746,0.012711864,0.987288136,0.753333333,0.24,0.006666667,GOOD,0,0
5155bd6d-e69b-4e9a-882a-e325d979de47,2026/4/30,1191.4,35.8,1529,61,72.33333333,8.466666667,0.151574803,0.159448819,0.013779528,0.986220472,0.785714286,0.206349206,0.007936508,HIGH,0,1.8
5155bd6d-e69b-4e9a-882a-e325d979de47,2026/5/1,2923.545455,201.0909091,3410,58,72.33333333,5.066666667,0.292763158,0.082236842,0.006578947,0.993421053,0.779220779,0.220779221,0,HIGH,0,0
5155bd6d-e69b-4e9a-882a-e325d979de47,2026/5/2,7280.7,421.6,6840.1,60,81,3.616666667,0.262672811,0.115207373,0.092165899,0.907834101,0.724550898,0.269461078,0.005988024,GOOD,0,2.533333333
5155bd6d-e69b-4e9a-882a-e325d979de47,2026/5/3,3944.571429,111.8571429,4745.714286,64,74.83333333,4.616666667,0.23465704,0,0.02166065,0.97833935,0.75,0.25,0,GOOD,0,2.6
5155bd6d-e69b-4e9a-882a-e325d979de47,2026/5/4,405.1428571,32.42857143,512.8571429,59,67,7.216666667,0.224018476,0.15704388,0.016166282,0.983833718,0.88034188,0.11965812,0,HIGH,0,0.933333333
5155bd6d-e69b-4e9a-882a-e325d979de47,2026/5/5,1904.875,179.875,2941.875,62.71428571,78,7.5,0.175555556,0.235555556,0.002222222,0.997777778,0.781021898,0.211678832,0.00729927,GOOD,0,13.86666667
5155bd6d-e69b-4e9a-882a-e325d979de47,2026/5/6,3036.285714,132.4285714,3584,63.57142857,77.14285714,3.8,0.280701754,0.153508772,0.004385965,0.995614035,0.748251748,0.251748252,0,HIGH,0,4.066666667
5155bd6d-e69b-4e9a-882a-e325d979de47,2026/5/7,6079.166667,268,6650,63.2,81.6,6.616666667,0.20906801,0.188916877,0.002518892,0.997481108,0.697368421,0.289473684,0.013157895,GOOD,0,1.55
5155bd6d-e69b-4e9a-882a-e325d979de47,2026/5/8,2233.333333,129.1666667,3119.166667,60.33333333,73.5,9.166666667,0.132727273,0.24,0.025454545,0.974545455,0.769230769,0.216783217,0.013986014,HIGH,0,3.7
5155bd6d-e69b-4e9a-882a-e325d979de47,2026/5/9,2357.571429,69.57142857,2521.714286,60.57142857,68.14285714,8.466111111,0.149616117,0.226392808,0.001968633,0.998031367,0.837398374,0.162601626,0,HIGH,0,2.983333333
5155bd6d-e69b-4e9a-882a-e325d979de47,2026/5/10,532,30.2,677,56,64,5.733333333,0.148255814,0.130813953,0.078488372,0.921511628,0.871024735,0.128975265,0,HIGH,0,0
5423e504-0124-4c34-a563-4ec77d4210bb,2026/3/9,2804,65,2819,60,74,7.016666667,0.337292162,0.2304038,0.038004751,0.961995249,0.886792453,0.113207547,0,HIGH,0,0
5423e504-0124-4c34-a563-4ec77d4210bb,2026/3/11,1049.285714,26.42857143,1191.142857,59,70.28571429,9.9,0.225589226,0.227272727,0.087542088,0.912457912,0.782258065,0.201612903,0.016129032,GOOD,0,0
5423e504-0124-4c34-a563-4ec77d4210bb,2026/3/12,444.6666667,27,673.3333333,57.33333333,68.66666667,6.816666667,0.26405868,0.281173594,0.019559902,0.980440098,0.860869565,0.139130435,0,HIGH,0,0
5423e504-0124-4c34-a563-4ec77d4210bb,2026/3/13,2564,78.33333333,2592.666667,64,76.66666667,8.116666667,0.201232033,0.141683778,0.100616016,0.899383984,0.78358209,0.21641791,0,LOW,0,0
5423e504-0124-4c34-a563-4ec77d4210bb,2026/3/14,4458.833333,120.8333333,5242.5,63.16666667,77.83333333,8.05,0.219461698,0.215320911,0.068322981,0.931677019,0.704225352,0.295774648,0,LOW,0,0
5423e504-0124-4c34-a563-4ec77d4210bb,2026/3/15,724,41.28571429,1097.142857,63.57142857,76.85714286,9.983333333,0.191986644,0.225375626,0.046744574,0.953255426,0.904347826,0.095652174,0,GOOD,0,0
5423e504-0124-4c34-a563-4ec77d4210bb,2026/3/16,1816.333333,58.16666667,1984.666667,62.33333333,73.33333333,5.666666667,0.347058824,0.152941176,0.002941176,0.997058824,0.811023622,0.181102362,0.007874016,GOOD,0,1.066666667
5423e504-0124-4c34-a563-4ec77d4210bb,2026/3/17,1324,69.4,1610.4,64.2,77.8,5.8825,0.28332625,0.1586627,0.039665675,0.960334325,0.833333333,0.166666667,0,LOW,0,0
5423e504-0124-4c34-a563-4ec77d4210bb,2026/3/18,1721.142857,60.71428571,2011.285714,65.14285714,84,7.05,0.196217494,0.184397163,0.106382979,0.893617021,0.768656716,0.231343284,0,LOW,0,0
5423e504-0124-4c34-a563-4ec77d4210bb,2026/3/19,4955.625,143.125,5049.75,64,78.5,5.15,0.216828479,0.181229773,0,1,0.701298701,0.285714286,0.012987013,LOW,0,0
5423e504-0124-4c34-a563-4ec77d4210bb,2026/3/20,4060.875,122.25,4935.625,65.25,78.5,6.583333333,0.202531646,0.146835443,0.032911392,0.967088608,0.684931507,0.301369863,0.01369863,LOW,0,0
5423e504-0124-4c34-a563-4ec77d4210bb,2026/3/22,4984.9,148.7,5708.6,63.5,79.4,6.633333333,0.251256281,0.130653266,0.075376884,0.924623116,0.664596273,0.322981366,0.01242236,LOW,0,0
5423e504-0124-4c34-a563-4ec77d4210bb,2026/3/23,1159.2,45.8,1242.8,65,75,6.966666667,0.248803828,0.155502392,0.016746411,0.983253589,0.845528455,0.146341463,0.008130081,LOW,0,0
5423e504-0124-4c34-a563-4ec77d4210bb,2026/3/24,1354.285714,60.42857143,1892.142857,63.85714286,77.42857143,9.716666667,0.185248714,0.135506003,0.066895369,0.933104631,0.798449612,0.131782946,0.069767442,HIGH,0,0
5423e504-0124-4c34-a563-4ec77d4210bb,2026/3/25,1110.125,32.875,1361.25,63.5,74.875,7.75,0.111827957,0.27311828,0.070967742,0.929032258,0.776923077,0.215384615,0.007692308,LOW,0,0
5423e504-0124-4c34-a563-4ec77d4210bb,2026/3/26,3332,67.5,3564,61.71428571,72.14285714,5.966666667,0.30726257,0.237430168,0.002793296,0.997206704,0.731884058,0.268115942,0,HIGH,0,0
5423e504-0124-4c34-a563-4ec77d4210bb,2026/3/27,1548.833333,28.66666667,2189.666667,59.33333333,66.83333333,7.75,0.232258065,0.230107527,0.092473118,0.907526882,0.692857143,0.3,0.007142857,HIGH,0,0
5423e504-0124-4c34-a563-4ec77d4210bb,2026/3/28,660.2,15,1120.8,56,65.6,5.766666667,0.257225434,0.063583815,0.092485549,0.907514451,0.731343284,0.26119403,0.007462687,HIGH,0,0
5423e504-0124-4c34-a563-4ec77d4210bb,2026/3/29,1407.142857,23,1515.714286,57.28571429,68,6.916666667,0.245783133,0.195180723,0.053012048,0.946987952,0.713235294,0.264705882,0.022058824,GOOD,0,0
5423e504-0124-4c34-a563-4ec77d4210bb,2026/3/30,179.75,4.75,431.25,60.75,69.25,8.533333333,0.08203125,0.07421875,0.2109375,0.7890625,0.842105263,0.149122807,0.00877193,HIGH,0,0
5423e504-0124-4c34-a563-4ec77d4210bb,2026/3/31,767.3333333,25.16666667,1018.333333,58,69.5,5.75,0.315942029,0.15942029,0.055072464,0.944927536,0.744360902,0.248120301,0.007518797,HIGH,0,0
5423e504-0124-4c34-a563-4ec77d4210bb,2026/4/1,1106.75,15.75,1222.5,57,68.75,7.816666667,0.279317697,0.176972281,0.049040512,0.950959488,0.7578125,0.2265625,0.015625,HIGH,0,0
5423e504-0124-4c34-a563-4ec77d4210bb,2026/4/2,1205.333333,46.33333333,1791.666667,59.66666667,77.66666667,8.25,0.250505051,0.202020202,0.048484848,0.951515152,0.770992366,0.221374046,0.007633588,GOOD,0,0
5423e504-0124-4c34-a563-4ec77d4210bb,2026/4/3,791.5,27.66666667,1323.333333,57.83333333,70.83333333,7.916666667,0.143157895,0.275789474,0.023157895,0.976842105,0.714285714,0.271428571,0.014285714,GOOD,0,0
5423e504-0124-4c34-a563-4ec77d4210bb,2026/4/4,2395.333333,54.33333333,3175.333333,59.5,72.5,5.458055556,0.259555194,0.195429793,0.006107181,0.993892819,0.664473684,0.328947368,0.006578947,GOOD,0,0
5423e504-0124-4c34-a563-4ec77d4210bb,2026/4/5,688.5,54.33333333,1211.666667,60.33333333,70.5,5.766666667,0.202312139,0.228323699,0.020231214,0.979768786,0.79389313,0.198473282,0.007633588,HIGH,0,1.366666667
5423e504-0124-4c34-a563-4ec77d4210bb,2026/4/6,1951.5,78.375,2480.75,58.5,71.75,7.65,0.204793028,0.187363834,0.065359477,0.934640523,0.702531646,0.291139241,0.006329114,LOW,0,2.25
5423e504-0124-4c34-a563-4ec77d4210bb,2026/4/7,1122.666667,147.5,1707.5,57.83333333,71,9.683333333,0.215146299,0.316695353,0.104991394,0.895008606,0.812030075,0.180451128,0.007518797,GOOD,0,2.55
5423e504-0124-4c34-a563-4ec77d4210bb,2026/4/8,1556.428571,48.71428571,1769.571429,57.71428571,70.28571429,9.216666667,0.198915009,0.240506329,0.050632911,0.949367089,0.79389313,0.198473282,0.007633588,HIGH,0,0
5423e504-0124-4c34-a563-4ec77d4210bb,2026/4/9,3346.375,218.75,3777.625,58.5,75.75,6.6,0.199494949,0.176767677,0.025252525,0.974747475,0.751677852,0.241610738,0.006711409,LOW,0,8.933333333
5423e504-0124-4c34-a563-4ec77d4210bb,2026/4/10,6669.833333,295.25,6195,59.5,78.83333333,6.15,0.243902439,0.211382114,0.119241192,0.880758808,0.72327044,0.270440252,0.006289308,LOW,0.595277778,0
5423e504-0124-4c34-a563-4ec77d4210bb,2026/4/11,3265.8,112.5,3613.8,62,77.1,6.681111111,0.329286546,0.179610843,0.114751372,0.885248628,0.735483871,0.264516129,0,LOW,0,0
5423e504-0124-4c34-a563-4ec77d4210bb,2026/4/12,2524.5,74.3,2610.4,62.11111111,75.22222222,7.133333333,0.303738318,0.207943925,0.063084112,0.936915888,0.781021898,0.211678832,0.00729927,GOOD,0,0
5423e504-0124-4c34-a563-4ec77d4210bb,2026/4/13,3167,104.6666667,2983.333333,62.16666667,76.16666667,4.266666667,0.2578125,0.203125,0.0234375,0.9765625,0.804347826,0.195652174,0,LOW,0,0.933333333
5423e504-0124-4c34-a563-4ec77d4210bb,2026/4/14,1793.75,78.375,2747.25,63.375,81.5,7.533333333,0.192477876,0.181415929,0.084070796,0.915929204,0.766666667,0.22,0.013333333,LOW,0,0
5423e504-0124-4c34-a563-4ec77d4210bb,2026/4/15,1397.857143,54.14285714,1736.714286,57.57142857,68.57142857,9.083333333,0.185321101,0.280733945,0.040366972,0.959633028,0.787878788,0.212121212,0,HIGH,0,0
5423e504-0124-4c34-a563-4ec77d4210bb,2026/4/16,1791.142857,39.42857143,2217.571429,60.71428571,73.28571429,6.033333333,0.243093923,0.151933702,0.124309392,0.875690608,0.78125,0.21875,0,GOOD,0,0
5423e504-0124-4c34-a563-4ec77d4210bb,2026/4/17,988.6666667,28.16666667,1551.833333,59.83333333,75.16666667,8.866666667,0.159774436,0.261278195,0.028195489,0.971804511,0.836065574,0.163934426,0,HIGH,0,0
5423e504-0124-4c34-a563-4ec77d4210bb,2026/4/18,272,8.2,433,60.8,70.8,8.683333333,0.201535509,0.272552783,0.028790787,0.971209213,0.876106195,0.115044248,0.008849558,HIGH,0,0
5423e504-0124-4c34-a563-4ec77d4210bb,2026/4/19,2975.6,134.5,3271.1,56.8,74.2,8.3,0.09437751,0.248995984,0.06626506,0.93373494,0.807407407,0.185185185,0.007407407,GOOD,0,2.8
5423e504-0124-4c34-a563-4ec77d4210bb,2026/4/20,1716.333333,44.16666667,2028.333333,58.83333333,75.83333333,6.233333333,0.197860963,0.29144385,0.002673797,0.997326203,0.795275591,0.204724409,0,LOW,0,0
5423e504-0124-4c34-a563-4ec77d4210bb,2026/4/21,2431.333333,62.5,3333.333333,57.5,69.66666667,7.816666667,0.194029851,0.15565032,0.0554371,0.9445629,0.709459459,0.27027027,0.02027027,HIGH,0,0
5423e504-0124-4c34-a563-4ec77d4210bb,2026/4/22,3220.111111,77,3432.888889,55.77777778,71.33333333,5.366666667,0.310559006,0.161490683,0.086956522,0.913043478,0.776923077,0.215384615,0.007692308,GOOD,0,2.9
5423e504-0124-4c34-a563-4ec77d4210bb,2026/4/23,1785,64.71428571,2211.714286,53.28571429,66.85714286,7.15,0.156177156,0.24009324,0.006993007,0.993006993,0.762589928,0.230215827,0.007194245,HIGH,0,1.966666667
5423e504-0124-4c34-a563-4ec77d4210bb,2026/4/24,4625,92.5,4770.5,56,72.5,8.866666667,0.191729323,0.218045113,0.110902256,0.889097744,0.739130435,0.253623188,0.007246377,GOOD,0,0
5423e504-0124-4c34-a563-4ec77d4210bb,2026/4/25,1663.4,34.2,2192,57.4,70.2,9.033333333,0.193726937,0.156826568,0.125461255,0.874538745,0.78125,0.21875,0,HIGH,0,2.266666667
5423e504-0124-4c34-a563-4ec77d4210bb,2026/4/26,3167.25,129.125,3161.5,56.5,71.25,7.816666667,0.181236674,0.119402985,0.044776119,0.955223881,0.794326241,0.19858156,0.007092199,GOOD,0,6.6
5423e504-0124-4c34-a563-4ec77d4210bb,2026/4/27,2143.333333,46.83333333,2437.333333,53.16666667,68.83333333,5,0.32,0.29,0.013333333,0.986666667,0.801587302,0.182539683,0.015873016,HIGH,0,0
5423e504-0124-4c34-a563-4ec77d4210bb,2026/4/28,5579.125,340,6595.5,55.5,78.5,7.183333333,0.146171694,0.329466357,0.113689095,0.886310905,0.738372093,0.255813953,0.005813953,GOOD,0,13.11666667
5423e504-0124-4c34-a563-4ec77d4210bb,2026/4/30,4116.714286,107.4285714,4684,60,77.42857143,5.366666667,0.347826087,0.167701863,0.183229814,0.816770186,0.714285714,0.278911565,0.006802721,LOW,0,0
5423e504-0124-4c34-a563-4ec77d4210bb,2026/5/1,2356.5,55,3139.5,59,74,7.116666667,0.24824356,0.154566745,0.175644028,0.824355972,0.763358779,0.236641221,0,LOW,0,0.55
5423e504-0124-4c34-a563-4ec77d4210bb,2026/5/2,8991,231.8,9197.6,56,75.4,6.383333333,0.224543081,0.25848564,0.018276762,0.981723238,0.684848485,0.309090909,0.006060606,LOW,0,1.066666667
5423e504-0124-4c34-a563-4ec77d4210bb,2026/5/3,860.1666667,26.66666667,1364.5,57.66666667,74.16666667,8.4,0.248015873,0.319444444,0,1,0.855932203,0.144067797,0,LOW,0,0
5423e504-0124-4c34-a563-4ec77d4210bb,2026/5/4,2386.4,45.6,2384,57.8,69.8,6.233333333,0.288770053,0.243315508,0,1,0.833333333,0.166666667,0,GOOD,0,0
5423e504-0124-4c34-a563-4ec77d4210bb,2026/5/5,2168,43.8,3033.4,57.2,74.4,5.8,0.244252874,0.201149425,0.074712644,0.925287356,0.684931507,0.294520548,0.020547945,HIGH,0,0
5423e504-0124-4c34-a563-4ec77d4210bb,2026/5/6,598,7.75,834.5,58,69,9.216666667,0.168173599,0.169981917,0.007233273,0.992766727,0.761904762,0.222222222,0.015873016,HIGH,0,0.55
5423e504-0124-4c34-a563-4ec77d4210bb,2026/5/7,1033.285714,20.42857143,1471.142857,52.14285714,66.85714286,5.433333333,0.159509202,0.233128834,0.067484663,0.932515337,0.699300699,0.27972028,0.020979021,HIGH,0,1.75
5423e504-0124-4c34-a563-4ec77d4210bb,2026/5/8,544.8,13.8,707.4,57.6,68.8,8.033333333,0.228215768,0.244813278,0.031120332,0.968879668,0.823529412,0.176470588,0,GOOD,0,0
5423e504-0124-4c34-a563-4ec77d4210bb,2026/5/9,1508.6,18.2,1774.6,56,69,8.1,0.187242798,0.230452675,0.055555556,0.944444444,0.715328467,0.270072993,0.01459854,HIGH,0,1.933333333
7bbfb43f-35dd-4bdb-9232-f39aa5568818,2026/3/21,3554,55.25,2825.75,67,80.25,9.483333333,0.20913884,0.314586995,0.003514938,0.996485062,0.666666667,0.30952381,0.023809524,HIGH,0,0
7bbfb43f-35dd-4bdb-9232-f39aa5568818,2026/3/23,3505.428571,91.28571429,3626,64,77.4,8.445555556,0.157873964,0.303381134,0.015787396,0.984212604,0.718518519,0.266666667,0.014814815,HIGH,0,0
7bbfb43f-35dd-4bdb-9232-f39aa5568818,2026/3/24,2520.857143,66.14285714,2785,57.42857143,65.42857143,8.7,0.212643678,0.356321839,0,1,0.755725191,0.244274809,0,HIGH,0,0
7bbfb43f-35dd-4bdb-9232-f39aa5568818,2026/3/26,1625.6,118,1502.4,58.6,66.2,7.933333333,0.18487395,0.342436975,0,1,0.762237762,0.237762238,0,GOOD,0,0
7bbfb43f-35dd-4bdb-9232-f39aa5568818,2026/3/28,9877,275,8364,57,73,10.21180556,0.129273422,0.35772802,0.001464129,0.998535871,0.761538462,0.238461538,0,HIGH,0,0
7bbfb43f-35dd-4bdb-9232-f39aa5568818,2026/3/29,14967,309,13433,55,72,8.05,0.14699793,0.258799172,0.01863354,0.98136646,0.723880597,0.26119403,0.014925373,HIGH,0,0
7bbfb43f-35dd-4bdb-9232-f39aa5568818,2026/3/30,9811,346,8926,55,73,7.983333333,0.267223382,0.288100209,0.06263048,0.93736952,0.759689922,0.224806202,0.015503876,HIGH,0.015,0
7bbfb43f-35dd-4bdb-9232-f39aa5568818,2026/3/31,6209,249,7649,55,73,8.8,0.149621212,0.295454545,0.007575758,0.992424242,0.741007194,0.258992806,0,GOOD,0,1.433333333
7bbfb43f-35dd-4bdb-9232-f39aa5568818,2026/4/2,3749,88,4530,61,75,8.983333333,0.250463822,0.302411874,0,1,0.776,0.224,0,HIGH,0,0
7bbfb43f-35dd-4bdb-9232-f39aa5568818,2026/4/4,9668,206,10499,54,71,8.333333333,0.17,0.314,0.004,0.996,0.738461538,0.261538462,0,HIGH,0,0.5
7bbfb43f-35dd-4bdb-9232-f39aa5568818,2026/4/12,10484,208,11726,58,76,8.6,0.141472868,0.153100775,0.013565891,0.986434109,0.708955224,0.291044776,0,HIGH,0,0
7bbfb43f-35dd-4bdb-9232-f39aa5568818,2026/4/19,2785.5,66.33333333,2400.5,66.75,79.25,8.533333333,0.2734375,0.259765625,0,1,0.818181818,0.173553719,0.008264463,HIGH,0,1.55
7bbfb43f-35dd-4bdb-9232-f39aa5568818,2026/4/26,4219.8,70.8,4208.6,70,80,7.716666667,0.244060475,0.295896328,0.006479482,0.993520518,0.81512605,0.176470588,0.008403361,HIGH,0,0
7bbfb43f-35dd-4bdb-9232-f39aa5568818,2026/4/27,2682,68.83333333,3367.5,56.66666667,65.83333333,8.666666667,0.186538462,0.309615385,0.030769231,0.969230769,0.765625,0.2265625,0.0078125,GOOD,0,0
7bbfb43f-35dd-4bdb-9232-f39aa5568818,2026/5/3,6128,94,5995,69,81,7.666666667,0.3,0.132608696,0,1,0.808333333,0.191666667,0,GOOD,0,0
7bbfb43f-35dd-4bdb-9232-f39aa5568818,2026/5/5,8597,209,9531.666667,68,78.66666667,8.3,0.168674699,0.222891566,0,1,0.744186047,0.248062016,0.007751938,GOOD,0,0
7bbfb43f-35dd-4bdb-9232-f39aa5568818,2026/5/8,2475.444444,91.88888889,2221.555556,71,88.28571429,9.25,0.198198198,0.324324324,0.012612613,0.987387387,0.855932203,0.144067797,0,HIGH,0,5.666666667
7c1d4f6c-65df-45d6-9d99-182b8fa25600,2026/3/10,1192.714286,70.85714286,1855.285714,62,73.42857143,4.333333333,0.408205128,0.179487179,0.002564103,0.997435897,0.805970149,0.186567164,0.007462687,LOW,0,0
7c1d4f6c-65df-45d6-9d99-182b8fa25600,2026/3/11,2920.833333,76.16666667,2867.666667,61.16666667,76.66666667,4.1,0.416883117,0.03030303,0.157359307,0.842640693,0.77443609,0.210526316,0.015037594,VERY_LOW,0,0
7c1d4f6c-65df-45d6-9d99-182b8fa25600,2026/3/13,2578.166667,81.66666667,2720.5,58,67.5,6.65,0.34085213,0.060150376,0.007518797,0.992481203,0.765151515,0.21969697,0.015151515,LOW,0,1.566666667
7c1d4f6c-65df-45d6-9d99-182b8fa25600,2026/3/14,2633.714286,72.28571429,3701.285714,56.14285714,67.71428571,8.383333333,0.26640159,0.182902584,0.059642147,0.940357853,0.712230216,0.273381295,0.014388489,GOOD,0,0
7c1d4f6c-65df-45d6-9d99-182b8fa25600,2026/3/15,757.6,28.6,1391,59.4,68,7.333333333,0.145454545,0.168181818,0.011363636,0.988636364,0.819672131,0.180327869,0,GOOD,0,0.7
7c1d4f6c-65df-45d6-9d99-182b8fa25600,2026/3/16,3576.666667,121.1666667,3983.5,58,72.66666667,3.116666667,0.379679144,0.144385027,0.005347594,0.994652406,0.721088435,0.278911565,0,LOW,0,2.233333333
7c1d4f6c-65df-45d6-9d99-182b8fa25600,2026/3/17,2406.375,179.5,2797.25,61.25,74.75,8.35,0.205588822,0.129740519,0.017964072,0.982035928,0.84057971,0.152173913,0.007246377,LOW,0,4.85
7c1d4f6c-65df-45d6-9d99-182b8fa25600,2026/3/18,2292.4,126,2674.4,63,78.6,9.179583333,0.170979606,0.190690665,0.007293582,0.992706418,0.787671233,0.205479452,0.006849315,LOW,0,0
7c1d4f6c-65df-45d6-9d99-182b8fa25600,2026/3/20,4275,223.0909091,4491.454545,61.45454545,74,5.075,0.322360276,0.03307393,0.00725703,0.99274297,0.736842105,0.263157895,0,LOW,0,0
7c1d4f6c-65df-45d6-9d99-182b8fa25600,2026/3/21,6194.285714,487.5714286,8653.857143,60,80,7.363055556,0.185611348,0.038480401,0.047534613,0.952465387,0.68902439,0.304878049,0.006097561,LOW,0,5.533333333
7c1d4f6c-65df-45d6-9d99-182b8fa25600,2026/3/22,2573,106.5,3878.333333,63.33333333,77.5,6.966666667,0.220095694,0.062200957,0.076555024,0.923444976,0.736111111,0.263888889,0,LOW,0,0
7c1d4f6c-65df-45d6-9d99-182b8fa25600,2026/3/23,3014,151,3853.5,64.4,77.4,6.878611111,0.271372612,0,0.031498607,0.968501393,0.753246753,0.233766234,0.012987013,VERY_LOW,0,2.166666667
7c1d4f6c-65df-45d6-9d99-182b8fa25600,2026/3/24,2380,170,2954.125,65.5,79.875,7,0.204761905,0.088095238,0.080952381,0.919047619,0.766871166,0.226993865,0.006134969,LOW,0,0
7c1d4f6c-65df-45d6-9d99-182b8fa25600,2026/3/25,2083.571429,104,2472.428571,63.42857143,74.85714286,8.583333333,0.291262136,0.159223301,0.027184466,0.972815534,0.733766234,0.25974026,0.006493506,LOW,0,0
7c1d4f6c-65df-45d6-9d99-182b8fa25600,2026/3/26,1506.6,134.4,2148.6,65.4,78,8.925,0.167139884,0.164991171,0.038330634,0.961669366,0.787096774,0.206451613,0.006451613,LOW,0,1.15
7c1d4f6c-65df-45d6-9d99-182b8fa25600,2026/3/28,3314.4,195.4,4676.8,67.2,85.6,7.033333333,0.163507109,0.116113744,0.052132701,0.947867299,0.713375796,0.27388535,0.012738854,VERY_LOW,0,0
7c1d4f6c-65df-45d6-9d99-182b8fa25600,2026/3/29,1975.428571,194,3537.428571,68.14285714,83.28571429,7.833333333,0.20212766,0.010638298,0.021276596,0.978723404,0.779310345,0.206896552,0.013793103,VERY_LOW,0,0
7c1d4f6c-65df-45d6-9d99-182b8fa25600,2026/3/30,3771.666667,450.3333333,4960.666667,69.33333333,86.66666667,7.5,0.104444444,0.091111111,0.024444444,0.975555556,0.75,0.25,0,VERY_LOW,0,0
7c1d4f6c-65df-45d6-9d99-182b8fa25600,2026/3/31,13286,691.6666667,14574.33333,69.33333333,89.33333333,4.666666667,0.25,0,0.067857143,0.932142857,0.668639053,0.325443787,0.00591716,VERY_LOW,0,0
7c1d4f6c-65df-45d6-9d99-182b8fa25600,2026/4/1,2327.833333,162.8333333,2650,66,78.83333333,8.283333333,0.181086519,0.124748491,0.032193159,0.967806841,0.715189873,0.278481013,0.006329114,LOW,0,0
7c1d4f6c-65df-45d6-9d99-182b8fa25600,2026/4/2,4002,149.2857143,4767.857143,65,76.85714286,6.333333333,0.215789474,0,0.005263158,0.994736842,0.689873418,0.278481013,0.03164557,LOW,0,0
7c1d4f6c-65df-45d6-9d99-182b8fa25600,2026/4/3,1243.25,65.5,2234.75,64.25,76.75,6.696388889,0.291201726,0.181150703,0.004977807,0.995022193,0.698717949,0.288461538,0.012820513,LOW,0,0
7c1d4f6c-65df-45d6-9d99-182b8fa25600,2026/4/4,2231,254.1666667,2941.5,66.66666667,81.66666667,6.033333333,0.196132597,0.066298343,0.005524862,0.994475138,0.683333333,0.272222222,0.044444444,LOW,0,0
7c1d4f6c-65df-45d6-9d99-182b8fa25600,2026/4/5,1093.333333,87.66666667,2129.666667,66.66666667,77,11.9,0.116246499,0.282913165,0.00280112,0.99719888,0.753424658,0.239726027,0.006849315,HIGH,0,0
7c1d4f6c-65df-45d6-9d99-182b8fa25600,2026/4/6,2017.2,151.6,3980,65,76.8,6.416666667,0.283116883,0.158441558,0.012987013,0.987012987,0.714285714,0.272727273,0.012987013,LOW,0,0
7c1d4f6c-65df-45d6-9d99-182b8fa25600,2026/4/7,2502.571429,237.7142857,3994.714286,63.85714286,82.28571429,4.616666667,0.379061372,0.137184116,0.003610108,0.996389892,0.741721854,0.225165563,0.033112583,LOW,0,0
7c1d4f6c-65df-45d6-9d99-182b8fa25600,2026/4/8,4566.333333,392.5555556,5554.333333,68,89,5.35,0.202492212,0.087227414,0.018691589,0.981308411,0.692307692,0.291208791,0.016483516,VERY_LOW,0,3.166666667
7c1d4f6c-65df-45d6-9d99-182b8fa25600,2026/4/9,2040.2,175.8,2764.6,67.4,83.6,7.383333333,0.329571106,0.246049661,0,1,0.744186047,0.23255814,0.023255814,LOW,0,0
7c1d4f6c-65df-45d6-9d99-182b8fa25600,2026/4/10,6412.666667,332,7216.333333,60.83333333,77.5,10.19194444,0.18478646,0.246927039,0.011446949,0.988553051,0.714285714,0.263736264,0.021978022,HIGH,0,3.733333333
7c1d4f6c-65df-45d6-9d99-182b8fa25600,2026/4/11,1914.833333,52,2523.833333,63.33333333,73.83333333,10.4,0.155448718,0.227564103,0.020833333,0.979166667,0.73381295,0.237410072,0.028776978,HIGH,0,1.166666667
7c1d4f6c-65df-45d6-9d99-182b8fa25600,2026/4/12,3210.5,102.6666667,4411,62.16666667,77,5.916666667,0.366197183,0.154929577,0,1,0.703225806,0.270967742,0.025806452,LOW,0,2.2
7c1d4f6c-65df-45d6-9d99-182b8fa25600,2026/4/13,3590.125,119.5,4002.875,61.75,78.75,6.283333333,0.299734748,0.100795756,0.00795756,0.99204244,0.707006369,0.286624204,0.006369427,LOW,0,0
7c1d4f6c-65df-45d6-9d99-182b8fa25600,2026/4/14,4331,193.5,4315.5,65.5,80.75,8.516666667,0.215264188,0.199608611,0.007827789,0.992172211,0.785185185,0.2,0.014814815,LOW,0,0
7c1d4f6c-65df-45d6-9d99-182b8fa25600,2026/4/15,2411.666667,103.6666667,3229.333333,65.16666667,79,9.993611111,0.206692013,0.287208921,0.023259753,0.976740247,0.746666667,0.246666667,0.006666667,LOW,0,0
7c1d4f6c-65df-45d6-9d99-182b8fa25600,2026/4/17,4878.125,138.25,5084.25,64.5,81.625,8.666666667,0.253846154,0.209615385,0.028846154,0.971153846,0.730496454,0.262411348,0.007092199,GOOD,0,0
7c1d4f6c-65df-45d6-9d99-182b8fa25600,2026/4/18,5818.888889,186.1111111,6496.222222,66.11111111,79.88888889,6.6,0.396464646,0.214646465,0.005050505,0.994949495,0.689440994,0.304347826,0.00621118,LOW,0,0
7c1d4f6c-65df-45d6-9d99-182b8fa25600,2026/4/19,2662.666667,154.8333333,4308.333333,65.5,79.16666667,10.68333333,0.212168487,0.204368175,0.037441498,0.962558502,0.727891156,0.272108844,0,GOOD,0,0
7c1d4f6c-65df-45d6-9d99-182b8fa25600,2026/4/20,3087.5,103.1,3617.9,63.6,76.3,7.083333333,0.258823529,0.145882353,0.002352941,0.997647059,0.703947368,0.289473684,0.006578947,GOOD,0,0
7c1d4f6c-65df-45d6-9d99-182b8fa25600,2026/4/21,2399.571429,116.5714286,3610,67.14285714,78.28571429,7.566666667,0.242290749,0.171806167,0.024229075,0.975770925,0.705521472,0.27607362,0.018404908,LOW,0,0
7c1d4f6c-65df-45d6-9d99-182b8fa25600,2026/4/22,3544.166667,231,5143.666667,68.16666667,84.66666667,3.233333333,0.505154639,0.056701031,0.015463918,0.984536082,0.730769231,0.269230769,0,VERY_LOW,0,0
7c1d4f6c-65df-45d6-9d99-182b8fa25600,2026/4/23,2646,121.5,3059.166667,65.66666667,76.66666667,8.9,0.31835206,0.284644195,0,1,0.778571429,0.221428571,0,LOW,0,0
7c1d4f6c-65df-45d6-9d99-182b8fa25600,2026/4/24,3128.6,78.9,4028,66.7,76.6,6.033333333,0.339779006,0.171270718,0.038674033,0.961325967,0.718309859,0.281690141,0,LOW,0,0
7c1d4f6c-65df-45d6-9d99-182b8fa25600,2026/4/25,3776.666667,108.1666667,5381,65.83333333,74.83333333,5.25,0.415873016,0.180952381,0.022222222,0.977777778,0.68627451,0.31372549,0,LOW,0,0
7c1d4f6c-65df-45d6-9d99-182b8fa25600,2026/4/26,1806.875,47.125,2306.625,63.875,74.5,6.8,0.234576063,0.149837134,0.03628213,0.96371787,0.775193798,0.209302326,0.015503876,HIGH,0,0
7c1d4f6c-65df-45d6-9d99-182b8fa25600,2026/4/27,3556.571429,73.14285714,3891.857143,63.14285714,74.28571429,7.533333333,0.232300885,0.163716814,0,1,0.716312057,0.283687943,0,HIGH,0,0
7c1d4f6c-65df-45d6-9d99-182b8fa25600,2026/4/28,3375.125,103.75,4608.5,62.875,74.125,5.016666667,0.372278912,0.129591837,0.01079932,0.98920068,0.701986755,0.284768212,0.013245033,GOOD,0,0
7c1d4f6c-65df-45d6-9d99-182b8fa25600,2026/4/29,3455.2,64,4746.6,63.2,72.4,5.966666667,0.360335196,0.189944134,0.108938547,0.891061453,0.685314685,0.300699301,0.013986014,LOW,0,0
7c1d4f6c-65df-45d6-9d99-182b8fa25600,2026/4/30,533,14.66666667,1150.833333,61.16666667,65.83333333,12.11666667,0.147180193,0.309491059,0.039889959,0.960110041,0.803278689,0.180327869,0.016393443,HIGH,0,0
7c1d4f6c-65df-45d6-9d99-182b8fa25600,2026/5/1,2930.333333,60,3284.333333,61.33333333,71.66666667,12.55,0.245683931,0.239043825,0.018592297,0.981407703,0.764705882,0.227941176,0.007352941,GOOD,0,0
7c1d4f6c-65df-45d6-9d99-182b8fa25600,2026/5/2,4240,85,6488,60,74,5.483333333,0.495440729,0.054711246,0.030395137,0.969604863,0.664383562,0.321917808,0.01369863,GOOD,0,0.8
7c1d4f6c-65df-45d6-9d99-182b8fa25600,2026/5/3,4483,95,5029,57,69,10.61666667,0.156985871,0.287284144,0.021978022,0.978021978,0.814516129,0.185483871,0,HIGH,0,0
7c1d4f6c-65df-45d6-9d99-182b8fa25600,2026/5/4,2480.5,42.5,3100.5,53,66.5,3.533333333,0.196473459,0.076766321,0.194630872,0.805369128,0.798387097,0.185483871,0.016129032,HIGH,0,0
7c1d4f6c-65df-45d6-9d99-182b8fa25600,2026/5/5,809,13,1195.625,54.625,64.625,6.666666667,0.31,0.2625,0,1,0.782258065,0.217741935,0,HIGH,0,0
7c1d4f6c-65df-45d6-9d99-182b8fa25600,2026/5/6,3181.571429,94.71428571,3441.571429,54,67,6.95,0.275779376,0.146282974,0.002398082,0.997601918,0.722222222,0.270833333,0.006944444,GOOD,0,0
7c1d4f6c-65df-45d6-9d99-182b8fa25600,2026/5/7,885.25,16.75,1430,56,69,9.233333333,0.288808664,0.220216606,0.010830325,0.989169675,0.682758621,0.289655172,0.027586207,GOOD,0,0
7c1d4f6c-65df-45d6-9d99-182b8fa25600,2026/5/8,2982.833333,44.66666667,3885,54,65.83333333,7.883333333,0.21141649,0.264270613,0.040169133,0.959830867,0.776,0.224,0,HIGH,0,0
7c1d4f6c-65df-45d6-9d99-182b8fa25600,2026/5/9,4164,66,6022.6,54.8,70.2,3.083333333,0.6,0,0,1,0.668965517,0.331034483,0,GOOD,0,0
7c1d4f6c-65df-45d6-9d99-182b8fa25600,2026/5/10,2236.166667,23.83333333,2911.666667,52.83333333,63.5,7.233333333,0.281105991,0.205069124,0.011520737,0.988479263,0.685652875,0.29822676,0.016120365,HIGH,0,0
973a56c5-6f69-4b9c-9106-929e73938ab9,2026/3/16,5558,507,7295,60,85,5.789166667,0.169857492,0.020152584,0.100762919,0.899237081,0.737704918,0.262295082,0,HIGH,0,0
973a56c5-6f69-4b9c-9106-929e73938ab9,2026/3/17,462,37.5,955,62.25,71.25,5.7,0.125730994,0.207602339,0.099415205,0.900584795,0.762962963,0.22962963,0.007407407,GOOD,0,0.883333333
973a56c5-6f69-4b9c-9106-929e73938ab9,2026/3/19,2522.888889,150,2913.333333,60.77777778,73.88888889,6.25,0.005333333,0.266666667,0.002666667,0.997333333,0.743055556,0.256944444,0,HIGH,0,6.533333333
973a56c5-6f69-4b9c-9106-929e73938ab9,2026/3/20,8136.153846,518,8666.461538,63.46153846,84.92307692,3.45,0.178743961,0.082125604,0.048309179,0.951690821,0.662921348,0.320224719,0.016853933,VERY_LOW,0,0
973a56c5-6f69-4b9c-9106-929e73938ab9,2026/3/21,1561.166667,145.4166667,2541.666667,63.83333333,83,4.466666667,0.313432836,0.026119403,0.01119403,0.98880597,0.713414634,0.286585366,0,LOW,0,1.683333333
973a56c5-6f69-4b9c-9106-929e73938ab9,2026/3/23,2982.444444,333.4444444,3648.333333,65.77777778,86.88888889,4.75,0.171929825,0.143859649,0.007017544,0.992982456,0.771084337,0.228915663,0,VERY_LOW,0,0
973a56c5-6f69-4b9c-9106-929e73938ab9,2026/3/24,3085.076923,226.2307692,3934.384615,64.53846154,86.46153846,1.716666667,0.291262136,0,0.203883495,0.796116505,0.73125,0.2625,0.00625,VERY_LOW,0,0
973a56c5-6f69-4b9c-9106-929e73938ab9,2026/3/25,415.3333333,228.3333333,1110,68.33333333,86.66666667,7.05,0.182033097,0.115839243,0.028368794,0.971631206,0.88028169,0.11971831,0,HIGH,0,0
973a56c5-6f69-4b9c-9106-929e73938ab9,2026/3/27,443.3333333,138.6666667,1085,68,91.83333333,7.6,0.206140351,0.087719298,0.048245614,0.951754386,0.896825397,0.103174603,0,LOW,0,0
973a56c5-6f69-4b9c-9106-929e73938ab9,2026/3/29,334.25,75.5,840,68.75,89.5,4.641666667,0.100187266,0.088014981,0.038389513,0.961610487,0.862903226,0.137096774,0,GOOD,0,0
973a56c5-6f69-4b9c-9106-929e73938ab9,2026/4/1,2041.875,175.375,2842.625,61.71428571,77,4.843333333,0.302821748,0,0,1,0.74,0.253333333,0.006666667,LOW,0,8.666666667
973a56c5-6f69-4b9c-9106-929e73938ab9,2026/4/2,2837.8,211.6,3542.2,65,84.2,3.041666667,0.101694915,0.104519774,0.008474576,0.991525424,0.74,0.26,0,LOW,0,0
973a56c5-6f69-4b9c-9106-929e73938ab9,2026/4/3,2659,227.8571429,3583.857143,63.71428571,82.42857143,8.466666667,0.147637795,0.102362205,0.037401575,0.962598425,0.773006135,0.226993865,0,HIGH,0,0
973a56c5-6f69-4b9c-9106-929e73938ab9,2026/4/4,2907.9375,307.8125,4043.375,66,90.875,2.283333333,0.343065693,0,0.02189781,0.97810219,0.753012048,0.240963855,0.006024096,VERY_LOW,0,0
973a56c5-6f69-4b9c-9106-929e73938ab9,2026/4/5,1811,165.25,2287.625,66,93,5.466666667,0.240853659,0.057926829,0.024390244,0.975609756,0.770833333,0.229166667,0,GOOD,0,0
973a56c5-6f69-4b9c-9106-929e73938ab9,2026/4/6,1980.714286,225.7142857,2240.714286,66,87.14285714,6.316666667,0.187335092,0.068601583,0.013192612,0.986807388,0.79245283,0.20754717,0,LOW,0,0
973a56c5-6f69-4b9c-9106-929e73938ab9,2026/4/9,2718.875,377,3868.125,68.25,86.125,5.783333333,0.193083573,0.031700288,0.031700288,0.968299712,0.778409091,0.221590909,0,VERY_LOW,0,6.866666667
973a56c5-6f69-4b9c-9106-929e73938ab9,2026/4/11,2940.75,305.625,4745.25,69.375,90.25,5.95,0.131652661,0.100840336,0.053221289,0.946778711,0.780645161,0.212903226,0.006451613,LOW,0,0
973a56c5-6f69-4b9c-9106-929e73938ab9,2026/4/12,1339.833333,205.1666667,2878.166667,69.16666667,85.5,6.508333333,0.325803213,0.045199595,0.147684724,0.852315276,0.75,0.238636364,0.011363636,VERY_LOW,0,3.483333333
973a56c5-6f69-4b9c-9106-929e73938ab9,2026/4/14,3573.333333,172.2222222,3594.333333,68.44444444,83.77777778,3.525,0.416969697,0.102222222,0.002525253,0.997474747,0.719512195,0.268292683,0.012195122,VERY_LOW,0,0
973a56c5-6f69-4b9c-9106-929e73938ab9,2026/4/16,4271.1,192.8,4741,61.7,80.8,3.975,0.421635712,0.025089606,0.208292603,0.791707397,0.737179487,0.262820513,0,HIGH,0,0
973a56c5-6f69-4b9c-9106-929e73938ab9,2026/4/18,5705.833333,124.625,6394.791667,61.81818182,77.18181818,2.216666667,0.488721805,0,0.007518797,0.992481203,0.671052632,0.322368421,0.006578947,LOW,0,0
973a56c5-6f69-4b9c-9106-929e73938ab9,2026/4/20,1567.272727,161.1818182,2121.272727,62.72727273,78.36363636,4.216666667,0.343873518,0.083003953,0,1,0.810218978,0.189781022,0,GOOD,0,3.266666667
973a56c5-6f69-4b9c-9106-929e73938ab9,2026/4/23,1484.166667,79,1632.166667,62,70.8,6.674166667,0.132351105,0.139842677,0.069921338,0.930078662,0.803149606,0.188976378,0.007874016,HIGH,0,0
973a56c5-6f69-4b9c-9106-929e73938ab9,2026/4/24,3437.875,309.75,4269.625,58,77.625,5.483333333,0.200607903,0.164133739,0.012158055,0.987841945,0.740963855,0.240963855,0.018072289,LOW,0,0
973a56c5-6f69-4b9c-9106-929e73938ab9,2026/4/25,2596.272727,147.2727273,3231.181818,60.27272727,81.18181818,5.883333333,0.218130312,0.161473088,0.04815864,0.95184136,0.75,0.242857143,0.007142857,GOOD,0,4.583333333
973a56c5-6f69-4b9c-9106-929e73938ab9,2026/4/26,5869.8,393.3,7762,64.1,89,1.883333333,0.592920354,0,0.203539823,0.796460177,0.689265537,0.305084746,0.005649718,VERY_LOW,0,0
973a56c5-6f69-4b9c-9106-929e73938ab9,2026/4/27,1304.714286,122.7142857,2125.714286,58.14285714,73.57142857,9.579166667,0.182688125,0.236624619,0.012179208,0.987820792,0.786666667,0.213333333,0,HIGH,0,4.4
973a56c5-6f69-4b9c-9106-929e73938ab9,2026/4/29,2210.2,163.4,2344.5,64.4,84.4,5.658888889,0.382878461,0.13842529,0,1,0.78,0.22,0,LOW,0,2.2
973a56c5-6f69-4b9c-9106-929e73938ab9,2026/5/1,4081.8,226.4,5989.7,63.3,84.5,4.533333333,0.238970588,0.169117647,0.044117647,0.955882353,0.719745223,0.27388535,0.006369427,LOW,0,0
973a56c5-6f69-4b9c-9106-929e73938ab9,2026/5/2,624.2,148.3,1473.1,62.7,82.7,9.799444444,0.134361358,0.207494756,0.028913204,0.971086796,0.845588235,0.154411765,0,HIGH,0,2.85
973a56c5-6f69-4b9c-9106-929e73938ab9,2026/5/3,3421.666667,273.6666667,4619.666667,66,84.75,0.273611111,0,0,0,1,0.722222222,0.277777778,0,VERY_LOW,0,22.01666667
973a56c5-6f69-4b9c-9106-929e73938ab9,2026/5/5,1008,52.2,1225,63,76.2,7.121666667,0.203604025,0.086590218,0.084249941,0.915750059,0.832,0.168,0,HIGH,0,0
973a56c5-6f69-4b9c-9106-929e73938ab9,2026/5/7,2129.666667,397,2863.75,71.66666667,93,6.683333333,0.097256858,0.029925187,0.102244389,0.897755611,0.796511628,0.203488372,0,VERY_LOW,0,0
973a56c5-6f69-4b9c-9106-929e73938ab9,2026/5/8,3574.625,394.125,6037.5,67.75,92.125,6.866666667,0.177184466,0.104368932,0.033980583,0.966019417,0.712643678,0.281609195,0.005747126,LOW,0,0
973a56c5-6f69-4b9c-9106-929e73938ab9,2026/5/10,1434.857143,66.57142857,2315.857143,65.71428571,78.85714286,6.858611111,0.143372079,0.065610951,0.089911304,0.910088696,0.69191344,0.299544419,0.008542141,LOW,0,0
9fc61115-b7d8-4f8a-96de-a25ff909610c,2026/3/11,4782.875,231.5,3849.5,61.75,76,6.397222222,0.156317846,0.124620061,0.085974815,0.914025185,0.729166667,0.263888889,0.006944444,GOOD,0,0
9fc61115-b7d8-4f8a-96de-a25ff909610c,2026/3/12,3319.625,126.125,2692.375,57.875,71.5,6.2,0.150537634,0.327956989,0.010752688,0.989247312,0.793650794,0.198412698,0.007936508,GOOD,0,0
9fc61115-b7d8-4f8a-96de-a25ff909610c,2026/3/13,3091,200.4,3597.2,64.6,77.9,6.516666667,0.259386973,0.117012968,0.037400531,0.962599469,0.722222222,0.277777778,0,LOW,0.657222222,0
9fc61115-b7d8-4f8a-96de-a25ff909610c,2026/3/15,3814.333333,149.6666667,3931.5,56.33333333,70.5,8.65,0.185836814,0.126299081,0.156017822,0.843982178,0.744525547,0.248175182,0.00729927,HIGH,0.914722222,0
9fc61115-b7d8-4f8a-96de-a25ff909610c,2026/3/16,3777.857143,161,3113.714286,56.14285714,68.14285714,6.016666667,0.066481994,0.20498615,0.088642659,0.911357341,0.753731343,0.231343284,0.014925373,HIGH,0,0
9fc61115-b7d8-4f8a-96de-a25ff909610c,2026/3/17,3810.428571,172.8571429,4241.142857,51.14285714,63.14285714,6.766666667,0.204433498,0.226600985,0.02955665,0.97044335,0.694444444,0.298611111,0.006944444,HIGH,0.588333333,0
9fc61115-b7d8-4f8a-96de-a25ff909610c,2026/3/19,3905.5,94.75,3353.25,56.625,69.75,6.825,0.211191671,0.208189255,0.058784161,0.941215839,0.740458015,0.229007634,0.030534351,HIGH,0,0
9fc61115-b7d8-4f8a-96de-a25ff909610c,2026/3/20,5939.111111,202.8888889,5652.555556,54.11111111,66.11111111,8.066666667,0.113636364,0.202479339,0.053719008,0.946280992,0.684563758,0.295302013,0.020134228,HIGH,0.938055556,0
9fc61115-b7d8-4f8a-96de-a25ff909610c,2026/3/22,5657.777778,146,8102.333333,52.66666667,67.44444444,8.033333333,0.201244813,0.238589212,0.033195021,0.966804979,0.632258065,0.361290323,0.006451613,GOOD,0,3.933333333
9fc61115-b7d8-4f8a-96de-a25ff909610c,2026/3/23,4910.428571,102.7142857,4157.142857,51.85714286,68.85714286,6.225,0.197088068,0.109557937,0.125462724,0.874537276,0.710144928,0.275362319,0.014492754,HIGH,0,0
9fc61115-b7d8-4f8a-96de-a25ff909610c,2026/3/25,4206.625,136.625,4094,56.125,68,5.9,0.186725155,0.127894817,0.063556244,0.936443756,0.709219858,0.283687943,0.007092199,LOW,0,0
9fc61115-b7d8-4f8a-96de-a25ff909610c,2026/3/27,4823.333333,131.3333333,4424,60,74.375,6.166666667,0.175675676,0.013513514,0.089189189,0.910810811,0.731884058,0.260869565,0.007246377,GOOD,0,0
9fc61115-b7d8-4f8a-96de-a25ff909610c,2026/3/28,3191.75,90.5,3128,55,70,6.866666667,0.111650485,0.303398058,0.012135922,0.987864078,0.761538462,0.238461538,0,HIGH,0,0
9fc61115-b7d8-4f8a-96de-a25ff909610c,2026/3/29,9546.3,291.3,11087.4,59.1,75.9,7.291666667,0.235337692,0.124681954,0.0345046,0.9654954,0.712328767,0.287671233,0,LOW,0,0
9fc61115-b7d8-4f8a-96de-a25ff909610c,2026/3/30,8357.882353,333.9411765,8410.176471,57.23529412,75.64705882,8.916666667,0.181308411,0.117757009,0.03364486,0.96635514,0.694444444,0.298611111,0.006944444,LOW,0,0
9fc61115-b7d8-4f8a-96de-a25ff909610c,2026/4/1,4648,98.83333333,4418.666667,59,69.16666667,4.566666667,0.149635036,0.226277372,0.003649635,0.996350365,0.736842105,0.248120301,0.015037594,HIGH,0,0
9fc61115-b7d8-4f8a-96de-a25ff909610c,2026/4/2,3342.75,92.625,3478.125,56,67,5.533333333,0.331325301,0.09939759,0.054216867,0.945783133,0.706293706,0.286713287,0.006993007,HIGH,0,0
9fc61115-b7d8-4f8a-96de-a25ff909610c,2026/4/3,3943.714286,148,4118,62,72.85714286,8.266666667,0.25,0.165322581,0.040322581,0.959677419,0.741258741,0.258741259,0,GOOD,0,2.65
9fc61115-b7d8-4f8a-96de-a25ff909610c,2026/4/4,5593,252,7814,60,76,7.483333333,0.100222717,0.262806236,0,1,0.729927007,0.270072993,0,LOW,0.763611111,0
9fc61115-b7d8-4f8a-96de-a25ff909610c,2026/4/5,7787,571,10840,60,81,7.816666667,0.08315565,0.125799574,0.034115139,0.965884861,0.700598802,0.293413174,0.005988024,VERY_LOW,0.503333333,1.516666667
9fc61115-b7d8-4f8a-96de-a25ff909610c,2026/4/6,11679,430,13940,70,86,1.566666667,0.638297872,0,0,1,0.69375,0.3,0.00625,VERY_LOW,0,1.533333333
9fc61115-b7d8-4f8a-96de-a25ff909610c,2026/4/7,8909,363,10059,61,77,4.7,0.20212766,0.14893617,0.109929078,0.890070922,0.68627451,0.31372549,0,VERY_LOW,0,0
9fc61115-b7d8-4f8a-96de-a25ff909610c,2026/4/8,10125,371,11904,58,76,3.85,0.519480519,0,0.073593074,0.926406926,0.68707483,0.306122449,0.006802721,VERY_LOW,0,0
9fc61115-b7d8-4f8a-96de-a25ff909610c,2026/4/9,9333,177,8839,58,71,5.55,0.228228228,0.153153153,0,1,0.777777778,0.214285714,0.007936508,GOOD,0,0
9fc61115-b7d8-4f8a-96de-a25ff909610c,2026/4/11,4265.777778,195,4958.222222,61.33333333,74.66666667,6.133333333,0.127717391,0.293478261,0,1,0.723404255,0.269503546,0.007092199,LOW,0,0
9fc61115-b7d8-4f8a-96de-a25ff909610c,2026/4/13,4664.875,107.375,3885,54.5,65.75,6.983333333,0.1575179,0.183770883,0.107398568,0.892601432,0.687943262,0.290780142,0.021276596,HIGH,0,0
9fc61115-b7d8-4f8a-96de-a25ff909610c,2026/4/14,4338.666667,90.33333333,3633,53,64.33333333,6.55,0.234096692,0.162849873,0.045801527,0.954198473,0.70212766,0.290780142,0.007092199,HIGH,0,0
9fc61115-b7d8-4f8a-96de-a25ff909610c,2026/4/17,8226,239,8593,59,75,5.35,0.411214953,0.099688474,0.068535826,0.931464174,0.717241379,0.282758621,0,GOOD,0,0
9fc61115-b7d8-4f8a-96de-a25ff909610c,2026/4/18,6719,243,7000,57,74,6.45,0.090439276,0.186046512,0.015503876,0.984496124,0.729166667,0.270833333,0,GOOD,0,0.866666667
9fc61115-b7d8-4f8a-96de-a25ff909610c,2026/4/20,11014,250,10238,53,68,7.408333333,0.212167783,0.17373453,0.052236762,0.947763238,0.722627737,0.277372263,0,HIGH,0,0
9fc61115-b7d8-4f8a-96de-a25ff909610c,2026/4/22,11309,334,13446,55,74,6.083333333,0.150684932,0.235616438,0.063013699,0.936986301,0.72027972,0.272727273,0.006993007,HIGH,0,1.766666667
9fc61115-b7d8-4f8a-96de-a25ff909610c,2026/4/23,9636,265,10357,52,70,6.95,0.225419664,0.239808153,0.011990408,0.988009592,0.7,0.28,0.02,HIGH,0.366388889,0
9fc61115-b7d8-4f8a-96de-a25ff909610c,2026/4/24,12005,224,15303,50,69,8.516666667,0.177069161,0.215816327,0.149291383,0.850708617,0.705882353,0.294117647,0,HIGH,0,0
9fc61115-b7d8-4f8a-96de-a25ff909610c,2026/4/26,12321.45455,326.9090909,7990.545455,48,69.90909091,3.816666667,0.144104803,0.23580786,0.03930131,0.96069869,0.647887324,0.281690141,0.070422535,LOW,0.000555556,5.133333333
9fc61115-b7d8-4f8a-96de-a25ff909610c,2026/4/27,5136.615385,99.61538462,4579.538462,54.07692308,64.23076923,6.466666667,0.167525773,0.152061856,0.043814433,0.956185567,0.694444444,0.291666667,0.013888889,GOOD,0,0
9fc61115-b7d8-4f8a-96de-a25ff909610c,2026/4/28,1977,47.5,2238.5,52,59.75,6.233333333,0.131016043,0.286096257,0.021390374,0.978609626,0.733333333,0.251851852,0.014814815,HIGH,0,0
9fc61115-b7d8-4f8a-96de-a25ff909610c,2026/4/30,6117.1,127.5,5977.4,51,62,6.65,0.22556391,0.20802005,0.042606516,0.957393484,0.685314685,0.300699301,0.013986014,HIGH,0,0
9fc61115-b7d8-4f8a-96de-a25ff909610c,2026/5/1,4412.125,326.25,5627.125,50.625,67.875,6.416666667,0.225974026,0.225974026,0.031168831,0.968831169,0.699346405,0.287581699,0.013071895,LOW,0,5.466666667
9fc61115-b7d8-4f8a-96de-a25ff909610c,2026/5/2,4774,144,6624,58,71,7.283333333,0.208237986,0.157894737,0.013729977,0.986270023,0.746268657,0.253731343,0,GOOD,0,0
9fc61115-b7d8-4f8a-96de-a25ff909610c,2026/5/3,10115,314,11721,51,69,5.683333333,0.114369501,0.346041056,0,1,0.689655172,0.303448276,0.006896552,GOOD,0.57,0
9fc61115-b7d8-4f8a-96de-a25ff909610c,2026/5/4,6626,137,7554,51,65,5.81125,0.180247228,0.189285768,0.032755904,0.967244096,0.705035971,0.273381295,0.021582734,HIGH,0,0
9fc61115-b7d8-4f8a-96de-a25ff909610c,2026/5/6,9577,196,8638,53,67,6.833333333,0.185365854,0.182926829,0.014634146,0.985365854,0.729323308,0.263157895,0.007518797,HIGH,0,0
9fc61115-b7d8-4f8a-96de-a25ff909610c,2026/5/9,2680.625,81.875,2977.5,57.125,73.125,2.4,0.416666667,0,0.416666667,0.583333333,0.775193798,0.224806202,0,GOOD,0,4.75
9fc61115-b7d8-4f8a-96de-a25ff909610c,2026/5/10,2053,114.25,3447.875,57.5,68.625,6.25,0.224,0.088,0.034666667,0.965333333,0.680122637,0.306591722,0.013285641,LOW,0,4.8
b2ced5f2-e09e-4be2-ab19-75d2f37669b1,2026/3/10,3350.321429,252.3571429,4434.392857,61.85714286,71.53571429,5.2,0.282051282,0.211538462,0.003205128,0.996794872,0.68125,0.31875,0,LOW,0.195,0
b2ced5f2-e09e-4be2-ab19-75d2f37669b1,2026/3/11,4353.363636,387.5454545,6028.090909,64,74.72727273,5.933333333,0.258426966,0.241573034,0.014044944,0.985955056,0.697368421,0.302631579,0,LOW,0,0
b2ced5f2-e09e-4be2-ab19-75d2f37669b1,2026/3/12,4221.769231,343.3076923,5076,68,78.46153846,5.333333333,0.303125,0.25625,0.028125,0.971875,0.668874172,0.324503311,0.006622517,VERY_LOW,0,0
b2ced5f2-e09e-4be2-ab19-75d2f37669b1,2026/3/13,5534.888889,448.1111111,8054.888889,61,76.55555556,5.7,0.198830409,0.251461988,0.005847953,0.994152047,0.688741722,0.311258278,0,VERY_LOW,0,0
b2ced5f2-e09e-4be2-ab19-75d2f37669b1,2026/3/14,3395.090909,400.7272727,4267.090909,63.36363636,74.45454545,6.933333333,0.213942308,0.264423077,0.007211538,0.992788462,0.705128205,0.288461538,0.006410256,LOW,0,0
b2ced5f2-e09e-4be2-ab19-75d2f37669b1,2026/3/15,1680.909091,192.1818182,2601.545455,64.45454545,75.54545455,3.65,0.37412766,0.194425532,0.275276596,0.724723404,0.735294118,0.257352941,0.007352941,LOW,0.123888889,0
b2ced5f2-e09e-4be2-ab19-75d2f37669b1,2026/3/16,3597.555556,311,4620.222222,60.77777778,73.55555556,5.185555556,0.298907221,0.176773088,0.028926505,0.971073495,0.70212766,0.290780142,0.007092199,LOW,0.528611111,0
b2ced5f2-e09e-4be2-ab19-75d2f37669b1,2026/3/17,4177.083333,419.6666667,6095.833333,64,75.81818182,5.183333333,0.205787781,0.254019293,0.012861736,0.987138264,0.664516129,0.335483871,0,LOW,0.544166667,0
b2ced5f2-e09e-4be2-ab19-75d2f37669b1,2026/3/18,3279,368.3333333,5129,66,75.88888889,4.566666667,0.153284672,0.251824818,0.072992701,0.927007299,0.662420382,0.337579618,0,VERY_LOW,0.157777778,0
b2ced5f2-e09e-4be2-ab19-75d2f37669b1,2026/3/19,3765.444444,427.8888889,5113.666667,62.55555556,74.77777778,3.983333333,0.20083682,0.280334728,0,1,0.664634146,0.329268293,0.006097561,VERY_LOW,0.189166667,0
b2ced5f2-e09e-4be2-ab19-75d2f37669b1,2026/3/20,7488.583333,790.0833333,9400.583333,64.25,80.25,7.325,0.154344438,0.206133515,0.002824859,0.997175141,0.67251462,0.321637427,0.005847953,VERY_LOW,0.21,0
b2ced5f2-e09e-4be2-ab19-75d2f37669b1,2026/3/22,1598.2,101,2615.2,65,73.4,5.583333333,0.2,0.158208955,0.011940299,0.988059701,0.722627737,0.277372263,0,GOOD,0,0
b2ced5f2-e09e-4be2-ab19-75d2f37669b1,2026/3/23,5281.777778,485.2222222,7212,63.22222222,74.77777778,3.205277778,0.109194904,0.171591992,0.025998787,0.974001213,0.63190184,0.36196319,0.006134969,LOW,0.550277778,0
b2ced5f2-e09e-4be2-ab19-75d2f37669b1,2026/3/24,3963.090909,338.7272727,5695.818182,64.36363636,73.81818182,4.566666667,0.255474453,0.186131387,0.025547445,0.974452555,0.65408805,0.34591195,0,LOW,0.571666667,0
b2ced5f2-e09e-4be2-ab19-75d2f37669b1,2026/3/25,4149,344.375,5234.75,63,74.375,4.783333333,0.222996516,0.209059233,0.017421603,0.982578397,0.65408805,0.34591195,0,VERY_LOW,0.189166667,0
b2ced5f2-e09e-4be2-ab19-75d2f37669b1,2026/3/26,2548.875,282,3672.625,66,73.75,5.65,0.200589971,0.17699115,0.04719764,0.95280236,0.68707483,0.306122449,0.006802721,VERY_LOW,0.589444444,0
b2ced5f2-e09e-4be2-ab19-75d2f37669b1,2026/3/27,3919.857143,343.1428571,5025.428571,67.14285714,77.71428571,7.908333333,0.198715807,0.164299875,0.184707186,0.815292814,0.714285714,0.285714286,0,VERY_LOW,0.233611111,0
b2ced5f2-e09e-4be2-ab19-75d2f37669b1,2026/3/29,4617,236.875,4307,63.5,76.25,5,0.313333333,0.203333333,0.04,0.96,0.782945736,0.217054264,0,LOW,0,0
b2ced5f2-e09e-4be2-ab19-75d2f37669b1,2026/3/30,3486.5,372.6666667,4673.333333,66,74.66666667,5.5,0.345454545,0.227272727,0.006060606,0.993939394,0.715277778,0.284722222,0,VERY_LOW,0.536388889,0
b2ced5f2-e09e-4be2-ab19-75d2f37669b1,2026/3/31,5067.714286,563.8571429,7165.428571,61,76,4.733333333,0.313380282,0.211267606,0.070422535,0.929577465,0.718120805,0.281879195,0,VERY_LOW,3.809722222,0
b2ced5f2-e09e-4be2-ab19-75d2f37669b1,2026/4/1,3427.285714,269.8571429,4234.142857,63.57142857,73.28571429,4.430277778,0.259577403,0.101573766,0.406295066,0.593704934,0.702702703,0.297297297,0,VERY_LOW,0.402777778,0
b2ced5f2-e09e-4be2-ab19-75d2f37669b1,2026/4/2,3651.714286,380.2857143,4996.714286,62.57142857,75,5.45,0.177370031,0.324159021,0,1,0.706666667,0.293333333,0,LOW,1.312777778,0
b2ced5f2-e09e-4be2-ab19-75d2f37669b1,2026/4/3,1127.428571,170.4285714,2394.428571,62.14285714,69.28571429,6.583333333,0.091139241,0.253164557,0.017721519,0.982278481,0.75,0.25,0,GOOD,0.561388889,0
b2ced5f2-e09e-4be2-ab19-75d2f37669b1,2026/4/4,2223.166667,180.1666667,3545.5,63.66666667,73,5.866666667,0.247159091,0.210227273,0.019886364,0.980113636,0.702702703,0.297297297,0,LOW,0,0
b2ced5f2-e09e-4be2-ab19-75d2f37669b1,2026/4/5,1367.333333,152.1666667,2691,66.66666667,76.16666667,6.333333333,0.160526316,0.228947368,0.092105263,0.907894737,0.688741722,0.311258278,0,LOW,0,1.833333333
b2ced5f2-e09e-4be2-ab19-75d2f37669b1,2026/4/6,1123.142857,101.4285714,2269.714286,64.28571429,74.42857143,5.283333333,0.022082019,0.192429022,0.220820189,0.779179811,0.713286713,0.27972028,0.006993007,VERY_LOW,0,0
b2ced5f2-e09e-4be2-ab19-75d2f37669b1,2026/4/7,4065.666667,495.6666667,5161.333333,67,77.66666667,3.55,0.328638498,0.258215962,0,1,0.694610778,0.305389222,0,VERY_LOW,0.464722222,0
b2ced5f2-e09e-4be2-ab19-75d2f37669b1,2026/4/8,3150.222222,342.3333333,5058.555556,63.44444444,76.55555556,5.45,0.22324159,0.155963303,0.009174312,0.990825688,0.680272109,0.31292517,0.006802721,VERY_LOW,0.970833333,0
b2ced5f2-e09e-4be2-ab19-75d2f37669b1,2026/4/9,4358.833333,386.6666667,6213,62.83333333,74.33333333,6.449722222,0.218127098,0.219384036,0.025443074,0.974556926,0.664556962,0.335443038,0,VERY_LOW,0.209444444,0
b2ced5f2-e09e-4be2-ab19-75d2f37669b1,2026/4/11,6668.909091,479.7272727,9073.181818,66,77.09090909,3.416666667,0.52195122,0.180487805,0,1,0.608433735,0.385542169,0.006024096,VERY_LOW,0.521388889,0
b2ced5f2-e09e-4be2-ab19-75d2f37669b1,2026/4/12,894.3333333,141.8333333,1353.833333,61,68.66666667,5.966666667,0.198324022,0.122905028,0.198324022,0.801675978,0.769230769,0.223076923,0.007692308,LOW,0.721944444,0
b2ced5f2-e09e-4be2-ab19-75d2f37669b1,2026/4/13,3962.142857,328.7142857,5979,60,73.28571429,4.933333333,0.39527027,0.158783784,0.013513514,0.986486486,0.699300699,0.300699301,0,LOW,0.525555556,0
b2ced5f2-e09e-4be2-ab19-75d2f37669b1,2026/4/14,3950.111111,362.1111111,5654.666667,60.33333333,73.11111111,3.466666667,0.139423077,0.192307692,0.004807692,0.995192308,0.664516129,0.335483871,0,LOW,0.450833333,0
b2ced5f2-e09e-4be2-ab19-75d2f37669b1,2026/4/15,4911.625,477.125,6658,61,75,5.366666667,0.220496894,0.214285714,0.037267081,0.962732919,0.670886076,0.32278481,0.006329114,VERY_LOW,0.275277778,0
b2ced5f2-e09e-4be2-ab19-75d2f37669b1,2026/4/16,2952.714286,287.1428571,3628.142857,63.42857143,74.42857143,4.983333333,0.224080268,0.277591973,0.023411371,0.976588629,0.719178082,0.280821918,0,VERY_LOW,0.230833333,0
b2ced5f2-e09e-4be2-ab19-75d2f37669b1,2026/4/17,5587.4,537.1,7517.7,61.4,75.7,5.533333333,0.268072289,0.201807229,0.003012048,0.996987952,0.680981595,0.312883436,0.006134969,VERY_LOW,0.953611111,0
b2ced5f2-e09e-4be2-ab19-75d2f37669b1,2026/4/18,2927.5,306.3333333,3625.333333,60,71.16666667,5.916666667,0.183098592,0.2,0.028169014,0.971830986,0.76056338,0.232394366,0.007042254,VERY_LOW,0.440555556,0
b2ced5f2-e09e-4be2-ab19-75d2f37669b1,2026/4/19,429.6,44,997.2,62.4,69.6,4.783333333,0.25087108,0.191637631,0.087108014,0.912891986,0.73880597,0.26119403,0,LOW,0,0
b2ced5f2-e09e-4be2-ab19-75d2f37669b1,2026/4/20,3624.857143,253.5714286,4514,61.57142857,73.28571429,5.7,0.326729343,0.203958944,0.057340003,0.942659997,0.66442953,0.33557047,0,LOW,0.459722222,0
b2ced5f2-e09e-4be2-ab19-75d2f37669b1,2026/4/22,2726.3,292.6,4363.6,64.1,74.9,4.208333333,0.237622076,0.087090242,0.019361799,0.980638201,0.662576687,0.337423313,0,VERY_LOW,0.458055556,0
b2ced5f2-e09e-4be2-ab19-75d2f37669b1,2026/4/24,4728.428571,441,5638.571429,63,75.57142857,5.516666667,0.274398704,0.190115955,0.31622867,0.68377133,0.698113208,0.301886792,0,VERY_LOW,0,0
b2ced5f2-e09e-4be2-ab19-75d2f37669b1,2026/4/26,3983.142857,332.4285714,6060.714286,63.42857143,76.71428571,4.95,0.279461279,0.148148148,0.057239057,0.942760943,0.697986577,0.302013423,0,LOW,0,0
b2ced5f2-e09e-4be2-ab19-75d2f37669b1,2026/4/27,3801.142857,430.2857143,4223.571429,61,74.85714286,4.05,0.259259259,0.238683128,0.057613169,0.942386831,0.727941176,0.264705882,0.007352941,VERY_LOW,0,0
b2ced5f2-e09e-4be2-ab19-75d2f37669b1,2026/4/28,5878.375,508.125,8405.625,60,75.75,4.133333333,0.35483871,0.076612903,0.254032258,0.745967742,0.668831169,0.331168831,0,VERY_LOW,0.151111111,0
b2ced5f2-e09e-4be2-ab19-75d2f37669b1,2026/4/29,3689.333333,340,5293.666667,62,75,4.416666667,0.335849057,0.101886792,0.018867925,0.981132075,0.660493827,0.333333333,0.00617284,VERY_LOW,0.132222222,0
b2ced5f2-e09e-4be2-ab19-75d2f37669b1,2026/4/30,5413.857143,470.2857143,7091.857143,65,77.42857143,3.833333333,0.239130435,0.152173913,0.091304348,0.908695652,0.654320988,0.345679012,0,VERY_LOW,0,0
b2ced5f2-e09e-4be2-ab19-75d2f37669b1,2026/5/1,2814.444444,535.7777778,5396.666667,63,75.77777778,5.166666667,0.258064516,0.329032258,0.003225806,0.996774194,0.717391304,0.282608696,0,VERY_LOW,0.641388889,0
b2ced5f2-e09e-4be2-ab19-75d2f37669b1,2026/5/2,8534.785714,396.7857143,8622.928571,61.64285714,75.14285714,4.358333333,0.396712841,0.127968338,0.069930006,0.930069994,0.666666667,0.314814815,0.018518519,VERY_LOW,0,0
b2ced5f2-e09e-4be2-ab19-75d2f37669b1,2026/5/3,2462.875,146,3668.375,59.75,69.125,7.616666667,0.218818381,0.203501094,0.205689278,0.794310722,0.606666667,0.393333333,0,LOW,0,0
b2ced5f2-e09e-4be2-ab19-75d2f37669b1,2026/5/4,4649.666667,247.1666667,5460.833333,61,71.66666667,7.35,0.181405896,0.149659864,0.097505669,0.902494331,0.675496689,0.324503311,0,GOOD,0,0
b2ced5f2-e09e-4be2-ab19-75d2f37669b1,2026/5/6,3367,553.375,4779.375,64.125,77,6.033333333,0.189932681,0.245287638,0.098638311,0.901361689,0.780141844,0.219858156,0,VERY_LOW,0,0
b2ced5f2-e09e-4be2-ab19-75d2f37669b1,2026/5/7,8261.3,556.3,7107,65.1,78.6,3.866666667,0.36637931,0.155172414,0.125,0.875,0.684210526,0.30994152,0.005847953,LOW,0,0
b2ced5f2-e09e-4be2-ab19-75d2f37669b1,2026/5/8,2637.666667,236.5,3547.333333,63.5,70.66666667,5.916666667,0.064788732,0.242253521,0.146478873,0.853521127,0.65,0.30625,0.04375,VERY_LOW,0,0
b2ced5f2-e09e-4be2-ab19-75d2f37669b1,2026/5/9,3563.714286,355.7142857,4805.142857,66,76.42857143,5.183333333,0.292604502,0.163987138,0.263665595,0.736334405,0.707317073,0.286585366,0.006097561,LOW,0,0
d18cdf3c-369a-4cab-9647-f8e3823f542f,2026/3/10,2504.9,43.9,2182.4,46,58.44444444,6.666666667,0.2675,0.2825,0.035,0.965,0.7578125,0.234375,0.0078125,HIGH,0,0
d18cdf3c-369a-4cab-9647-f8e3823f542f,2026/3/11,3542.333333,64,3349.555556,48.11111111,62.88888889,5.666666667,0.167647059,0.270588235,0,1,0.718518519,0.281481481,0,GOOD,0,2.666666667
d18cdf3c-369a-4cab-9647-f8e3823f542f,2026/3/12,2103.5,47,2250.833333,50.83333333,63.33333333,6.216666667,0.197508692,0.236378777,0.115370741,0.884629259,0.776,0.224,0,GOOD,0,0
d18cdf3c-369a-4cab-9647-f8e3823f542f,2026/3/14,2984.214286,47.92857143,2671.785714,54.71428571,65.14285714,5.733333333,0.201090608,0.030013524,0,1,0.721804511,0.278195489,0,GOOD,0,0
d18cdf3c-369a-4cab-9647-f8e3823f542f,2026/3/15,1413,32,2225.714286,53.33333333,65.5,6.876111111,0.249656621,0.07029167,0.026662358,0.973337642,0.680851064,0.304964539,0.014184397,GOOD,0,3.3
d18cdf3c-369a-4cab-9647-f8e3823f542f,2026/3/16,2618,61.57142857,2361.571429,51.42857143,60.28571429,7.066666667,0.146226415,0.254716981,0,1,0.774193548,0.217741935,0.008064516,HIGH,0,0
d18cdf3c-369a-4cab-9647-f8e3823f542f,2026/3/17,2514.142857,72,2582.714286,54,65.14285714,6.016666667,0.252077562,0.108033241,0.058171745,0.941828255,0.748091603,0.251908397,0,GOOD,0,0
d18cdf3c-369a-4cab-9647-f8e3823f542f,2026/3/18,2776.5,64.33333333,2510,54.33333333,67.33333333,4.916666667,0.216949153,0.152542373,0,1,0.753846154,0.246153846,0,LOW,0,0
d18cdf3c-369a-4cab-9647-f8e3823f542f,2026/3/19,3312,74.33333333,3718.333333,55.22222222,67.33333333,5.383333333,0.204334365,0.179566563,0.003095975,0.996904025,0.71641791,0.28358209,0,LOW,0,0
d18cdf3c-369a-4cab-9647-f8e3823f542f,2026/3/21,5586.833333,121.6666667,5363.833333,57,67.16666667,5.616666667,0.275964392,0.139465875,0,1,0.71641791,0.276119403,0.007462687,HIGH,0,0
d18cdf3c-369a-4cab-9647-f8e3823f542f,2026/3/22,1576.571429,51,2446,54.57142857,67.14285714,7.316666667,0.184510251,0.107061503,0.002277904,0.997722096,0.694444444,0.305555556,0,GOOD,0,6.433333333
d18cdf3c-369a-4cab-9647-f8e3823f542f,2026/3/23,2375.857143,37.85714286,2549.285714,55.85714286,65.28571429,7.057222222,0.092104227,0.258442888,0.035424703,0.964575297,0.75,0.25,0,HIGH,0,0
d18cdf3c-369a-4cab-9647-f8e3823f542f,2026/3/24,1962.833333,39.66666667,1852.166667,56.66666667,64.16666667,5.866666667,0.147727273,0.153409091,0,1,0.755905512,0.236220472,0.007874016,HIGH,0,0
d18cdf3c-369a-4cab-9647-f8e3823f542f,2026/3/25,3267.5,63,3075.75,55.25,66.5,6.583333333,0.141772152,0.174683544,0.053164557,0.946835443,0.782258065,0.209677419,0.008064516,HIGH,0,0
d18cdf3c-369a-4cab-9647-f8e3823f542f,2026/3/26,3060.833333,65.83333333,2940.833333,54,64.83333333,6.083333333,0.147945205,0.230136986,0.046575342,0.953424658,0.710144928,0.289855072,0,GOOD,0,1.533333333
d18cdf3c-369a-4cab-9647-f8e3823f542f,2026/3/27,3170.333333,91.11111111,3700,57.66666667,68.44444444,4.266666667,0.28515625,0.1875,0,1,0.715277778,0.277777778,0.006944444,LOW,0,0
d18cdf3c-369a-4cab-9647-f8e3823f542f,2026/3/28,3388.375,86,3673.125,54.125,63.375,5.366666667,0.211180124,0.291925466,0,1,0.709219858,0.290780142,0,HIGH,0,0
d18cdf3c-369a-4cab-9647-f8e3823f542f,2026/3/29,2304.714286,42.71428571,2330,55,65.83333333,7.183333333,0.125290023,0.125290023,0.051044084,0.948955916,0.744186047,0.255813953,0,GOOD,0,0
d18cdf3c-369a-4cab-9647-f8e3823f542f,2026/3/30,3662.666667,87.66666667,4114.166667,52.33333333,67.16666667,7.016666667,0.137767221,0.144893112,0.026128266,0.973871734,0.710144928,0.268115942,0.02173913,GOOD,0,4.333333333
d18cdf3c-369a-4cab-9647-f8e3823f542f,2026/3/31,2004.714286,25.85714286,2149.285714,52.28571429,60.85714286,6,0.175,0.258333333,0.047222222,0.952777778,0.768,0.232,0,HIGH,0,0
d18cdf3c-369a-4cab-9647-f8e3823f542f,2026/4/1,4015,60.66666667,4018.666667,50.77777778,63.66666667,5.780555556,0.135511773,0.123498318,0.017299375,0.982700625,0.75,0.25,0,HIGH,0,2.55
d18cdf3c-369a-4cab-9647-f8e3823f542f,2026/4/2,2665.428571,36,2809.285714,51.85714286,63.85714286,4.666666667,0.221428571,0.2,0.189285714,0.810714286,0.721804511,0.278195489,0,HIGH,0,0
d18cdf3c-369a-4cab-9647-f8e3823f542f,2026/4/3,4115.875,80,4308.375,52,64.75,7.616666667,0.150984683,0.083150985,0.013129103,0.986870897,0.712121212,0.287878788,0,GOOD,0,3.55
d18cdf3c-369a-4cab-9647-f8e3823f542f,2026/4/4,4368.142857,89.57142857,4391.428571,48.14285714,60.71428571,6.991944444,0.135870645,0.144253307,0.007151087,0.992848913,0.715328467,0.284671533,0,HIGH,0,0
d18cdf3c-369a-4cab-9647-f8e3823f542f,2026/4/5,1794.666667,22.83333333,2513.333333,48.33333333,57.66666667,6.812222222,0.090523569,0.296036536,0.036698744,0.963301256,0.727272727,0.265151515,0.007575758,HIGH,0,0
d18cdf3c-369a-4cab-9647-f8e3823f542f,2026/4/6,2344,38,2992,51.5,70.5,5.416666667,0.249230769,0.147692308,0,1,0.76,0.24,0,GOOD,0,0
d18cdf3c-369a-4cab-9647-f8e3823f542f,2026/4/7,1980.444444,33.66666667,2013.666667,55.625,61.875,2.93,0.261660978,0.187713311,0.005688282,0.994311718,0.71641791,0.268656716,0.014925373,GOOD,0,1.45
d18cdf3c-369a-4cab-9647-f8e3823f542f,2026/4/8,1553,29.16666667,1444.333333,46,54.16666667,7.433333333,0.130044843,0.226457399,0.015695067,0.984304933,0.755905512,0.244094488,0,HIGH,0,0
d18cdf3c-369a-4cab-9647-f8e3823f542f,2026/4/9,3139,52.2,2787.8,57,63.6,6.857222222,0.106943207,0.121526371,0.029166329,0.970833671,0.738461538,0.253846154,0.007692308,GOOD,0,0
d18cdf3c-369a-4cab-9647-f8e3823f542f,2026/4/10,9623,144,8575,48,64,6.333333333,0.213157895,0.176315789,0,1,0.71969697,0.28030303,0,HIGH,0,0
d18cdf3c-369a-4cab-9647-f8e3823f542f,2026/4/11,8208.666667,200.6666667,7483,52,66.33333333,3.8,0.280701754,0.254385965,0,1,0.731343284,0.26119403,0.007462687,GOOD,0,1.2
d18cdf3c-369a-4cab-9647-f8e3823f542f,2026/4/12,2041.428571,41,2539.857143,52.57142857,64.57142857,7.816666667,0.157782516,0.098081023,0.106609808,0.893390192,0.662068966,0.331034483,0.006896552,LOW,0,2.1
d18cdf3c-369a-4cab-9647-f8e3823f542f,2026/4/13,2868.142857,45.14285714,2754,51.57142857,62.71428571,5.9,0.177966102,0.129943503,0.002824859,0.997175141,0.711111111,0.288888889,0,HIGH,0,0
d18cdf3c-369a-4cab-9647-f8e3823f542f,2026/4/14,3189,39.625,2918.375,52.125,60.5,6.05,0.228650138,0.333333333,0.002754821,0.997245179,0.708955224,0.28358209,0.007462687,GOOD,0,0
d18cdf3c-369a-4cab-9647-f8e3823f542f,2026/4/15,2629,56,2751.166667,54.16666667,65.5,3.133333333,0.441489362,0.037234043,0.010638298,0.989361702,0.738461538,0.261538462,0,LOW,0,0
d18cdf3c-369a-4cab-9647-f8e3823f542f,2026/4/17,3586.5,88.66666667,3878.666667,52.83333333,70,4.764722222,0.290328222,0.143415146,0.006995861,0.993004139,0.697841727,0.302158273,0,LOW,0,1.366666667
d18cdf3c-369a-4cab-9647-f8e3823f542f,2026/4/18,6373.181818,160.8181818,6227.454545,48.72727273,65.63636364,5.016666667,0.255813953,0.225913621,0,1,0.70212766,0.29787234,0,LOW,0,4.416666667
d18cdf3c-369a-4cab-9647-f8e3823f542f,2026/4/19,2934,69.8,3308.9,56,68.3,4.816666667,0.204152249,0.017301038,0.01384083,0.98615917,0.683453237,0.309352518,0.007194245,LOW,0,0
d18cdf3c-369a-4cab-9647-f8e3823f542f,2026/4/20,2199,31.57142857,2666.857143,52.57142857,58.57142857,6.848611111,0.163050091,0.158182924,0.00730075,0.99269925,0.732824427,0.267175573,0,HIGH,0,0
d18cdf3c-369a-4cab-9647-f8e3823f542f,2026/4/21,3188.777778,52.44444444,3208.888889,48.55555556,59.11111111,5.833333333,0.145714286,0.191428571,0,1,0.731343284,0.268656716,0,HIGH,0,0
d18cdf3c-369a-4cab-9647-f8e3823f542f,2026/4/22,3691.857143,59.85714286,3134.857143,48,58.42857143,6.983333333,0.159904535,0.174224344,0.007159905,0.992840095,0.738461538,0.261538462,0,GOOD,0,0
d18cdf3c-369a-4cab-9647-f8e3823f542f,2026/4/23,3126.666667,54.22222222,3139.111111,49.66666667,58.77777778,5.183333333,0.356913183,0.154340836,0.009646302,0.990353698,0.688405797,0.311594203,0,GOOD,0,1.033333333
d18cdf3c-369a-4cab-9647-f8e3823f542f,2026/4/24,3538.857143,54,3319.571429,50.57142857,60.85714286,5.9,0.200564972,0.124293785,0.011299435,0.988700565,0.734848485,0.265151515,0,GOOD,0,0
d18cdf3c-369a-4cab-9647-f8e3823f542f,2026/4/25,6071.090909,95.45454545,5821.363636,49.90909091,59.45454545,4.566666667,0.332116788,0.171532847,0.003649635,0.996350365,0.671328671,0.328671329,0,GOOD,0,0
d18cdf3c-369a-4cab-9647-f8e3823f542f,2026/4/27,3808.666667,57,3798.222222,49,57.77777778,6.758888889,0.170146309,0.207134638,0.03452244,0.96547756,0.690647482,0.302158273,0.007194245,HIGH,0,0
d18cdf3c-369a-4cab-9647-f8e3823f542f,2026/4/28,1994,27.66666667,2658.444444,49.55555556,59.55555556,5.8,0.129310345,0.189655172,0.020114943,0.979885057,0.705882353,0.279411765,0.014705882,GOOD,0,1.2
d18cdf3c-369a-4cab-9647-f8e3823f542f,2026/4/29,3005.3,36.6,3562.8,52,59.5,5.962777778,0.2347899,0.178887543,0.03913165,0.96086835,0.686131387,0.313868613,0,GOOD,0,1.533333333
d18cdf3c-369a-4cab-9647-f8e3823f542f,2026/4/30,3630.2,61,3813.3,51.9,62.5,5.3,0.204402516,0.066037736,0.044025157,0.955974843,0.713235294,0.272058824,0.014705882,GOOD,0,3.416666667
d18cdf3c-369a-4cab-9647-f8e3823f542f,2026/5/2,1595.692308,13.61538462,2295.769231,48.23076923,58.38461538,6.828333333,0.217232121,0.163534293,0.039052966,0.960947034,0.700729927,0.299270073,0,GOOD,0,0
d18cdf3c-369a-4cab-9647-f8e3823f542f,2026/5/3,2654,65.57142857,3240,50.71428571,58.28571429,5.85,0.210826211,0.125356125,0.182336182,0.817663818,0.642384106,0.344370861,0.013245033,LOW,0,0
d18cdf3c-369a-4cab-9647-f8e3823f542f,2026/5/4,6167,94,8909,53,64,5.355138889,0.201392798,0.19498032,0.003325209,0.996674791,0.653061224,0.346938776,0,LOW,0,0
d18cdf3c-369a-4cab-9647-f8e3823f542f,2026/5/6,7528,124,7669,46,63,4.916666667,0.315254237,0.240677966,0,1,0.711111111,0.281481481,0.007407407,GOOD,0,0.516666667
d18cdf3c-369a-4cab-9647-f8e3823f542f,2026/5/7,10141,156,9249,49,62,5.533333333,0.265060241,0.126506024,0.003012048,0.996987952,0.697841727,0.302158273,0,GOOD,0,0
d18cdf3c-369a-4cab-9647-f8e3823f542f,2026/5/8,8584,148,8341,48,65,5.55,0.225225225,0.171171171,0.039039039,0.960960961,0.727272727,0.265151515,0.007575758,LOW,0,0
d18cdf3c-369a-4cab-9647-f8e3823f542f,2026/5/9,8605,166.625,8115.5,49,63.625,4.383333333,0.190114068,0.243346008,0.003802281,0.996197719,0.717391304,0.268115942,0.014492754,LOW,0,0
d18cdf3c-369a-4cab-9647-f8e3823f542f,2026/5/10,1283.833333,15.83333333,1836.166667,48.83333333,58.16666667,6.85,0.133819951,0.167883212,0.01703163,0.98296837,0.675906183,0.324093817,0,HIGH,0,1.8
d7ce66cd-b03f-4f99-947f-2c89e3d3734d,2026/3/10,1787.75,36,2041.5,55.375,63.125,7.083333333,0.150588235,0.207058824,0.082352941,0.917647059,0.755905512,0.236220472,0.007874016,HIGH,0,0
d7ce66cd-b03f-4f99-947f-2c89e3d3734d,2026/3/11,4656.142857,185.2857143,3654.428571,53.57142857,65.71428571,6.916666667,0.25060241,0.163855422,0.01686747,0.98313253,0.72027972,0.251748252,0.027972028,HIGH,0,0
d7ce66cd-b03f-4f99-947f-2c89e3d3734d,2026/3/12,1364.857143,26.42857143,1464.142857,60,65.5,6.15,0.151761518,0.059620596,0.127371274,0.872628726,0.780487805,0.211382114,0.008130081,GOOD,0,0
d7ce66cd-b03f-4f99-947f-2c89e3d3734d,2026/3/13,1858.5,69.75,1668.5,54,62.28571429,7.816666667,0.115138593,0.095948827,0.074626866,0.925373134,0.785714286,0.182539683,0.031746032,HIGH,0,1.066666667
d7ce66cd-b03f-4f99-947f-2c89e3d3734d,2026/3/16,2024.125,67.625,2116.625,57.28571429,69.14285714,5.5,0.215151515,0.087878788,0.139393939,0.860606061,0.735294118,0.235294118,0.029411765,GOOD,0,0
d7ce66cd-b03f-4f99-947f-2c89e3d3734d,2026/3/17,1260.777778,21.44444444,1132.222222,55.88888889,64.33333333,7.533333333,0.10619469,0.10840708,0.053097345,0.946902655,0.857142857,0.133928571,0.008928571,HIGH,0,0
d7ce66cd-b03f-4f99-947f-2c89e3d3734d,2026/3/18,2056.333333,59.33333333,2205,55.33333333,67.66666667,6.866666667,0.128640777,0.152912621,0.04368932,0.95631068,0.729323308,0.233082707,0.037593985,HIGH,0,0.9
d7ce66cd-b03f-4f99-947f-2c89e3d3734d,2026/3/19,3188,61,2949,53,68,6.6,0.138888889,0.093434343,0.093434343,0.906565657,0.790322581,0.193548387,0.016129032,HIGH,0,0
d7ce66cd-b03f-4f99-947f-2c89e3d3734d,2026/3/20,2696,100.25,2876,52,64.75,6.15,0.192411924,0.127371274,0.086720867,0.913279133,0.785714286,0.206349206,0.007936508,HIGH,0,0
d7ce66cd-b03f-4f99-947f-2c89e3d3734d,2026/3/23,3922.5,141.5,4155,53,71.25,5.75,0.15942029,0.104347826,0.031884058,0.968115942,0.722627737,0.226277372,0.051094891,GOOD,0,2.766666667
d7ce66cd-b03f-4f99-947f-2c89e3d3734d,2026/3/24,1631.714286,23.28571429,1740.285714,49.57142857,60.14285714,6.45,0.240310078,0.237726098,0.025839793,0.974160207,0.732824427,0.259541985,0.007633588,HIGH,0,0
d7ce66cd-b03f-4f99-947f-2c89e3d3734d,2026/3/25,1744.111111,74.77777778,1999.111111,51,64.625,5.383333333,0.133126935,0.102167183,0.210526316,0.789473684,0.729927007,0.255474453,0.01459854,GOOD,0,7.633333333
d7ce66cd-b03f-4f99-947f-2c89e3d3734d,2026/3/26,2333.666667,67.22222222,2592.888889,52.44444444,63.44444444,5.216666667,0.249201278,0.108626198,0.137380192,0.862619808,0.744525547,0.233576642,0.02189781,HIGH,0,0
d7ce66cd-b03f-4f99-947f-2c89e3d3734d,2026/3/27,4929,224,5080,54,69,5.766666667,0.164739884,0.092485549,0.158959538,0.841040462,0.778625954,0.213740458,0.007633588,HIGH,0,1.6
d7ce66cd-b03f-4f99-947f-2c89e3d3734d,2026/3/28,3266,123,4139,54,69,6.1,0.191256831,0.142076503,0.341530055,0.658469945,0.744360902,0.240601504,0.015037594,GOOD,0,0
d7ce66cd-b03f-4f99-947f-2c89e3d3734d,2026/3/29,5075,195,5179,51,70,6.3,0.164021164,0.013227513,0.399470899,0.600529101,0.751879699,0.248120301,0,LOW,0,0.616666667
d7ce66cd-b03f-4f99-947f-2c89e3d3734d,2026/3/30,5151,148,5295,51,69,7.766666667,0.143776824,0.175965665,0.051502146,0.948497854,0.73880597,0.253731343,0.007462687,HIGH,0,0
d7ce66cd-b03f-4f99-947f-2c89e3d3734d,2026/4/3,1215.333333,36.33333333,1546,54,68.66666667,7.433333333,0.130044843,0.060538117,0.206278027,0.793721973,0.7,0.271428571,0.028571429,LOW,0,0
d7ce66cd-b03f-4f99-947f-2c89e3d3734d,2026/4/4,583,19,931,51,69,5.833333333,0.142857143,0.154285714,0.322857143,0.677142857,0.839476813,0.160523187,0,HIGH,0,0
d7ce66cd-b03f-4f99-947f-2c89e3d3734d,2026/4/5,4228.166667,177,5739,50,67,3.416666667,0.282926829,0.141463415,0.156097561,0.843902439,0.695035461,0.283687943,0.021276596,GOOD,0,3.333333333
d7ce66cd-b03f-4f99-947f-2c89e3d3734d,2026/4/6,1207.5,55.4,1493,53.5,64.3,7.916666667,0.067368421,0.071578947,0.191578947,0.808421053,0.746376812,0.217391304,0.036231884,HIGH,0,0
d7ce66cd-b03f-4f99-947f-2c89e3d3734d,2026/4/7,4235,103,4512,55,71,4.316666667,0.301158301,0.088803089,0.1003861,0.8996139,0.711111111,0.274074074,0.014814815,HIGH,0,0
d7ce66cd-b03f-4f99-947f-2c89e3d3734d,2026/4/8,6276,363,6571,53,75,6.866666667,0.257281553,0.109223301,0.048543689,0.951456311,0.768115942,0.217391304,0.014492754,LOW,0,0.866666667
d7ce66cd-b03f-4f99-947f-2c89e3d3734d,2026/4/12,3027,153,4315,54,71,6.783333333,0.164619165,0.162162162,0.181818182,0.818181818,0.755725191,0.244274809,0,GOOD,0,0
d7ce66cd-b03f-4f99-947f-2c89e3d3734d,2026/4/13,3281.066667,137.8666667,3274.133333,51,70.6,6.8,0.242647059,0.176470588,0.039215686,0.960784314,0.753984064,0.216633466,0.02938247,GOOD,0,9.9
d7ce66cd-b03f-4f99-947f-2c89e3d3734d,2026/4/15,5102.5,243.5,5165.5,56,75,6.083333333,0.131506849,0.071232877,0.120547945,0.879452055,0.668831169,0.272727273,0.058441558,LOW,0,0.7
d7ce66cd-b03f-4f99-947f-2c89e3d3734d,2026/4/17,2125,97,2424,52,66,8.666666667,0.176923077,0.265384615,0.017307692,0.982692308,0.821138211,0.178861789,0,HIGH,0,1.283333333
d7ce66cd-b03f-4f99-947f-2c89e3d3734d,2026/4/18,859.4,26.2,1506.2,54,66.2,7.55,0.152317881,0.169977925,0.08388521,0.91611479,0.748091603,0.229007634,0.022900763,HIGH,0,0
d7ce66cd-b03f-4f99-947f-2c89e3d3734d,2026/4/19,1289.875,79.75,1550.125,52,66.875,8.4,0.160714286,0.152777778,0.134920635,0.865079365,0.803149606,0.181102362,0.015748031,HIGH,0,2.45
d7ce66cd-b03f-4f99-947f-2c89e3d3734d,2026/4/20,2426.9,209.1,3020.4,57.2,73.1,5.666666667,0.302941176,0.097058824,0.094117647,0.905882353,0.713375796,0.248407643,0.038216561,LOW,0,7.1
d7ce66cd-b03f-4f99-947f-2c89e3d3734d,2026/4/21,5480,216,5136,56,72,6.45,0.165374677,0.067183463,0.072351421,0.927648579,0.726618705,0.230215827,0.043165468,HIGH,0,0
d7ce66cd-b03f-4f99-947f-2c89e3d3734d,2026/4/22,3088.857143,109.4285714,3136.428571,54,66.42857143,7.322777778,0.207116304,0.186632274,0.113800167,0.886199833,0.761538462,0.223076923,0.015384615,GOOD,0,0
d7ce66cd-b03f-4f99-947f-2c89e3d3734d,2026/4/23,2129.181818,77.18181818,2733.090909,55.36363636,65.36363636,6.533333333,0.193877551,0.112244898,0.053571429,0.946428571,0.720588235,0.279411765,0,GOOD,0,5.416666667
d7ce66cd-b03f-4f99-947f-2c89e3d3734d,2026/4/24,336.25,9.5,656.25,54.25,62,7.1,0.211267606,0.107981221,0.176056338,0.823943662,0.753846154,0.246153846,0,HIGH,0,2.2
d7ce66cd-b03f-4f99-947f-2c89e3d3734d,2026/4/25,1390.4,89.4,1859.6,54.2,72,7.016666667,0.266033254,0.049881235,0.059382423,0.940617577,0.753623188,0.239130435,0.007246377,HIGH,0,0.966666667
d7ce66cd-b03f-4f99-947f-2c89e3d3734d,2026/4/27,2285.8,130.6,2221.9,52.7,66.9,6.566666667,0.225888325,0.162436548,0.007614213,0.992385787,0.730496454,0.170212766,0.09929078,HIGH,0,1.95
d7ce66cd-b03f-4f99-947f-2c89e3d3734d,2026/4/28,1643.642857,56.21428571,1936.642857,58,71.21428571,5.894722222,0.149851562,0.045238207,0.093303803,0.906696197,0.713235294,0.183823529,0.102941176,GOOD,0,0
d7ce66cd-b03f-4f99-947f-2c89e3d3734d,2026/4/29,1780.142857,119.1428571,1825,58.57142857,68.28571429,7,0.219047619,0.20952381,0.021428571,0.978571429,0.805755396,0.179856115,0.014388489,HIGH,0,2.133333333
d7ce66cd-b03f-4f99-947f-2c89e3d3734d,2026/4/30,3021.142857,82.28571429,3606.428571,55,65.5,6.7,0.146766169,0.248756219,0.032338308,0.967661692,0.744186047,0.217054264,0.03875969,HIGH,0,0
d7ce66cd-b03f-4f99-947f-2c89e3d3734d,2026/5/2,838.7857143,99,947.8571429,61.03571429,73.14285714,5.216666667,0.303514377,0.022364217,0.52715655,0.47284345,0.775193798,0.186046512,0.03875969,LOW,0.593333333,0
d7ce66cd-b03f-4f99-947f-2c89e3d3734d,2026/5/3,1680.6,64.6,1880.8,60.5,68.5,5.45,0.287461774,0.021406728,0.140672783,0.859327217,0.704225352,0.281690141,0.014084507,GOOD,0,0.633333333
d7ce66cd-b03f-4f99-947f-2c89e3d3734d,2026/5/4,3915.888889,136.1111111,4148.333333,51,67.33333333,6.106388889,0.180139198,0.035481963,0.038211345,0.961788655,0.755725191,0.229007634,0.015267176,HIGH,0,3.916666667
d7ce66cd-b03f-4f99-947f-2c89e3d3734d,2026/5/5,1035.125,33.875,1507.875,50.75,59.5,7.116666667,0.149882904,0.098360656,0.035128806,0.964871194,0.790322581,0.201612903,0.008064516,HIGH,0,0
d7ce66cd-b03f-4f99-947f-2c89e3d3734d,2026/5/7,22.66666667,4,55,55,59,6.7,0.186567164,0.074626866,0.059701493,0.940298507,0.961696306,0.038303694,0,HIGH,0,0
e23397e2-a893-4db4-beee-628b9aa5420a,2026/3/10,2570.166667,293.3333333,3834.333333,71.16666667,86.5,7.266666667,0.178899083,0.199541284,0.009174312,0.990825688,0.76,0.222857143,0.017142857,LOW,0,0
e23397e2-a893-4db4-beee-628b9aa5420a,2026/3/11,3644.375,712.25,5134.25,74.125,90.25,7.058611111,0.207784031,0.159419149,0.049584825,0.950415175,0.733695652,0.255434783,0.010869565,LOW,0,9.083333333
e23397e2-a893-4db4-beee-628b9aa5420a,2026/3/12,1864,336,3617.8,75,93.4,5.25,0.466666667,0.168253968,0,1,0.734939759,0.265060241,0,LOW,0,0
e23397e2-a893-4db4-beee-628b9aa5420a,2026/3/13,2513.5,263,3712.5,70,83.4,7.66375,0.163066315,0.189887668,0.024667932,0.975332068,0.754010695,0.229946524,0.016042781,LOW,0,0
e23397e2-a893-4db4-beee-628b9aa5420a,2026/3/14,1730.333333,487,3343.166667,69.83333333,86.66666667,9.383333333,0.04973357,0.085257549,0.021314387,0.978685613,0.75308642,0.24691358,0,LOW,0,9.316666667
e23397e2-a893-4db4-beee-628b9aa5420a,2026/3/15,2600.555556,433.7777778,3991.666667,75,89.33333333,7.35,0.204081633,0.113378685,0.031746032,0.968253968,0.786982249,0.201183432,0.01183432,LOW,0,6.25
e23397e2-a893-4db4-beee-628b9aa5420a,2026/3/16,3613.5,875.625,4418,72.5,90.25,8.449166667,0.151888746,0.147943584,0.102574218,0.897425782,0.78115142,0.21884858,0,LOW,0,31.21666667
e23397e2-a893-4db4-beee-628b9aa5420a,2026/3/17,1563,147.3333333,2764.833333,67.66666667,79,6.316666667,0.255936675,0.145118734,0.055408971,0.944591029,0.715116279,0.284883721,0,HIGH,0,1.5
e23397e2-a893-4db4-beee-628b9aa5420a,2026/3/18,3211.888889,723.2222222,4381.666667,63.77777778,83.11111111,7.65,0.154684096,0.163398693,0.074074074,0.925925926,0.764367816,0.235632184,0,LOW,0,6.333333333
e23397e2-a893-4db4-beee-628b9aa5420a,2026/3/20,4336.333333,557.6666667,6012.333333,62,85,5.766666667,0.170520231,0.231213873,0,1,0.732919255,0.267080745,0,GOOD,0,34.45
e23397e2-a893-4db4-beee-628b9aa5420a,2026/3/21,4425.375,656.375,7588.125,70.5,94.25,6.733333333,0.205445545,0.150990099,0.079207921,0.920792079,0.707602339,0.269005848,0.023391813,LOW,0,10.95
e23397e2-a893-4db4-beee-628b9aa5420a,2026/3/22,3184.230769,528.0769231,5581.615385,73.66666667,92.5,7.866666667,0.13559322,0.139830508,0.025423729,0.974576271,0.695906433,0.286549708,0.01754386,LOW,0,8.166666667
e23397e2-a893-4db4-beee-628b9aa5420a,2026/3/23,5268.5,1622,8285,80,100.5,7.078611111,0.094180434,0.131185496,0.014127065,0.985872935,0.747252747,0.247252747,0.005494505,LOW,0,0
e23397e2-a893-4db4-beee-628b9aa5420a,2026/3/24,2618.555556,702.8888889,5708.333333,73.11111111,94.88888889,6.616666667,0.136020151,0.088161209,0.0302267,0.9697733,0.768421053,0.226315789,0.005263158,VERY_LOW,0,11.1
e23397e2-a893-4db4-beee-628b9aa5420a,2026/3/25,4073.266667,763.5333333,5631.6,74,92,7.266666667,0.175644979,0.115189607,0.04225894,0.95774106,0.753926702,0.235602094,0.010471204,VERY_LOW,0,17.85
e23397e2-a893-4db4-beee-628b9aa5420a,2026/3/27,1796.4,487.2,3810,77.4,93.2,6.388888889,0.10173913,0.067826087,0.036521739,0.963478261,0.727272727,0.267676768,0.005050505,LOW,0,0
e23397e2-a893-4db4-beee-628b9aa5420a,2026/3/28,1343.142857,431.7142857,3265.714286,74.85714286,87.28571429,8.6,0.178294574,0.168604651,0.009689922,0.990310078,0.721311475,0.262295082,0.016393443,LOW,0,11.45
e23397e2-a893-4db4-beee-628b9aa5420a,2026/3/29,5347.5,514.3333333,6689,79,96.33333333,5.608333333,0.222472833,0.060344828,0.012467482,0.987532518,0.721649485,0.273195876,0.005154639,VERY_LOW,0,2.7
e23397e2-a893-4db4-beee-628b9aa5420a,2026/3/31,5272,197,5934,76,88,7.513055556,0.133101638,0.103782305,0,1,0.753521127,0.23943662,0.007042254,GOOD,0,0
e23397e2-a893-4db4-beee-628b9aa5420a,2026/4/1,3353.2,1121,6291,78.2,95,6.1,0.169398907,0.163934426,0.040983607,0.959016393,0.75,0.25,0,LOW,0,13.8
e23397e2-a893-4db4-beee-628b9aa5420a,2026/4/2,4059.857143,851,7151.142857,79.14285714,96.85714286,5.716666667,0.306122449,0.037900875,0.090379009,0.909620991,0.683937824,0.316062176,0,VERY_LOW,0,0
e23397e2-a893-4db4-beee-628b9aa5420a,2026/4/3,1789.625,745,4027.5,80.75,94.125,8.366666667,0.067729084,0.025896414,0.065737052,0.934262948,0.734463277,0.259887006,0.005649718,VERY_LOW,0,0
e23397e2-a893-4db4-beee-628b9aa5420a,2026/4/4,2982.666667,744,6381.666667,75,96,5.233333333,0.203821656,0.079617834,0.312101911,0.687898089,0.718918919,0.281081081,0,VERY_LOW,0,2.466666667
e23397e2-a893-4db4-beee-628b9aa5420a,2026/4/5,3468.333333,584.6666667,7495,68,86.33333333,5.794444444,0.330776606,0.134228188,0.011505273,0.988494727,0.74137931,0.252873563,0.005747126,VERY_LOW,0,8.316666667
e23397e2-a893-4db4-beee-628b9aa5420a,2026/4/6,2036.571429,442.2857143,4647.857143,62.85714286,82.85714286,7.1,0.110328638,0.237089202,0.044600939,0.955399061,0.753768844,0.246231156,0,LOW,0,10.23333333
e23397e2-a893-4db4-beee-628b9aa5420a,2026/4/8,2258.777778,400,3359.888889,59.11111111,77.44444444,7.016666667,0.106888361,0.244655582,0.049881235,0.950118765,0.74863388,0.25136612,0,GOOD,0,10.01666667
e23397e2-a893-4db4-beee-628b9aa5420a,2026/4/9,1166,207.3333333,2123.333333,64,82.33333333,6.566666667,0.192893401,0.187817259,0.078680203,0.921319797,0.806060606,0.181818182,0.012121212,LOW,0,1.016666667
e23397e2-a893-4db4-beee-628b9aa5420a,2026/4/10,2756,355.5555556,4447.777778,58.22222222,78.77777778,5.15,0.25566343,0.100323625,0.080906149,0.919093851,0.728323699,0.265895954,0.005780347,GOOD,0,1.8
e23397e2-a893-4db4-beee-628b9aa5420a,2026/4/11,2662.571429,333.8571429,3765,58.14285714,78.42857143,7.25,0.147126437,0.275862069,0.016091954,0.983908046,0.801282051,0.192307692,0.006410256,HIGH,0,4.15
e23397e2-a893-4db4-beee-628b9aa5420a,2026/4/12,1183.5,251.5,2156.666667,64.16666667,86.5,8.866666667,0.19924812,0.178571429,0.067669173,0.932330827,0.751724138,0.248275862,0,HIGH,0,3.733333333
e23397e2-a893-4db4-beee-628b9aa5420a,2026/4/14,4131,1093,5609.25,66,90.75,5.55,0.219219219,0.063063063,0.072072072,0.927927928,0.776536313,0.217877095,0.005586592,VERY_LOW,0,18.6
e23397e2-a893-4db4-beee-628b9aa5420a,2026/4/15,2903.222222,722.8888889,3847.333333,65.88888889,92.77777778,6.116666667,0.136239782,0.103542234,0.095367847,0.904632153,0.75,0.244444444,0.005555556,VERY_LOW,0,16.46666667
e23397e2-a893-4db4-beee-628b9aa5420a,2026/4/16,1967.625,494,3197,68,88.5,6.283333333,0.177718833,0.153846154,0.061007958,0.938992042,0.75,0.244680851,0.005319149,LOW,0,8.066666667
e23397e2-a893-4db4-beee-628b9aa5420a,2026/4/17,4299.8,973.2,7270.8,71.4,92.2,5.338194444,0.247226309,0.047868703,0.048721222,0.951278778,0.727272727,0.262032086,0.010695187,VERY_LOW,0,0
e23397e2-a893-4db4-beee-628b9aa5420a,2026/4/18,17308.33333,1554.666667,14900,69.33333333,104,11.53333333,0.112716763,0.163294798,0.101156069,0.898843931,0.655367232,0.338983051,0.005649718,VERY_LOW,0,11.85
e23397e2-a893-4db4-beee-628b9aa5420a,2026/4/20,2986.428571,694,4621.714286,72.28571429,91.71428571,7.266666667,0.165137615,0.121559633,0.009174312,0.990825688,0.770114943,0.229885057,0,LOW,0,11.13333333
e23397e2-a893-4db4-beee-628b9aa5420a,2026/4/21,2599.333333,746.6666667,4054.166667,75.33333333,92.83333333,6.866666667,0.199029126,0.024271845,0.094660194,0.905339806,0.718085106,0.25,0.031914894,VERY_LOW,0,7.233333333
e23397e2-a893-4db4-beee-628b9aa5420a,2026/4/22,2182.166667,822.5,3357.5,74.33333333,94.16666667,7.35,0.145124717,0.081632653,0,1,0.711656442,0.282208589,0.006134969,VERY_LOW,0,2.95
e23397e2-a893-4db4-beee-628b9aa5420a,2026/4/23,3124.222222,996.4444444,4355.888889,75.22222222,98.22222222,6.45,0.093023256,0.03875969,0.087855297,0.912144703,0.775280899,0.219101124,0.005617978,VERY_LOW,0,0
e23397e2-a893-4db4-beee-628b9aa5420a,2026/4/24,1615.454545,717.9090909,3839.454545,77,93.63636364,6.533333333,0.181122449,0.158163265,0.00255102,0.99744898,0.760736196,0.233128834,0.006134969,VERY_LOW,0,2.75
e23397e2-a893-4db4-beee-628b9aa5420a,2026/4/25,2535.272727,578.9090909,4223.636364,77.18181818,95.36363636,6.75,0.07654321,0,0.017283951,0.982716049,0.774725275,0.225274725,0,VERY_LOW,0,13.53333333
e23397e2-a893-4db4-beee-628b9aa5420a,2026/4/26,3078.5,792,4648.333333,78.33333333,91,7.533333333,0.165929204,0.103982301,0.004424779,0.995575221,0.733727811,0.26035503,0.00591716,VERY_LOW,0,0
e23397e2-a893-4db4-beee-628b9aa5420a,2026/4/27,1591.2,394,2391,81,93.8,6.3,0.150793651,0,0.015873016,0.984126984,0.758426966,0.241573034,0,VERY_LOW,0,0
e23397e2-a893-4db4-beee-628b9aa5420a,2026/4/29,3318.142857,783.5714286,5208,78,93,7.1,0.110328638,0.018779343,0.03286385,0.96713615,0.709677419,0.284946237,0.005376344,VERY_LOW,0,2.066666667
e23397e2-a893-4db4-beee-628b9aa5420a,2026/4/30,2949.875,687.75,4445.625,80.75,97.25,7.083333333,0.094425978,0.078802457,0.002544529,0.997455471,0.763736264,0.225274725,0.010989011,VERY_LOW,0,0
e23397e2-a893-4db4-beee-628b9aa5420a,2026/5/2,3530.5,464,5297.875,81.25,94.125,6.133333333,0.190217391,0.0625,0.0625,0.9375,0.755244755,0.237762238,0.006993007,VERY_LOW,0,0
e23397e2-a893-4db4-beee-628b9aa5420a,2026/5/3,6544.857143,928.2857143,6951.428571,80.16666667,99.16666667,7.591666667,0.09916141,0.109774583,0.03144834,0.96855166,0.705882353,0.281045752,0.013071895,LOW,0,0
e23397e2-a893-4db4-beee-628b9aa5420a,2026/5/5,3167.5,492,3744.5,78.16666667,90.83333333,7.55,0.165562914,0,0.037527594,0.962472406,0.769662921,0.213483146,0.016853933,VERY_LOW,0,0
e23397e2-a893-4db4-beee-628b9aa5420a,2026/5/6,2939.666667,791.5,4263.5,74.66666667,90.66666667,6.883333333,0.203389831,0.152542373,0.075060533,0.924939467,0.748502994,0.245508982,0.005988024,LOW,0,2.566666667
e23397e2-a893-4db4-beee-628b9aa5420a,2026/5/7,2155.857143,762.5714286,3979.285714,77.71428571,95.42857143,5.883333333,0.294617564,0.164305949,0.008498584,0.991501416,0.758426966,0.235955056,0.005617978,VERY_LOW,0,3.466666667
e23397e2-a893-4db4-beee-628b9aa5420a,2026/5/8,1981.111111,742.8888889,3955,78.66666667,94.11111111,7.033333333,0.204053787,0.155809486,0.087245402,0.912754598,0.743455497,0.246073298,0.010471204,LOW,0,0
e23397e2-a893-4db4-beee-628b9aa5420a,2026/5/10,3777.285714,509.1428571,5287.142857,68.14285714,88.14285714,5.683333333,0.249266862,0.205278592,0.023460411,0.976539589,0.701062888,0.285651019,0.013286094,LOW,0,12.9
e2ed1481-71a1-4caa-9a59-93389c377eb5,2026/3/12,1240,49.5,1831,50,63.5,6.816666667,0.19804401,0.161369193,0.06601467,0.93398533,0.722627737,0.255474453,0.02189781,HIGH,0,1.533333333
e2ed1481-71a1-4caa-9a59-93389c377eb5,2026/3/13,3176.285714,103.8571429,3128,50.42857143,63.71428571,5.366666667,0.288819876,0.180124224,0.046583851,0.953416149,0.743337196,0.24797219,0.008690614,GOOD,0,0
e2ed1481-71a1-4caa-9a59-93389c377eb5,2026/3/14,4178.6,119.2,4804.6,51.6,63.1,7.633333333,0.063318777,0.120087336,0.061135371,0.938864629,0.680555556,0.319444444,0,HIGH,0,4.133333333
e2ed1481-71a1-4caa-9a59-93389c377eb5,2026/3/15,833.3,46.4,1742.5,54,68.8,3,0.383333333,0.072222222,0.022222222,0.977777778,0.888888889,0.101851852,0.009259259,HIGH,0,0
e2ed1481-71a1-4caa-9a59-93389c377eb5,2026/3/25,2202.571429,63.85714286,2580.142857,51.66666667,64.33333333,4.583333333,0.370909091,0.047272727,0.043636364,0.956363636,0.753846154,0.238461538,0.007692308,HIGH,0,9.466666667
e2ed1481-71a1-4caa-9a59-93389c377eb5,2026/3/28,2476.7,66.5,2994.5,52.3,62.4,6.383333333,0.292428198,0.161879896,0,1,0.708029197,0.284671533,0.00729927,HIGH,0.011666667,5.333333333
e2ed1481-71a1-4caa-9a59-93389c377eb5,2026/3/30,2052.833333,54,2320.916667,51.41666667,61.75,4.866666667,0.345890411,0.047945205,0.030821918,0.969178082,0.759689922,0.240310078,0,HIGH,0,0
e2ed1481-71a1-4caa-9a59-93389c377eb5,2026/4/1,1867.333333,44.83333333,2694.166667,49.5,66.16666667,5.433333333,0.349693252,0.165644172,0.021472393,0.978527607,0.806722689,0.18487395,0.008403361,HIGH,0,0
e2ed1481-71a1-4caa-9a59-93389c377eb5,2026/4/5,5042.1,254.3,6689.5,52.6,69.2,6.616666667,0.221662469,0.123425693,0.01511335,0.98488665,0.648148148,0.351851852,0,LOW,0,9.983333333
e2ed1481-71a1-4caa-9a59-93389c377eb5,2026/4/6,1608.444444,131.4444444,2328.333333,65.66666667,91.77777778,0.016666667,0,0,0,1,0.77443609,0.22556391,0,VERY_LOW,0,0
e2ed1481-71a1-4caa-9a59-93389c377eb5,2026/4/7,3614.181818,87.36363636,4935.272727,50.72727273,66.81818182,4.566666667,0.142335766,0.164233577,0,1,0.727272727,0.272727273,0,LOW,0,6.45
e2ed1481-71a1-4caa-9a59-93389c377eb5,2026/4/8,3427.285714,102.4285714,3964.428571,47.71428571,64.71428571,4.366666667,0.335877863,0.198473282,0.041984733,0.958015267,0.727272727,0.265151515,0.007575758,GOOD,0,1.3
e2ed1481-71a1-4caa-9a59-93389c377eb5,2026/4/11,4123.166667,134.6666667,3747.666667,49,61.2,5.828055556,0.231638149,0.082932177,0.008579191,0.991420809,0.748091603,0.236641221,0.015267176,HIGH,0,1.733333333
e2ed1481-71a1-4caa-9a59-93389c377eb5,2026/4/12,1402.666667,41.77777778,1635.111111,47.33333333,59.11111111,7.433333333,0.179372197,0.17264574,0.1367713,0.8632287,0.771653543,0.228346457,0,HIGH,0,0
e2ed1481-71a1-4caa-9a59-93389c377eb5,2026/4/13,1980.1,54,2234.8,46.2,55.8,6.216666667,0.233243968,0.174262735,0.058981233,0.941018767,0.815833801,0.184166199,0,HIGH,0,0
e2ed1481-71a1-4caa-9a59-93389c377eb5,2026/4/14,1664.666667,54.5,1704.666667,42,52.8,9.716666667,0.154373928,0.248713551,0.024013722,0.975986278,0.776,0.224,0,HIGH,0,2.2
e2ed1481-71a1-4caa-9a59-93389c377eb5,2026/4/15,1940.571429,43.28571429,2301.428571,48.14285714,59.71428571,6.033333333,0.196132597,0.162983425,0.013812155,0.986187845,0.786885246,0.213114754,0,HIGH,0,1.95
e2ed1481-71a1-4caa-9a59-93389c377eb5,2026/4/16,348,26.33333333,485,51,56,5.916666667,0.132394366,0.081690141,0.354929577,0.645070423,0.821138211,0.170731707,0.008130081,HIGH,0,1.516666667
e2ed1481-71a1-4caa-9a59-93389c377eb5,2026/4/17,1668.333333,82.5,1979,50,64,4.816666667,0.107266436,0.176470588,0.069204152,0.930795848,0.860869565,0.139130435,0,LOW,0,5.1
e2ed1481-71a1-4caa-9a59-93389c377eb5,2026/4/19,487.4444444,15.55555556,1348.333333,51.11111111,64.66666667,7.083055556,0.19059571,0.096474372,0.082356171,0.917643829,0.880733945,0.119266055,0,GOOD,0,0
e2ed1481-71a1-4caa-9a59-93389c377eb5,2026/4/20,1708.166667,111.5,1775,51,65.8,3.2,0.260416667,0.041666667,0.151041667,0.848958333,0.811023622,0.188976378,0,HIGH,0,4.983333333
e2ed1481-71a1-4caa-9a59-93389c377eb5,2026/4/21,45.16666667,0,155,50,53.83333333,8.033333333,0.101659751,0.217842324,0.03526971,0.96473029,0.96969697,0.03030303,0,HIGH,0,0
e2ed1481-71a1-4caa-9a59-93389c377eb5,2026/4/22,2874.4,147.6,3056,52,66,6.816666667,0.163814181,0.141809291,0.019559902,0.980440098,0.782945736,0.209302326,0.007751938,HIGH,0,5.633333333
e2ed1481-71a1-4caa-9a59-93389c377eb5,2026/4/23,928.7894737,35.05263158,1128.684211,50.33333333,61.53333333,4.65,0.41218638,0.197132616,0.010752688,0.989247312,0.866071429,0.133928571,0,HIGH,0,3.2
e2ed1481-71a1-4caa-9a59-93389c377eb5,2026/4/24,221.6666667,3.333333333,460,51.66666667,59,4.782777778,0.327564177,0.188175166,0.038331978,0.961668022,0.96,0.04,0,HIGH,0,0
e2ed1481-71a1-4caa-9a59-93389c377eb5,2026/4/26,301.5,7.5,823.75,52,60.5,6.733333333,0.267326733,0.094059406,0.024752475,0.975247525,0.880733945,0.119266055,0,HIGH,0,0
e2ed1481-71a1-4caa-9a59-93389c377eb5,2026/4/27,1520.666667,61.66666667,1899.666667,50,64.2,5.05,0.260726073,0.161716172,0.00990099,0.99009901,0.803278689,0.18852459,0.008196721,HIGH,0,1.566666667
e2ed1481-71a1-4caa-9a59-93389c377eb5,2026/4/30,82.5,5.25,180,54,62.85714286,8.966666667,0.20260223,0.130111524,0.007434944,0.992565056,0.96,0.04,0,GOOD,0,0
e2ed1481-71a1-4caa-9a59-93389c377eb5,2026/5/1,2691.2,90.6,3236,57.25,66.75,9.433333333,0.166077739,0.116607774,0.017667845,0.982332155,0.738461538,0.261538462,0,HIGH,0,3.133333333
e2ed1481-71a1-4caa-9a59-93389c377eb5,2026/5/2,350.125,12,642.75,52.25,66.375,6.966666667,0.184210526,0.21291866,0.028708134,0.971291866,0.906542056,0.08411215,0.009345794,HIGH,0,0
e2ed1481-71a1-4caa-9a59-93389c377eb5,2026/5/3,497.2,20.8,1641,51.4,62.6,5.733333333,0.261627907,0.156976744,0.005813953,0.994186047,0.888888889,0.101851852,0.009259259,HIGH,0,0
e2ed1481-71a1-4caa-9a59-93389c377eb5,2026/5/4,2004.583333,70.91666667,2804.25,52.25,64.66666667,5.183333333,0.356913183,0.180064309,0.221864952,0.778135048,0.705035971,0.294964029,0,GOOD,0,26.78333333
e2ed1481-71a1-4caa-9a59-93389c377eb5,2026/5/5,1452.083333,37.41666667,1564.583333,54.58333333,68.75,6.393888889,0.125119472,0.189330089,0.122512816,0.877487184,0.8,0.2,0,LOW,0,1.666666667
e2ed1481-71a1-4caa-9a59-93389c377eb5,2026/5/7,386.8571429,23,1127.142857,56.57142857,76.42857143,3.483333333,0.19138756,0.071770335,0.157894737,0.842105263,0.864864865,0.117117117,0.018018018,LOW,0,0
e2ed1481-71a1-4caa-9a59-93389c377eb5,2026/5/9,408,5.166666667,590.8333333,52.33333333,62.66666667,7.883333333,0.266384778,0.122621564,0.126849894,0.873150106,0.849557522,0.14159292,0.008849558,HIGH,0,0
e2ed1481-71a1-4caa-9a59-93389c377eb5,2026/5/10,150,3,545,54.33333333,64,4.033333333,0.243801653,0.152892562,0.012396694,0.987603306,0.864285714,0.135714286,0,GOOD,0,0
e3dcf069-4a93-4886-9e82-e8b8250d4266,2026/3/10,4730.4,170.3333333,2949,47,63.46666667,6.466666667,0.244845361,0.162371134,0.020618557,0.979381443,0.68,0.113333333,0.206666667,GOOD,0,0
e3dcf069-4a93-4886-9e82-e8b8250d4266,2026/3/11,3201.777778,169.6666667,1946.222222,47.11111111,61.77777778,7.083333333,0.277647059,0.232941176,0.007058824,0.992941176,0.703947368,0.078947368,0.217105263,LOW,0,12.65
e3dcf069-4a93-4886-9e82-e8b8250d4266,2026/3/12,11907.78571,457.0714286,7565.642857,48.21428571,67.57142857,5.75,0.28115942,0.150724638,0.017391304,0.982608696,0.639751553,0.217391304,0.142857143,GOOD,0,12
e3dcf069-4a93-4886-9e82-e8b8250d4266,2026/3/13,3463,106.5,2062.375,48.375,57.5,8.416666667,0.247524752,0.332673267,0.011881188,0.988118812,0.657534247,0.178082192,0.164383562,HIGH,0,0
e3dcf069-4a93-4886-9e82-e8b8250d4266,2026/3/14,19055,503,11610,48,70,6.766666667,0.214285714,0.231527094,0.022167488,0.977832512,0.678321678,0.167832168,0.153846154,HIGH,0,0
e3dcf069-4a93-4886-9e82-e8b8250d4266,2026/3/15,17890,489,10388,46,71,6.866666667,0.225728155,0.259708738,0.002427184,0.997572816,0.642857143,0.149350649,0.207792208,GOOD,0,0
e3dcf069-4a93-4886-9e82-e8b8250d4266,2026/3/16,1312.611111,45.88888889,814.0555556,46.5,55.66666667,5.666666667,0.208823529,0.188235294,0.020588235,0.979411765,0.678082192,0.102739726,0.219178082,GOOD,0,0
e3dcf069-4a93-4886-9e82-e8b8250d4266,2026/3/17,4716.125,216.625,2305,49.5,63.75,6.891666667,0.279455696,0.237888999,0.015307083,0.984692917,0.649006623,0.079470199,0.271523179,LOW,0,0
e3dcf069-4a93-4886-9e82-e8b8250d4266,2026/3/19,2633.090909,146.8181818,1882.636364,51.09090909,67.54545455,6.833333333,0.204878049,0.219512195,0.034146341,0.965853659,0.722972973,0.121621622,0.155405405,LOW,0,8.6
e3dcf069-4a93-4886-9e82-e8b8250d4266,2026/3/20,8639.583333,528.8333333,3857.916667,49,69.33333333,6.341666667,0.192141767,0.160053405,0.037411569,0.962588431,0.693877551,0.156462585,0.149659864,LOW,0,0
e3dcf069-4a93-4886-9e82-e8b8250d4266,2026/3/23,2628.5,106.75,1490.875,51.375,65.125,6.908333333,0.271196569,0.160887116,0.051843129,0.948156871,0.739130435,0.072463768,0.188405797,GOOD,0,12.15
e3dcf069-4a93-4886-9e82-e8b8250d4266,2026/3/25,2450.875,73.5,1308.875,50.5,64.25,7.016666667,0.225653207,0.216152019,0,1,0.695035461,0.078014184,0.226950355,GOOD,0,2.25
e3dcf069-4a93-4886-9e82-e8b8250d4266,2026/3/26,2990.375,197.875,2499.125,50,66.75,6.8,0.262254902,0.208333333,0.004901961,0.995098039,0.746666667,0.14,0.113333333,LOW,0,12.86666667
e3dcf069-4a93-4886-9e82-e8b8250d4266,2026/3/30,6317.272727,317.5454545,3322.545455,53.27272727,70.36363636,7.266666667,0.222477064,0.19266055,0.002293578,0.997706422,0.684563758,0.127516779,0.187919463,VERY_LOW,0,16.5
e3dcf069-4a93-4886-9e82-e8b8250d4266,2026/4/2,3431.5,125.7,2095.9,53.6,68.4,7.3,0.235159817,0.226027397,0.002283105,0.997716895,0.718518519,0.103703704,0.177777778,LOW,0,4.7
e3dcf069-4a93-4886-9e82-e8b8250d4266,2026/4/4,4819.642857,194.7142857,2344.285714,54.64285714,67.35714286,7.933333333,0.18487395,0.233193277,0.008403361,0.991596639,0.666666667,0.104166667,0.229166667,GOOD,0,6.65
e3dcf069-4a93-4886-9e82-e8b8250d4266,2026/4/5,2382.642857,398.5,1353.428571,54.28571429,70.64285714,7.25,0.213793103,0.209195402,0.07816092,0.92183908,0.722222222,0.131944444,0.145833333,LOW,1.122777778,0
e3dcf069-4a93-4886-9e82-e8b8250d4266,2026/4/7,3830.769231,166.4615385,2355.538462,54.58333333,69.25,5.85,0.279202279,0.15954416,0.005698006,0.994301994,0.689189189,0.094594595,0.216216216,LOW,0,15.18333333
e3dcf069-4a93-4886-9e82-e8b8250d4266,2026/4/8,3207.5625,94.3125,1712.875,50.1875,64.625,8.666666667,0.201923077,0.201923077,0,1,0.689655172,0.062068966,0.248275862,GOOD,0,6
e3dcf069-4a93-4886-9e82-e8b8250d4266,2026/4/9,3573.1,213,2232.5,51.4,69,6.116666667,0.277929155,0.108991826,0.049046322,0.950953678,0.717105263,0.111842105,0.171052632,LOW,0,13.6
e3dcf069-4a93-4886-9e82-e8b8250d4266,2026/4/10,2004,40,1034.4,59.375,73.125,4.85,0.323024055,0.10652921,0.058419244,0.941580756,0.736842105,0.037593985,0.22556391,HIGH,0,0
e3dcf069-4a93-4886-9e82-e8b8250d4266,2026/4/12,2212.230769,42.15384615,1107.846154,59.9,79,7.066666667,0.254716981,0.216981132,0.070754717,0.929245283,0.714285714,0.078571429,0.207142857,GOOD,0,0
e3dcf069-4a93-4886-9e82-e8b8250d4266,2026/4/13,2310.285714,65.71428571,1193.714286,49.57142857,61.42857143,7.183333333,0.276102088,0.241299304,0,1,0.668918919,0.040540541,0.290540541,HIGH,0,1.15
e3dcf069-4a93-4886-9e82-e8b8250d4266,2026/4/15,5264,193.1,3325.1,47.6,64.3,7.1,0.285134897,0.237171575,0.009389878,0.990610122,0.706293706,0.13986014,0.153846154,GOOD,0.678333333,5.1
e3dcf069-4a93-4886-9e82-e8b8250d4266,2026/4/20,3062.727273,84.90909091,1593.454545,50.81818182,62.90909091,6.85,0.272506083,0.204379562,0.01946472,0.98053528,0.695035461,0.056737589,0.24822695,HIGH,0,1.15
e3dcf069-4a93-4886-9e82-e8b8250d4266,2026/4/21,6308.714286,347,2998.214286,49,65.92857143,7.316666667,0.173120729,0.209567198,0.022779043,0.977220957,0.702702703,0.114864865,0.182432432,LOW,0,10.3
e3dcf069-4a93-4886-9e82-e8b8250d4266,2026/4/22,3559.833333,126,2003.5,55,83,7.183333333,0.215777262,0.3225058,0.020881671,0.979118329,0.705479452,0.075342466,0.219178082,LOW,0,4.066666667
e3dcf069-4a93-4886-9e82-e8b8250d4266,2026/4/27,3523.428571,109.4285714,1909.571429,57.4,78.8,7.583333333,0.294505495,0.281318681,0.021978022,0.978021978,0.7,0.071428571,0.228571429,GOOD,0,0
e3dcf069-4a93-4886-9e82-e8b8250d4266,2026/5/3,2150.466667,818.7333333,1827.266667,51.53333333,77.8,6.666666667,0.3025,0.0975,0.01,0.99,0.727891156,0.108843537,0.163265306,LOW,0,0
e3dcf069-4a93-4886-9e82-e8b8250d4266,2026/5/4,4517.555556,192.2222222,2825.333333,61,78.66666667,8.35,0.175648703,0.183632735,0.001996008,0.998003992,0.75862069,0.103448276,0.137931034,LOW,0,3.533333333
e3dcf069-4a93-4886-9e82-e8b8250d4266,2026/5/6,3853.545455,211.8181818,2979.363636,52.27272727,66.63636364,6.966666667,0.26076555,0.208133971,0.0215311,0.9784689,0.746478873,0.105633803,0.147887324,LOW,0,3.3
e3dcf069-4a93-4886-9e82-e8b8250d4266,2026/5/9,2321,74.38461538,1194.923077,49.23076923,60.92307692,6.831944444,0.261028664,0.204716406,0,1,0.746268657,0.052238806,0.201492537,HIGH,0,0
e3dcf069-4a93-4886-9e82-e8b8250d4266,2026/5/10,3616.5,111.1,2033.3,54.8,65.7,7.916666667,0.204210526,0.210526316,0.052631579,0.947368421,0.675977654,0.075418994,0.248603352,GOOD,0,0
e5cc876c-a84d-497d-8450-a43277f78a9e,2026/3/9,7019.2,189.4,7853,54,70,6.483333333,0.208226221,0.213367609,0.020565553,0.979434447,0.741935484,0.258064516,0,HIGH,0,0
e5cc876c-a84d-497d-8450-a43277f78a9e,2026/3/10,4050.3,161,5130.5,52,66.3,6.066666667,0.274725275,0.142857143,0.06043956,0.93956044,0.657894737,0.342105263,0,LOW,0,12.33333333
e5cc876c-a84d-497d-8450-a43277f78a9e,2026/3/11,4594.636364,134.8181818,4951.272727,61,70.63636364,6.516666667,0.189258312,0.10741688,0.038363171,0.961636829,0.646666667,0.34,0.013333333,LOW,0,0
e5cc876c-a84d-497d-8450-a43277f78a9e,2026/3/12,3559.3,138.5,4444.5,61,70.6,6.633333333,0.206030151,0.173366834,0,1,0.695035461,0.304964539,0,LOW,0,0
e5cc876c-a84d-497d-8450-a43277f78a9e,2026/3/13,4887.4,161.8,5801.2,53,67.1,9.158611111,0.198356131,0.238391314,0,1,0.673611111,0.326388889,0,GOOD,0,0
e5cc876c-a84d-497d-8450-a43277f78a9e,2026/3/15,795.1428571,47.14285714,1002.857143,56,67,6.612777778,0.166481098,0.213869199,0.020274843,0.979725157,0.844827586,0.146551724,0.00862069,HIGH,0,0
e5cc876c-a84d-497d-8450-a43277f78a9e,2026/3/16,3997.75,120.125,5027,57,69,6.383333333,0.237597911,0.182767624,0.031331593,0.968668407,0.687943262,0.304964539,0.007092199,GOOD,0,0
e5cc876c-a84d-497d-8450-a43277f78a9e,2026/3/17,3136.444444,89.66666667,3698,51,63.77777778,6.766666667,0.226600985,0.194581281,0.004926108,0.995073892,0.702898551,0.297101449,0,GOOD,0,0
e5cc876c-a84d-497d-8450-a43277f78a9e,2026/3/19,4523.444444,173.8888889,5539.666667,54.44444444,71.22222222,5.449166667,0.153388727,0.239918505,0.006561124,0.993438876,0.692857143,0.3,0.007142857,LOW,0,0
e5cc876c-a84d-497d-8450-a43277f78a9e,2026/3/20,3773,117.6666667,4627,57.16666667,68.83333333,9.9,0.146464646,0.225589226,0.001683502,0.998316498,0.692857143,0.307142857,0,LOW,0,0
e5cc876c-a84d-497d-8450-a43277f78a9e,2026/3/22,797.8571429,24.71428571,606,51.85714286,68.28571429,7.3,0.153290458,0.224318152,0.019530122,0.980469878,0.941176471,0.039215686,0.019607843,HIGH,0,0
e5cc876c-a84d-497d-8450-a43277f78a9e,2026/3/23,5225.7,250.8,6843.9,51,66.8,6.283333333,0.159151194,0.25464191,0.029177719,0.970822281,0.690140845,0.309859155,0,LOW,0,12.08333333
e5cc876c-a84d-497d-8450-a43277f78a9e,2026/3/24,4745.375,132,5143.5,51,64,6.65,0.268170426,0.215538847,0.002506266,0.997493734,0.671232877,0.321917808,0.006849315,GOOD,0,0
e5cc876c-a84d-497d-8450-a43277f78a9e,2026/3/26,3447.5,110.875,4040.5,51,65.25,6.110972222,0.181110758,0.125731012,0.001582278,0.998417722,0.729323308,0.270676692,0,GOOD,0,0
e5cc876c-a84d-497d-8450-a43277f78a9e,2026/3/28,6557.571429,565.7142857,5767.285714,49,71.28571429,8.758611111,0.104658907,0.245472709,0.001902889,0.998097111,0.787878788,0.204545455,0.007575758,LOW,0,0
e5cc876c-a84d-497d-8450-a43277f78a9e,2026/3/29,884.5,29.5,680,50.5,67,7.333333333,0.198751698,0.233483356,0.010742188,0.989257813,0.96,0.04,0,GOOD,0,0
e5cc876c-a84d-497d-8450-a43277f78a9e,2026/3/30,4368.5,137.5,4377.625,50,64.125,6.3,0.253968254,0.23015873,0.026455026,0.973544974,0.676056338,0.316901408,0.007042254,GOOD,0,0
e5cc876c-a84d-497d-8450-a43277f78a9e,2026/3/31,4074.111111,114.7777778,3815.333333,52,66.11111111,5.85,0.190883191,0.182336182,0.116809117,0.883190883,0.702898551,0.289855072,0.007246377,LOW,0,0
e5cc876c-a84d-497d-8450-a43277f78a9e,2026/4/1,4184.4,90.5,4487.6,51,63.2,6.45,0.281653747,0.22997416,0.002583979,0.997416021,0.666666667,0.333333333,0,GOOD,0,0
e5cc876c-a84d-497d-8450-a43277f78a9e,2026/4/3,678,29.6,623.2,48,63.2,8.65,0.148362235,0.200385356,0.007707129,0.992292871,0.96,0.04,0,HIGH,0,0
e5cc876c-a84d-497d-8450-a43277f78a9e,2026/4/4,2139.75,290.375,2370,52.25,70.125,8.987638889,0.105234626,0.227727024,0.051777853,0.948222147,0.891891892,0.099099099,0.009009009,GOOD,0,0
e5cc876c-a84d-497d-8450-a43277f78a9e,2026/4/6,2380.272727,351.0909091,2697.272727,52,74.54545455,7.4625,0.18429509,0.19726595,0.049785268,0.950214732,0.898148148,0.101851852,0,GOOD,0,0
e5cc876c-a84d-497d-8450-a43277f78a9e,2026/4/7,3576.153846,89.84615385,4021.153846,53,63.92307692,6.866666667,0.252427184,0.152912621,0.016990291,0.983009709,0.685714286,0.314285714,0,GOOD,0,0
e5cc876c-a84d-497d-8450-a43277f78a9e,2026/4/8,4960,123.2222222,5258.777778,49,63.44444444,6.616666667,0.211586902,0.229219144,0.005037783,0.994962217,0.682758621,0.310344828,0.006896552,LOW,0,0
e5cc876c-a84d-497d-8450-a43277f78a9e,2026/4/9,3432.454545,107.1818182,3878.181818,51,65.36363636,6.683333333,0.14713217,0.167082294,0.002493766,0.997506234,0.720588235,0.272058824,0.007352941,LOW,0,0
e5cc876c-a84d-497d-8450-a43277f78a9e,2026/4/10,4142.555556,150.1111111,4570.777778,46,62.44444444,9.016666667,0.14232902,0.26987061,0.005545287,0.994454713,0.696551724,0.296551724,0.006896552,LOW,0,0
e5cc876c-a84d-497d-8450-a43277f78a9e,2026/4/12,4905.666667,158.6666667,5670.833333,52,69.83333333,7.470416667,0.19572852,0.195715343,0.00204311,0.99795689,0.829059829,0.170940171,0,LOW,0,5.25
e5cc876c-a84d-497d-8450-a43277f78a9e,2026/4/13,4522.076923,187.5384615,5098.384615,52,67.23076923,6.083333333,0.194520548,0.216438356,0.021917808,0.978082192,0.720588235,0.279411765,0,LOW,0,12.45
e5cc876c-a84d-497d-8450-a43277f78a9e,2026/4/14,4251.166667,161.75,4563.916667,54.25,68.75,6.566666667,0.269035533,0.187817259,0.017766497,0.982233503,0.683098592,0.309859155,0.007042254,LOW,0,0
e5cc876c-a84d-497d-8450-a43277f78a9e,2026/4/15,3400,80.22222222,3960,49,61.55555556,6.116666667,0.313351499,0.174386921,0.059945504,0.940054496,0.700729927,0.291970803,0.00729927,GOOD,0,0
e5cc876c-a84d-497d-8450-a43277f78a9e,2026/4/17,2631.909091,52.63636364,2714.181818,48,63.27272727,6,0.180555556,0.2,0.013888889,0.986111111,0.738461538,0.261538462,0,GOOD,0,0
e5cc876c-a84d-497d-8450-a43277f78a9e,2026/4/18,5208.25,390.25,4715.125,47.625,65.25,8.85,0.263653484,0.231638418,0.020715631,0.979284369,0.789473684,0.195488722,0.015037594,GOOD,0,5.2
e5cc876c-a84d-497d-8450-a43277f78a9e,2026/4/19,854.6666667,67.5,562.5,49,63.83333333,7.475,0.216881894,0.231716739,0.008587786,0.991412214,0.942857143,0.047619048,0.00952381,GOOD,0,0
e5cc876c-a84d-497d-8450-a43277f78a9e,2026/4/20,3594.857143,105.2857143,3606.857143,48,61.42857143,6.9,0.217391304,0.260869565,0,1,0.725925926,0.259259259,0.014814815,GOOD,0,0
e5cc876c-a84d-497d-8450-a43277f78a9e,2026/4/21,3936.888889,107.5555556,4470.777778,48,61.22222222,6.683333333,0.149625935,0.256857855,0,1,0.692857143,0.307142857,0,GOOD,0,0
e5cc876c-a84d-497d-8450-a43277f78a9e,2026/4/22,4592.363636,135.2727273,5423.272727,48,60.09090909,6,0.163888889,0.158333333,0.036111111,0.963888889,0.68707483,0.306122449,0.006802721,HIGH,0,0
e5cc876c-a84d-497d-8450-a43277f78a9e,2026/4/23,3907,132.9166667,3819.75,47.33333333,62.08333333,6.483333333,0.272493573,0.223650386,0,1,0.71969697,0.28030303,0,GOOD,0,0
e5cc876c-a84d-497d-8450-a43277f78a9e,2026/4/24,3495.1,104,3862,47,61.4,9.166666667,0.134545455,0.325454545,0.007272727,0.992727273,0.729323308,0.270676692,0,GOOD,0,0
e5cc876c-a84d-497d-8450-a43277f78a9e,2026/4/26,1416.166667,36.5,1439.333333,51,63,7.493888889,0.189982028,0.241968633,0.03127806,0.96872194,0.864864865,0.135135135,0,GOOD,0,3.15
e5cc876c-a84d-497d-8450-a43277f78a9e,2026/4/27,4969.666667,130.5833333,5160.5,50,64.66666667,6.433333333,0.147668394,0.240932642,0.018134715,0.981865285,0.712230216,0.287769784,0,GOOD,0,0
e5cc876c-a84d-497d-8450-a43277f78a9e,2026/4/28,3777.111111,110.7777778,3620.222222,46,61.22222222,6.383333333,0.300261097,0.268929504,0.005221932,0.994778068,0.746153846,0.246153846,0.007692308,GOOD,0,0
e5cc876c-a84d-497d-8450-a43277f78a9e,2026/4/29,4000.2,99.9,4326.1,45,60,6.366666667,0.335078534,0.17539267,0.005235602,0.994764398,0.705882353,0.279411765,0.014705882,GOOD,0,0
e5cc876c-a84d-497d-8450-a43277f78a9e,2026/5/1,5390,133.8571429,4403.571429,52.85714286,70.42857143,6.25,0.282666667,0.133333333,0.034666667,0.965333333,0.810344828,0.181034483,0.00862069,GOOD,0,0
e5cc876c-a84d-497d-8450-a43277f78a9e,2026/5/2,2330.272727,284.2727273,2230.909091,50,70,8.833333333,0.101247637,0.205422092,0.02458243,0.97541757,0.89380531,0.097345133,0.008849558,GOOD,0,0
e5cc876c-a84d-497d-8450-a43277f78a9e,2026/5/3,698.1111111,23.33333333,483.3333333,49,61.55555556,6.433333333,0.186528497,0.233160622,0,1,0.932692308,0.057692308,0.009615385,GOOD,0,0
e5cc876c-a84d-497d-8450-a43277f78a9e,2026/5/4,3666.875,115.125,4589.875,52,65.375,6.516666667,0.166240409,0.138107417,0.007672634,0.992327366,0.692857143,0.307142857,0,GOOD,0,0
e5cc876c-a84d-497d-8450-a43277f78a9e,2026/5/5,3854.1,128.3,4632,52,63.5,6.716666667,0.253101737,0.146401985,0.007444169,0.992555831,0.664383562,0.328767123,0.006849315,LOW,0,0
e5cc876c-a84d-497d-8450-a43277f78a9e,2026/5/6,3830.222222,77,4909.111111,50,60.11111111,6.733333333,0.212871287,0.28960396,0.002475248,0.997524752,0.651006711,0.348993289,0,GOOD,0,0
e5cc876c-a84d-497d-8450-a43277f78a9e,2026/5/7,4271.090909,104.8181818,5081.454545,46,62.27272727,6.4,0.174479167,0.190104167,0.005208333,0.994791667,0.662068966,0.337931034,0,LOW,0,4
e5cc876c-a84d-497d-8450-a43277f78a9e,2026/5/9,7084,470.2857143,6136.428571,47.28571429,70.14285714,8.7,0.249042146,0.296934866,0.003831418,0.996168582,0.809160305,0.183206107,0.007633588,LOW,0,14.26666667
e5cc876c-a84d-497d-8450-a43277f78a9e,2026/5/10,414.25,14.75,296.25,52,61.25,8.639444444,0.125393865,0.158896534,0.007716546,0.992283454,0.951298701,0.048701299,0,GOOD,0,0
fc2f10c0-a72e-478a-a048-8d26b71b5248,2026/3/9,8661.333333,179.6666667,6835,54,71,4.9,0.139455782,0.204081633,0.105442177,0.894557823,0.617021277,0.255319149,0.127659574,HIGH,0.502777778,1.6
fc2f10c0-a72e-478a-a048-8d26b71b5248,2026/3/10,4753.777778,110,4210.555556,55.11111111,67.55555556,5.916666667,0.278873239,0.225352113,0.01971831,0.98028169,0.659863946,0.292517007,0.047619048,GOOD,0.389444444,0
fc2f10c0-a72e-478a-a048-8d26b71b5248,2026/3/11,3437.333333,77.44444444,3233.666667,56.22222222,68.33333333,5.533333333,0.162650602,0.192771084,0.018072289,0.981927711,0.713235294,0.257352941,0.029411765,GOOD,0,0
fc2f10c0-a72e-478a-a048-8d26b71b5248,2026/3/12,4519.444444,108.7777778,4382.888889,59.55555556,72.33333333,5.583333333,0.167164179,0.182089552,0.071641791,0.928358209,0.695035461,0.283687943,0.021276596,LOW,0,0
fc2f10c0-a72e-478a-a048-8d26b71b5248,2026/3/13,3406.6,83.6,3026.5,59.1,69.1,5.816666667,0.128939828,0.206303725,0.091690544,0.908309456,0.722222222,0.270833333,0.006944444,LOW,0,1.316666667
fc2f10c0-a72e-478a-a048-8d26b71b5248,2026/3/14,4746.454545,112.0909091,4132.363636,58.18181818,72.09090909,7.233333333,0.092165899,0.205069124,0.071428571,0.928571429,0.692307692,0.27972028,0.027972028,LOW,0,0
fc2f10c0-a72e-478a-a048-8d26b71b5248,2026/3/15,1008.166667,18.66666667,1570.166667,57.66666667,68.5,6.905277778,0.15688483,0.309706746,0.053099481,0.946900519,0.7578125,0.203125,0.0390625,GOOD,0,1
fc2f10c0-a72e-478a-a048-8d26b71b5248,2026/3/16,4348.888889,143.7777778,3995.777778,54.22222222,66.66666667,5.716666667,0.172011662,0.157434402,0.058309038,0.941690962,0.715470961,0.240605173,0.043923865,HIGH,0.538333333,0
fc2f10c0-a72e-478a-a048-8d26b71b5248,2026/3/17,3462,80,3545.1,58.3,70.9,5.933333333,0.092696629,0.129213483,0.106741573,0.893258427,0.632258065,0.329032258,0.038709677,LOW,0,0
fc2f10c0-a72e-478a-a048-8d26b71b5248,2026/3/18,3029,67.875,3034.375,58.5,68.875,5.754444444,0.173778722,0.235373624,0.01448156,0.98551844,0.687943262,0.290780142,0.021276596,LOW,0,0
fc2f10c0-a72e-478a-a048-8d26b71b5248,2026/3/19,3830.857143,74.71428571,3420,57.57142857,70.28571429,6.016666667,0.146814404,0.20498615,0.019390582,0.980609418,0.638157895,0.302631579,0.059210526,LOW,0,0
fc2f10c0-a72e-478a-a048-8d26b71b5248,2026/3/20,4766.75,102.875,4371.875,58.375,70.625,6.466666667,0.149484536,0.211340206,0.012886598,0.987113402,0.684931507,0.308219178,0.006849315,LOW,0,0
fc2f10c0-a72e-478a-a048-8d26b71b5248,2026/3/21,3816.125,76.375,3459.625,55.75,68.625,5.3,0.333333333,0.245283019,0,1,0.736842105,0.248120301,0.015037594,GOOD,0,1.9
fc2f10c0-a72e-478a-a048-8d26b71b5248,2026/3/22,331.5,8,626.25,55,63,8.666666667,0.117307692,0.209615385,0.036538462,0.963461538,0.803278689,0.18852459,0.008196721,HIGH,0,0.966666667
fc2f10c0-a72e-478a-a048-8d26b71b5248,2026/3/25,4065.545455,89.90909091,3382.545455,59.18181818,71,5.516666667,0.132930514,0.214501511,0.027190332,0.972809668,0.708029197,0.248175182,0.04379562,VERY_LOW,0,0
fc2f10c0-a72e-478a-a048-8d26b71b5248,2026/3/26,5336,125.5,4647.666667,56.5,70.5,4.266666667,0.232759644,0.153582026,0.030055108,0.969944892,0.712230216,0.273381295,0.014388489,LOW,0,5.4
fc2f10c0-a72e-478a-a048-8d26b71b5248,2026/3/27,3882.333333,81.22222222,4030.222222,58.33333333,73.44444444,3.5,0.304761905,0.176190476,0.014285714,0.985714286,0.663079083,0.31586336,0.021057557,LOW,0,0
fc2f10c0-a72e-478a-a048-8d26b71b5248,2026/3/28,3239.8,91,3261,60.3,71.5,8.833333333,0.126415094,0.245283019,0.071698113,0.928301887,0.713286713,0.251748252,0.034965035,LOW,0,0
fc2f10c0-a72e-478a-a048-8d26b71b5248,2026/3/29,2486.888889,68.22222222,3745,58.11111111,67.66666667,5.383333333,0.092879257,0.068111455,0.027863777,0.972136223,0.647058824,0.326797386,0.026143791,VERY_LOW,0,5.483333333
fc2f10c0-a72e-478a-a048-8d26b71b5248,2026/3/30,3491.142857,83.42857143,3208.571429,57.85714286,75.71428571,4.983333333,0.157190635,0.120401338,0.003344482,0.996655518,0.720588235,0.272058824,0.007352941,LOW,0,0
fc2f10c0-a72e-478a-a048-8d26b71b5248,2026/3/31,2303.833333,62.5,2347.5,57.83333333,76.16666667,6.283333333,0.183023873,0.236074271,0.090185676,0.909814324,0.775193798,0.217054264,0.007751938,LOW,0,0
fc2f10c0-a72e-478a-a048-8d26b71b5248,2026/4/1,3656,82.28571429,3045,59.42857143,74.28571429,3.966666667,0.168067227,0.214285714,0.021008403,0.978991597,0.72519084,0.251908397,0.022900763,LOW,0,0
fc2f10c0-a72e-478a-a048-8d26b71b5248,2026/4/2,2883.714286,83.42857143,2997.857143,60.28571429,75.28571429,4.85,0.171821306,0.120274914,0.027491409,0.972508591,0.724637681,0.246376812,0.028985507,VERY_LOW,0,0
fc2f10c0-a72e-478a-a048-8d26b71b5248,2026/4/3,4131.875,85.25,4016.625,59.375,75,5.816666667,0.191977077,0.014326648,0.163323782,0.836676218,0.733333333,0.244444444,0.022222222,LOW,0,1.9
fc2f10c0-a72e-478a-a048-8d26b71b5248,2026/4/4,2676,47.42857143,2538.142857,57.85714286,70.85714286,5.7125,0.20131291,0.206418673,0.122538293,0.877461707,0.698529412,0.235294118,0.066176471,LOW,0,4
fc2f10c0-a72e-478a-a048-8d26b71b5248,2026/4/5,1217.166667,23.5,1410.833333,54,63.6,5.844166667,0.125481249,0.144446029,0.134036789,0.865963211,0.8,0.2,0,GOOD,0,1.733333333
fc2f10c0-a72e-478a-a048-8d26b71b5248,2026/4/6,680,10,993.75,58.25,70.75,6.2,0.139784946,0.198924731,0.091397849,0.908602151,0.75,0.2265625,0.0234375,HIGH,0,1.25
fc2f10c0-a72e-478a-a048-8d26b71b5248,2026/4/7,3945.444444,96.33333333,3368.333333,57.55555556,74.11111111,3.883333333,0.236051502,0.197424893,0.004291845,0.995708155,0.719042664,0.249739854,0.031217482,LOW,0,2.75
fc2f10c0-a72e-478a-a048-8d26b71b5248,2026/4/8,4044.833333,113.5,3550.833333,62,74.5,4.816666667,0.173010381,0.155709343,0.027681661,0.972318339,0.753731343,0.223880597,0.02238806,VERY_LOW,0,2.266666667
fc2f10c0-a72e-478a-a048-8d26b71b5248,2026/4/9,2565.714286,58.71428571,2359.571429,59.42857143,72.28571429,5.283333333,0.154574132,0.186119874,0.041009464,0.958990536,0.697841727,0.26618705,0.035971223,VERY_LOW,0,0
fc2f10c0-a72e-478a-a048-8d26b71b5248,2026/4/10,3747.1,94,3505,57,70.88888889,5.766666667,0.141618497,0.199421965,0.005780347,0.994219653,0.701986755,0.291390728,0.006622517,LOW,0,0
fc2f10c0-a72e-478a-a048-8d26b71b5248,2026/4/11,3069.8,78.7,3090.1,59.33333333,71.66666667,8.333333333,0.124,0.218,0.052,0.948,0.717241379,0.268965517,0.013793103,LOW,0,2.1
fc2f10c0-a72e-478a-a048-8d26b71b5248,2026/4/12,1184,23.33333333,1480.833333,58.66666667,65.66666667,11.00583333,0.101461346,0.201408344,0.022715227,0.977284773,0.795081967,0.196721311,0.008196721,HIGH,0,0.55
fc2f10c0-a72e-478a-a048-8d26b71b5248,2026/4/13,2115.25,51,1900,58,70,5.1,0.169934641,0.205882353,0.013071895,0.986928105,0.682432432,0.283783784,0.033783784,LOW,0,1
fc2f10c0-a72e-478a-a048-8d26b71b5248,2026/4/14,3614.625,80.625,3312.375,58.625,71.125,5.966666667,0.153631285,0.111731844,0.047486034,0.952513966,0.702898551,0.268115942,0.028985507,LOW,0,0
fc2f10c0-a72e-478a-a048-8d26b71b5248,2026/4/15,2825.666667,57.5,2623.333333,55.33333333,71.33333333,3.949722222,0.282649975,0.135030593,0,1,0.71942446,0.26618705,0.014388489,LOW,0,0
fc2f10c0-a72e-478a-a048-8d26b71b5248,2026/4/16,3294.333333,84.33333333,3092,57.44444444,72.88888889,4.5,0.314814815,0.148148148,0.011111111,0.988888889,0.662251656,0.331125828,0.006622517,LOW,0,5.05
fc2f10c0-a72e-478a-a048-8d26b71b5248,2026/4/18,3950.3,112.1,5030,59.3,70.8,6.177222222,0.21045058,0.226639086,0.024282759,0.975717241,0.684563758,0.308724832,0.006711409,GOOD,0,6.25
fc2f10c0-a72e-478a-a048-8d26b71b5248,2026/4/19,2380.5,47.16666667,2292.5,57,68.2,3.616666667,0.299539171,0.147465438,0.087557604,0.912442396,0.738461538,0.246153846,0.015384615,GOOD,0,2.333333333
fc2f10c0-a72e-478a-a048-8d26b71b5248,2026/4/20,2649.166667,65.16666667,2585.833333,60.33333333,73.16666667,3.6,0.268518519,0.189814815,0,1,0.7,0.278571429,0.021428571,VERY_LOW,0,0
fc2f10c0-a72e-478a-a048-8d26b71b5248,2026/4/21,3651.857143,99.42857143,4335.285714,54.42857143,68.85714286,6.2,0.161290323,0.188172043,0.002688172,0.997311828,0.662337662,0.324675325,0.012987013,LOW,0,10.63333333
fc2f10c0-a72e-478a-a048-8d26b71b5248,2026/4/22,3156.857143,80.28571429,3079.857143,58.57142857,75,4.733333333,0.352112676,0.066901408,0.031690141,0.968309859,0.728571429,0.25,0.021428571,VERY_LOW,0,0
fc2f10c0-a72e-478a-a048-8d26b71b5248,2026/4/23,3092.625,81.125,3158.125,57.375,69.25,6.1,0.18852459,0.221311475,0.016393443,0.983606557,0.68707483,0.299319728,0.013605442,LOW,0,1.5
fc2f10c0-a72e-478a-a048-8d26b71b5248,2026/4/24,3740.714286,94.14285714,3398.142857,59.28571429,69.85714286,6.233333333,0.160427807,0.200534759,0.058823529,0.941176471,0.715328467,0.284671533,0,LOW,0,0
fc2f10c0-a72e-478a-a048-8d26b71b5248,2026/4/25,4017.285714,133.2857143,4126.857143,62,88.28571429,7.111388889,0.124213898,0.19846881,0.065622437,0.934377563,0.786259542,0.213740458,0,LOW,0,6.133333333
fc2f10c0-a72e-478a-a048-8d26b71b5248,2026/4/27,4308.4,97.7,4044,57.4,71.3,4.333333333,0.276923077,0.238461538,0.003846154,0.996153846,0.651622003,0.263751763,0.084626234,LOW,0.67,3.333333333
fc2f10c0-a72e-478a-a048-8d26b71b5248,2026/4/28,3995.142857,97.28571429,3277.857143,57.42857143,69.14285714,5.133333333,0.207792208,0.084415584,0.032467532,0.967532468,0.736842105,0.255639098,0.007518797,LOW,0,2.05
fc2f10c0-a72e-478a-a048-8d26b71b5248,2026/4/30,3979.555556,103.4444444,3778.333333,58.22222222,73.88888889,5.012777778,0.156267317,0.103069932,0.056522221,0.943477779,0.742647059,0.25,0.007352941,LOW,0,0.766666667
fc2f10c0-a72e-478a-a048-8d26b71b5248,2026/5/1,262.8,3.4,414,58.8,71.8,3.2,0.182291667,0.203125,0.114583333,0.885416667,0.806722689,0.193277311,0,HIGH,0,0
fc2f10c0-a72e-478a-a048-8d26b71b5248,2026/5/3,3066.75,100.75,2295,59.75,77.25,5.833333333,0.142857143,0.122857143,0.025714286,0.974285714,0.761904762,0.206349206,0.031746032,GOOD,0,0
fc2f10c0-a72e-478a-a048-8d26b71b5248,2026/5/4,3188,70.375,2933,57.75,74.875,4.183333333,0.247011952,0.143426295,0.083665339,0.916334661,0.697841727,0.273381295,0.028776978,LOW,0,0
fc2f10c0-a72e-478a-a048-8d26b71b5248,2026/5/5,3439.111111,79.44444444,3272.555556,58.22222222,70.44444444,5.05,0.128712871,0.095709571,0.00330033,0.99669967,0.727941176,0.257352941,0.014705882,LOW,0,0
fc2f10c0-a72e-478a-a048-8d26b71b5248,2026/5/6,4154.875,83.75,3609.75,58.5,72.625,3.983333333,0.305439331,0.046025105,0.012552301,0.987447699,0.697841727,0.28057554,0.021582734,LOW,0,0
fc2f10c0-a72e-478a-a048-8d26b71b5248,2026/5/7,3936.142857,114.8571429,4369.857143,56,77.42857143,4.383333333,0.140684411,0,0.08365019,0.91634981,0.670967742,0.322580645,0.006451613,LOW,0,4.533333333
fc2f10c0-a72e-478a-a048-8d26b71b5248,2026/5/8,3857.111111,83.77777778,3590,58,72.375,5.366666667,0.217391304,0.145962733,0.01552795,0.98447205,0.759689922,0.240310078,0,VERY_LOW,0,0
fc2f10c0-a72e-478a-a048-8d26b71b5248,2026/5/9,3687.416667,78.25,3328.75,58.5,71,7.124444444,0.175452277,0.226918278,0.007018091,0.992981909,0.731343284,0.26119403,0.007462687,LOW,0,0
fc2f10c0-a72e-478a-a048-8d26b71b5248,2026/5/10,501.5714286,9.714285714,574.7142857,59.42857143,67.42857143,6.966666667,0.148325359,0.232057416,0.007177033,0.992822967,0.8046875,0.169270833,0.026041667,HIGH,0,0
