new_id,calendarDate,averageStressLevel,highStressDurationInSeconds,high_stress_ratio,steps,activeTimeInSeconds,active_time_min,sleep_durationInSeconds,total_sleep_min,deepSleepDurationInSeconds,deep_min,remSleepInSeconds,rem_min,lightSleepDurationInSeconds,awakeDurationInSeconds,deep_ratio,rem_ratio,awake_ratio,minSpO2,averageSpO2,morning_ratio,evening_ratio
x30d2ed4,2023/3/7,72,36180,0.41875,6380,7350,122.5,,,,,,,,,,,,,,0.465648855,0.037319763
x30d2ed4,2023/3/19,37,4980,0.057638889,2813,4249,70.81666667,93540,1559,10260,171,15960,266,67320,3360,0.109685696,0.170622194,0.035920462,94,94.61111111,0.298510519,0.439166709
x30d2ed4,2023/3/20,63,22680,0.2625,14316,11599,193.3166667,50640,844,9060,151,7980,133,33600,2760,0.178909953,0.157582938,0.05450237,82,84.91666667,0.241869047,0.533595811
x30d2ed4,2023/3/21,23,720,0.008333333,2402,2550,42.5,,,,,,,,,,,,,,,
x30d2ed4,2023/3/28,48,7860,0.090972222,4599,5651,94.18333333,42060,701,29520,492,0,0,12540,480,0.701854494,0,0.011412268,,,0.244445935,0.50119399
x30d2ed4,2023/3/29,40,10080,0.116666667,10631,9411,156.85,,,,,,,,,,,,,,0.325185172,0.39258211
x30d2ed4,2023/5/31,44,11340,0.13125,6570,7027,117.1166667,35160,586,8100,135,0,0,27060,600,0.230375427,0,0.017064846,,,0.323571568,0.348362324
x30d2ed4,2023/6/1,51,7320,0.084722222,2416,2611,43.51666667,,,,,,,,,,,,,,0.540824597,0.242882167
x31a511f,2020/3/27,14,300,0.003472222,303,212,3.533333333,,,,,,,,,,,,,,,
x31a511f,2020/4/25,35,1740,0.020138889,1027,1112,18.53333333,,,,,,,,,,,,,,,
x31a511f,2020/4/26,15,540,0.00625,0,0,0,,,,,,,,,,,,,,0.25,0.5
x31a511f,2020/4/28,16,660,0.007638889,15,15,0.25,51780,863,9840,164,7980,133,33960,1320,0.190034762,0.154113557,0.025492468,,,0.229899333,0.541430252
x31a511f,2020/5/1,25,660,0.007638889,0,0,0,,,,,,,,,,,,,,0.258943128,0.482113743
x31a511f,2020/5/2,56,1080,0.0125,5645,13176,219.6,,,,,,,,,,,,,,0.255678663,0.545804176
x31a511f,2020/5/3,18,660,0.007638889,1121,2244,37.4,,,,,,,,,,,,,,0.23103522,0.512298588
x31a511f,2020/5/4,30,1020,0.011805556,0,0,0,21840,364,1500,25,5520,92,14820,3900,0.068681319,0.252747253,0.178571429,,,,
x31a511f,2020/5/5,37,6240,0.072222222,4428,5298,88.3,18660,311,3780,63,0,0,14880,600,0.202572347,0,0.032154341,,,0.281838148,0.426220645
x31a511f,2020/5/6,24,1320,0.015277778,7179,13521,225.35,89760,1496,7320,122,28680,478,53760,9240,0.081550802,0.319518717,0.102941176,,,0.217195626,0.530111555
x31a511f,2020/5/7,42,6600,0.076388889,10618,16063,267.7166667,11040,184,660,11,0,0,10380,720,0.059782609,0,0.065217391,,,0.250280791,0.557970911
x31a511f,2020/5/8,14,660,0.007638889,6115,13328,222.1333333,54300,905,4920,82,10740,179,38640,2940,0.090607735,0.197790055,0.054143646,,,0.273346836,0.476078388
x31a511f,2020/5/9,40,11340,0.13125,3931,8637,143.95,30060,501,4980,83,4140,69,20940,2160,0.165668663,0.137724551,0.071856287,,,0.276995486,0.518922881
x31a511f,2020/5/10,5,0,0,126,406,6.766666667,,,,,,,,,,,,,,0.251180315,0.50236063
x31a511f,2020/5/11,39,11640,0.134722222,6843,12423,207.05,65460,1091,3180,53,7440,124,54840,10920,0.048579285,0.113657195,0.166819432,,,0.240601809,0.540289549
x31a511f,2020/5/12,7,60,0.000694444,5841,13230,220.5,17220,287,3060,51,0,0,14160,3420,0.177700348,0,0.198606272,,,0.233196665,0.516577832
x31a511f,2020/5/13,8,60,0.000694444,5798,11349,189.15,44100,735,5220,87,4020,67,34860,5640,0.118367347,0.091156463,0.127891156,,,0.265166354,0.499726852
x31a511f,2020/5/14,28,3840,0.044444444,5109,11288,188.1333333,32100,535,120,2,8280,138,23700,2580,0.003738318,0.257943925,0.080373832,,,0.20699755,0.505431888
x31a511f,2020/5/15,30,4320,0.05,8732,14442,240.7,57780,963,19920,332,3060,51,34800,8700,0.344755971,0.052959502,0.150571132,,,0.229606159,0.53297757
x31a511f,2020/5/16,16,0,0,692,2053,34.21666667,,,,,,,,,,,,,,,
x31a511f,2020/5/20,32,5160,0.059722222,0,0,0,,,,,,,,,,,,,,0.25,0.5
x31a512d,2020/6/4,15,0,0,443,228,3.8,,,,,,,,,,,,,,,
x31a515b,2019/12/19,12,0,0,3123,4107,68.45,,,,,,,,,,,,,,0.218364001,0.393514301
x31a515b,2019/12/20,20,1440,0.016666667,0,0,0,,,,,,,,,,,,,,0.25,0.5
x31a515b,2020/4/25,21,1440,0.016666667,5344,8302,138.3666667,178500,2975,24000,400,35700,595,118800,2940,0.134453782,0.2,0.016470588,,,,
x31a515b,2020/4/26,23,3240,0.0375,8992,9923,165.3833333,88380,1473,960,16,33600,560,53820,2460,0.010862186,0.380176511,0.027834352,,,0.239013037,0.53080011
x31a515b,2020/4/27,35,7440,0.086111111,7996,11038,183.9666667,106440,1774,16320,272,17520,292,72600,1680,0.153325817,0.164599775,0.01578354,,,0.238650966,0.53514201
x31a515b,2020/4/28,17,0,0,10542,12740,212.3333333,83040,1384,5760,96,16080,268,61200,1980,0.069364162,0.193641618,0.023843931,,,0.212470183,0.544606414
x31a515b,2020/4/29,43,12660,0.146527778,8929,11706,195.1,98100,1635,11520,192,12120,202,74460,2640,0.117431193,0.123547401,0.026911315,,,0.211435992,0.534755134
x31a515b,2020/4/30,40,5700,0.065972222,12355,16294,271.5666667,85260,1421,9420,157,12660,211,63180,2700,0.110485574,0.148486981,0.03166784,,,0.234118252,0.56424142
x31a515b,2020/5/1,41,6780,0.078472222,4159,6115,101.9166667,,,,,,,,,,,,,,0.230777854,0.519686118
x31a515b,2020/5/2,33,4080,0.047222222,11275,11755,195.9166667,189180,3153,20400,340,42060,701,126720,7200,0.107833809,0.222327942,0.038058991,,,0.235315412,0.549265938
x31a515b,2020/5/3,23,300,0.003472222,10445,13162,219.3666667,84840,1414,9780,163,18300,305,56760,1260,0.115275813,0.215700141,0.014851485,,,0.224823977,0.536162292
x31a515b,2020/5/4,46,9360,0.108333333,2634,3560,59.33333333,57720,962,6060,101,17400,290,34260,1980,0.104989605,0.301455301,0.034303534,,,,
x31a515b,2020/5/5,47,13980,0.161805556,11187,14166,236.1,58500,975,2640,44,19260,321,36600,600,0.045128205,0.329230769,0.01025641,,,0.164606586,0.455562218
x31a515b,2020/5/6,42,5340,0.061805556,9903,13230,220.5,75360,1256,9120,152,15180,253,51060,1080,0.121019108,0.201433121,0.01433121,,,0.200792675,0.540713407
x31a515b,2020/5/7,63,2280,0.026388889,4988,8234,137.2333333,76380,1273,43260,721,1980,33,31140,1080,0.566378633,0.025923016,0.014139827,,,0.260075694,0.467295525
x31a515b,2020/5/8,29,1560,0.018055556,11070,14866,247.7666667,100800,1680,12960,216,17580,293,70260,1680,0.128571429,0.174404762,0.016666667,,,0.271652073,0.369714072
x31a515b,2020/5/9,23,300,0.003472222,14550,16411,273.5166667,80220,1337,10740,179,13320,222,56160,900,0.133881825,0.166043381,0.011219147,,,0.240380403,0.536874532
x31a515b,2020/5/10,22,1020,0.011805556,9793,12903,215.05,57480,958,7080,118,14460,241,35940,1920,0.123173278,0.251565762,0.033402923,,,0.251221138,0.546933888
x31a515b,2020/5/11,20,1740,0.020138889,11037,12946,215.7666667,94800,1580,15660,261,9900,165,69240,4620,0.165189873,0.10443038,0.048734177,,,0.239362692,0.539041114
x31a515b,2020/5/12,27,2340,0.027083333,10090,13616,226.9333333,172740,2879,24900,415,37080,618,110760,1800,0.144147273,0.214657867,0.010420285,,,0.261183777,0.518918993
x31a515b,2020/5/13,28,2520,0.029166667,8658,10657,177.6166667,165540,2759,12600,210,25560,426,127380,4620,0.076114534,0.154403769,0.027908663,,,0.237920313,0.515658003
x31a515b,2020/5/14,38,8460,0.097916667,5785,8300,138.3333333,73440,1224,16320,272,12060,201,45060,1320,0.222222222,0.164215686,0.017973856,,,0.240665813,0.511715749
x31a515b,2020/5/15,34,5280,0.061111111,4987,8292,138.2,,,,,,,,,,,,,,0.224099964,0.522686537
x31a515b,2020/5/16,29,3240,0.0375,11214,12967,216.1166667,176640,2944,17820,297,47880,798,110940,2580,0.100883152,0.271059783,0.014605978,,,0.244054749,0.528188633
x31a515b,2020/5/17,27,2100,0.024305556,10758,13239,220.65,82980,1383,17460,291,8280,138,57240,840,0.210412148,0.09978308,0.010122921,,,0.220743926,0.556227099
x31a515b,2020/5/18,44,8700,0.100694444,6691,8970,149.5,136560,2276,13560,226,27300,455,95700,1560,0.099297012,0.199912127,0.01142355,,,0.240036162,0.51895906
x31a515b,2020/5/19,45,10200,0.118055556,5939,9294,154.9,111000,1850,18300,305,18840,314,73860,1260,0.164864865,0.16972973,0.011351351,,,0.220838845,0.527390865
x31a515b,2020/5/20,39,6360,0.073611111,12658,14995,249.9166667,79440,1324,8880,148,19020,317,51540,3060,0.111782477,0.239425982,0.038519637,,,0.213913212,0.528945512
x31a515b,2020/5/21,43,5460,0.063194444,7640,14914,248.5666667,103560,1726,15600,260,18960,316,69000,3060,0.150637312,0.183082271,0.029548088,,,0.205442542,0.56413114
x31a515b,2020/5/22,22,1260,0.014583333,6904,8920,148.6666667,163560,2726,8940,149,49320,822,105300,6840,0.054658841,0.301540719,0.041819516,,,0.222418689,0.520534331
x31a515b,2020/5/23,27,1680,0.019444444,11466,11749,195.8166667,,,,,,,,,,,,,,0.247224489,0.492039434
x31a515b,2020/5/24,24,3120,0.036111111,10841,12239,203.9833333,197520,3292,32520,542,44160,736,120840,4080,0.164641555,0.223572296,0.020656136,,,0.23642618,0.520007297
x31a515b,2020/5/25,45,16080,0.186111111,9524,11485,191.4166667,79440,1324,11880,198,12720,212,54840,1260,0.149546828,0.160120846,0.015861027,,,0.255249068,0.544330735
x31a515b,2020/5/26,51,4500,0.052083333,10057,12782,213.0333333,47820,797,11100,185,6240,104,30480,1140,0.232120452,0.130489335,0.023839398,,,0.19516431,0.550527801
x31a515b,2020/5/27,51,4500,0.052083333,193,452,7.533333333,,,,,,,,,,,,,,,
x3355eb9,2020/4/7,17,0,0,0,0,0,,,,,,,,,,,,,,0.25,0.5
x3355eb9,2020/4/8,20,0,0,0,0,0,,,,,,,,,,,,,,0.25,0.5
x3355eb9,2020/4/10,23,0,0,10288,7306,121.7666667,,,,,,,,,,,,,,0.311895522,0.431716418
x3355eb9,2020/4/11,12,0,0,4226,4538,75.63333333,,,,,,,,,,,,,,0.238694388,0.527717378
x3355eb9,2020/4/12,20,0,0,503,597,9.95,,,,,,,,,,,,,,0.25173945,0.503478899
x3355eb9,2020/4/13,13,0,0,3280,4711,78.51666667,,,,,,,,,,,,,,0.239068612,0.511828625
x3355eb9,2020/4/18,11,0,0,2765,0,0,,,,,,,,,,,,,,,
x3355eb9,2020/4/23,34,480,0.005555556,12080,9968,166.1333333,,,,,,,,,,,,,,,
x3355eb9,2020/4/24,22,0,0,1767,1724,28.73333333,,,,,,,,,,,,,,0.251747839,0.51017998
x3355eb9,2020/4/25,12,0,0,6637,6024,100.4,,,,,,,,,,,,,,0.240332935,0.537473873
x3355eb9,2020/4/26,42,180,0.002083333,0,0,0,,,,,,,,,,,,,,0.25,0.5
x3355eb9,2020/4/27,26,240,0.002777778,7530,5472,91.2,,,,,,,,,,,,,,0.264479001,0.475070405
x3355eb9,2020/4/28,-1,0,0,9961,10494,174.9,,,,,,,,,,,,,,0.224257607,0.538711445
x3355eb9,2020/4/29,22,60,0.000694444,5847,7947,132.45,,,,,,,,,,,,,,0.231667368,0.542159
x3355eb9,2020/5/1,20,120,0.001388889,212,0,0,,,,,,,,,,,,,,0.379677248,0.478808299
x3355eb9,2020/5/2,1,0,0,7405,5708,95.13333333,,,,,,,,,,,,,,0.236479453,0.535369058
x3355eb9,2020/5/3,6,1440,0.016666667,0,0,0,,,,,,,,,,,,,,0.25,0.5
x3355eb9,2020/5/18,26,120,0.001388889,0,0,0,,,,,,,,,,,,,,,
x3355eb9,2020/5/19,42,0,0,1052,890,14.83333333,,,,,,,,,,,,,,,
x3355eb9,2020/5/23,36,2880,0.033333333,3517,3151,52.51666667,,,,,,,,,,,,,,0.035042961,0.519868108
x3355eb9,2020/5/24,41,2880,0.033333333,0,0,0,,,,,,,,,,,,,,0.25,0.5
x3355eb9,2020/5/27,40,2880,0.033333333,3276,3877,64.61666667,,,,,,,,,,,,,,0.325747239,0.161805216
x3355eb9,2020/5/28,19,60,0.000694444,5763,4349,72.48333333,67440,1124,13080,218,10080,168,43260,1200,0.193950178,0.149466192,0.017793594,82,93.893672,0.282613025,0.430591516
x3355eb9,2020/5/29,12,0,0,2786,2649,44.15,,,,,,,,,,,,,,0.257907368,0.485701663
x3355eb9,2020/5/30,25,600,0.006944444,6868,4198,69.96666667,,,,,,,,,,,,,,,
x3355ecf,2020/4/9,38,8400,0.097222222,23640,17006,283.4333333,23160,386,4380,73,2580,43,16200,0,0.189119171,0.111398964,0,,,,
x3355ecf,2020/4/10,40,8520,0.098611111,14274,14496,241.6,90000,1500,18480,308,13020,217,58500,2040,0.205333333,0.144666667,0.022666667,,,0.237773916,0.559005621
x3355ecf,2020/4/11,46,1200,0.013888889,8228,9007,150.1166667,44160,736,8100,135,3600,60,32460,0,0.183423913,0.081521739,0,,,0.238329048,0.498313801
x3355ecf,2020/4/12,52,18180,0.210416667,7331,10025,167.0833333,,,,,,,,,,,,,,0.249230769,0.555050736
x3355ecf,2020/4/13,30,540,0.00625,10704,12930,215.5,47220,787,8880,148,3120,52,35220,300,0.188055909,0.066073698,0.00635324,,,0.242180482,0.538423846
x3355ecf,2020/4/14,43,600,0.006944444,8828,11468,191.1333333,26280,438,8880,148,0,0,17400,300,0.337899543,0,0.011415525,,,0.208649936,0.563971533
x3355ecf,2020/4/15,45,0,0,8426,9751,162.5166667,63120,1052,10920,182,7860,131,44340,300,0.173003802,0.124524715,0.004752852,,,0.242377591,0.540933346
x3355ecf,2020/4/16,21,780,0.009027778,10618,11749,195.8166667,83400,1390,30240,504,5280,88,47880,540,0.362589928,0.063309353,0.00647482,,,0.223479927,0.562109014
x3355ecf,2020/4/17,23,600,0.006944444,14362,17279,287.9833333,,,,,,,,,,,,,,0.233416762,0.561971036
x3355ecf,2020/4/18,20,480,0.005555556,5122,5506,91.76666667,86700,1445,20280,338,15660,261,50760,840,0.233910035,0.180622837,0.009688581,,,0.239387346,0.514636438
x3355ecf,2020/4/19,25,300,0.003472222,14645,15476,257.9333333,89220,1487,16560,276,3000,50,69660,480,0.185608608,0.033624748,0.00537996,,,0.229180301,0.55403305
x3355ecf,2020/4/20,46,0,0,10926,12739,212.3166667,84120,1402,34020,567,5520,92,44580,240,0.404422254,0.065620542,0.002853067,,,0.230352561,0.566405561
x3355ecf,2020/4/21,32,4800,0.055555556,9932,12678,211.3,49260,821,11460,191,3180,53,34620,180,0.232643118,0.06455542,0.00365408,,,0.221467133,0.558462874
x3355ecf,2020/4/22,38,2940,0.034027778,8267,10601,176.6833333,,,,,,,,,,,,,,0.223881582,0.556867505
x3355ecf,2020/4/23,11,0,0,9675,10822,180.3666667,,,,,,,,,,,,,,0.227579454,0.542856387
x3355ecf,2020/4/24,11,60,0.000694444,14033,16259,270.9833333,53400,890,10380,173,1140,19,41880,120,0.194382022,0.021348315,0.002247191,,,0.226596529,0.569810323
x3355ecf,2020/4/25,39,5700,0.065972222,5390,7363,122.7166667,66960,1116,16200,270,5220,87,44640,960,0.241935484,0.077956989,0.014336918,,,0.241949973,0.532699875
x3355ecf,2020/4/26,33,4320,0.05,11165,9854,164.2333333,,,,,,,,,,,,,,0.265330541,0.520531368
x3355ecf,2020/4/27,23,240,0.002777778,11339,13111,218.5166667,76920,1282,22320,372,10740,179,43860,60,0.290171607,0.139625585,0.000780031,,,0.220097821,0.550369609
x3355ecf,2020/4/28,70,4560,0.052777778,9710,13275,221.25,51720,862,8940,149,7560,126,35220,0,0.172853828,0.146171694,0,,,0.222457598,0.553631014
x3355ecf,2020/4/29,81,22020,0.254861111,11675,14428,240.4666667,88380,1473,10380,173,10020,167,66240,720,0.117447386,0.113374067,0.00814664,,,0.209055743,0.563924526
x3355ecf,2020/4/30,44,660,0.007638889,5323,6498,108.3,92400,1540,12360,206,8580,143,71460,1740,0.133766234,0.092857143,0.018831169,,,0.238542214,0.528272133
x3355ecf,2020/5/1,49,1200,0.013888889,7333,7775,129.5833333,,,,,,,,,,,,,,0.253049285,0.5189062
x3355ecf,2020/5/2,34,5460,0.063194444,3860,7206,120.1,,,,,,,,,,,,,,0.287307813,0.522565152
x3355ecf,2020/5/3,14,0,0,5306,6423,107.05,90540,1509,12360,206,11940,199,66240,300,0.136514248,0.131875414,0.003313453,,,0.236655538,0.512109732
x3355ecf,2020/5/4,33,5460,0.063194444,25600,21157,352.6166667,,,,,,,,,,,,,,0.217884168,0.564231664
x3355ecf,2020/5/5,32,5460,0.063194444,9150,11342,189.0333333,47880,798,8220,137,3000,50,36660,780,0.171679198,0.062656642,0.016290727,,,0.231727464,0.529710357
x3355ecf,2020/5/6,21,420,0.004861111,8966,11061,184.35,52260,871,7020,117,4620,77,40620,600,0.134328358,0.088404133,0.011481056,,,0.220271042,0.553604375
x3355ecf,2020/5/7,37,900,0.010416667,18717,14364,239.4,63900,1065,18540,309,1560,26,41520,300,0.290140845,0.024413146,0.004694836,,,0.229680987,0.537899434
x3355ecf,2020/5/8,40,2400,0.027777778,19935,14193,236.55,,,,,,,,,,,,,,0.237584267,0.537436675
x3355ecf,2020/5/9,49,4800,0.055555556,5317,4880,81.33333333,,,,,,,,,,,,,,0.264965653,0.501386163
x3355ecf,2020/5/10,49,4800,0.055555556,4083,5668,94.46666667,73620,1227,8820,147,12480,208,52320,1320,0.119804401,0.169519152,0.01792991,,,0.253455879,0.5013006
x3355ecf,2020/5/11,39,11700,0.135416667,19378,16379,272.9833333,,,,,,,,,,,,,,0.22727336,0.546636778
x3355ecf,2020/5/12,38,11880,0.1375,13226,15796,263.2666667,50100,835,6960,116,3240,54,39900,420,0.138922156,0.064670659,0.008383234,,,0.228912573,0.534438049
x3355ecf,2020/5/13,21,1380,0.015972222,14285,17754,295.9,,,,,,,,,,,,,,0.170854858,0.596211657
x3355ecf,2020/5/14,13,360,0.004166667,19277,15409,256.8166667,26880,448,4320,72,6420,107,16140,120,0.160714286,0.238839286,0.004464286,,,0.239495058,0.530175862
x3355ecf,2020/5/15,28,3540,0.040972222,9463,13295,221.5833333,86340,1439,12780,213,14880,248,58680,660,0.148019458,0.172341904,0.007644197,,,0.246836742,0.537610287
x3355ecf,2020/5/16,37,4980,0.057638889,2352,3372,56.2,,,,,,,,,,,,,,0.249819338,0.499012381
x3355ecf,2020/5/17,29,3480,0.040277778,15117,12651,210.85,114600,1910,20580,343,11640,194,82380,420,0.179581152,0.101570681,0.003664921,82,90.70237364,0.242998297,0.547828768
x3355ecf,2020/5/18,29,3480,0.040277778,11367,13017,216.95,46920,782,11640,194,4320,72,30960,300,0.248081841,0.092071611,0.006393862,80,90.56104275,0.229646107,0.558328278
x3355ecf,2020/5/19,27,3540,0.040972222,8257,10179,169.65,105300,1755,12300,205,17460,291,75540,360,0.116809117,0.165811966,0.003418803,86,94.3003138,0.228322903,0.543170517
x3355ecf,2020/5/20,14,600,0.006944444,9502,10786,179.7666667,50700,845,12240,204,5640,94,32820,300,0.241420118,0.111242604,0.00591716,85,92.23192786,0.252215198,0.535522522
x3355ecf,2020/5/21,15,600,0.006944444,6882,8371,139.5166667,111960,1866,23220,387,18480,308,70260,1080,0.207395498,0.16505895,0.009646302,85,92.11698582,0.236245498,0.527714055
x3355ecf,2020/5/22,37,13680,0.158333333,9882,11099,184.9833333,29640,494,3540,59,0,0,26100,600,0.119433198,0,0.020242915,83,92.03555556,0.227115178,0.550138776
x3355ecf,2020/5/23,36,2040,0.023611111,4906,6693,111.55,83460,1391,12480,208,12480,208,58500,480,0.14953271,0.14953271,0.005751258,80,91.93702418,0.253503456,0.499404067
x3355ecf,2020/5/24,37,3600,0.041666667,6711,6994,116.5666667,72540,1209,15840,264,10020,167,46680,0,0.218362283,0.138130687,0,85,92.79570938,0.243470267,0.517190137
x3355ecf,2020/5/25,8,0,0,7230,9555,159.25,55740,929,15180,253,6360,106,34200,300,0.272335845,0.114101184,0.005382131,84,93.66985646,0.239456048,0.538889973
x3355ecf,2020/5/26,29,1980,0.022916667,9648,12779,212.9833333,54540,909,10260,171,3900,65,40380,300,0.188118812,0.071507151,0.00550055,84,93.75913867,0.187190438,0.601773586
x3355ecf,2020/5/27,59,0,0,7725,10252,170.8666667,53880,898,9840,164,1500,25,42540,180,0.182628062,0.027839644,0.003340757,83,93.85846253,0.230853076,0.536862426
x3355ecf,2020/5/28,20,0,0,10186,12841,214.0166667,97140,1619,28380,473,7440,124,61320,0,0.292155652,0.076590488,0,82,93.77814484,0.23755081,0.535488519
x3355ecf,2020/5/29,18,0,0,8893,12769,212.8166667,,,,,,,,,,,,,,0.229630725,0.534299426
x3355ecf,2020/5/30,19,240,0.002777778,4110,5807,96.78333333,92520,1542,20520,342,15000,250,57000,180,0.221789883,0.162127108,0.001945525,84,91.6316552,0.257268001,0.498182224
x3355ecf,2020/5/31,19,240,0.002777778,321,465,7.75,,,,,,,,,,,,,,,
x335606d,2020/4/10,19,0,0,4903,6294,104.9,24120,402,2760,46,6660,111,14700,120,0.114427861,0.276119403,0.004975124,85,94.06578947,,
x335606d,2020/4/11,41,9120,0.105555556,4074,4179,69.65,45420,757,9120,152,5580,93,30720,180,0.200792602,0.122853369,0.003963012,86,93.93560271,0.253524039,0.510575157
x335606d,2020/4/12,20,0,0,2580,3298,54.96666667,97200,1620,17220,287,15780,263,64200,1020,0.177160494,0.162345679,0.010493827,85,93.65068212,0.258838536,0.500998773
x335606d,2020/4/13,32,720,0.008333333,5462,7148,119.1333333,143040,2384,32940,549,19800,330,90300,2640,0.230285235,0.138422819,0.018456376,84,93.32383388,0.241417891,0.511836953
x335606d,2020/4/14,18,0,0,4493,6313,105.2166667,,,,,,,,,,,,,,0.242898348,0.522619152
x335606d,2020/4/15,17,0,0,5429,7701,128.35,73860,1231,11880,198,10920,182,51060,1260,0.160844842,0.147847279,0.017059301,86,93.56677575,0.25041453,0.528425815
x335606d,2020/4/16,18,0,0,5381,6659,110.9833333,71760,1196,9420,157,12540,209,49800,1080,0.131270903,0.174749164,0.015050167,83,87.91790589,0.254827329,0.513966692
x335606d,2020/4/17,33,0,0,6498,8025,133.75,44940,749,8040,134,10800,180,26100,1260,0.178905207,0.240320427,0.028037383,87,93.46825397,0.252555024,0.506998405
x335606d,2020/4/18,35,1860,0.021527778,6644,7159,119.3166667,78300,1305,6720,112,18900,315,52680,540,0.085823755,0.24137931,0.006896552,86,93.76606675,0.264282379,0.499034591
x335606d,2020/4/19,31,1620,0.01875,6005,7521,125.35,76440,1274,10620,177,15300,255,50520,960,0.138932496,0.200156986,0.01255887,89,93.95682096,0.246529495,0.530001648
x335606d,2020/4/20,34,1320,0.015277778,4366,5225,87.08333333,67980,1133,2820,47,11760,196,53400,960,0.041482789,0.172992056,0.014121801,87,93.1844324,0.239889128,0.52065291
x335606d,2020/4/21,15,0,0,7855,8358,139.3,67500,1125,8040,134,13260,221,46200,1320,0.119111111,0.196444444,0.019555556,85,93.26221852,0.250108916,0.49574588
x335606d,2020/4/22,18,0,0,7447,8123,135.3833333,59700,995,11880,198,8280,138,39540,240,0.198994975,0.138693467,0.004020101,85,92.78872905,0.229441598,0.528571611
x335606d,2020/4/23,20,1200,0.013888889,7419,7782,129.7,46440,774,11460,191,8160,136,26820,1080,0.246770026,0.175710594,0.023255814,86,93.68579235,0.24044112,0.511002569
x335606d,2020/4/24,18,0,0,8141,8381,139.6833333,69900,1165,11760,196,13620,227,44520,900,0.168240343,0.194849785,0.012875536,90,93.8852657,0.243415066,0.518655712
x335606d,2020/4/25,20,0,0,6590,6885,114.75,105840,1764,8100,135,32040,534,65700,360,0.076530612,0.302721088,0.003401361,89,92.38739182,0.248896435,0.512670565
x335606d,2020/4/26,34,780,0.009027778,3438,4184,69.73333333,85380,1423,17160,286,15900,265,52320,300,0.200983837,0.186226283,0.003513703,88,92.88790786,0.255619344,0.520336674
x335606d,2020/4/27,25,0,0,4761,6366,106.1,73860,1231,12240,204,12600,210,49020,1680,0.165718928,0.170593014,0.022745735,86,92.07184936,0.241709773,0.518067321
x335606d,2020/4/28,25,600,0.006944444,4367,5720,95.33333333,70020,1167,7680,128,9840,164,52500,1380,0.109682948,0.140531277,0.019708655,84,92.75448029,0.247855726,0.511564204
x335606d,2020/4/29,16,0,0,4596,5292,88.2,76920,1282,13380,223,17040,284,46500,600,0.173946958,0.221528861,0.007800312,88,93.22063564,0.239322878,0.513845737
x335606d,2020/4/30,26,780,0.009027778,5105,7100,118.3333333,69300,1155,6240,104,19560,326,43500,1560,0.09004329,0.282251082,0.022510823,84,92.88715131,0.249697352,0.528486759
x335606d,2020/5/1,25,60,0.000694444,60,78,1.3,,,,,,,,,,,,,,0.265495766,0.506043226
x335606d,2020/5/3,26,780,0.009027778,18,17,0.283333333,,,,,,,,,,,,,,0.24878524,0.497119893
x335606d,2020/5/4,28,1260,0.014583333,10125,11895,198.25,58800,980,6780,113,14640,244,37380,1680,0.115306122,0.248979592,0.028571429,85,93.0106661,0.243865812,0.547978232
x335606d,2020/5/5,15,0,0,3559,4832,80.53333333,56940,949,5160,86,14100,235,37680,780,0.090621707,0.247629083,0.01369863,88,93.78901775,0.243159082,0.515018144
x335606d,2020/5/6,16,0,0,5322,6656,110.9333333,61140,1019,11040,184,8040,134,42060,1020,0.180569185,0.131501472,0.016683023,84,91.99991677,0.2421875,0.516189306
x335606d,2020/5/7,15,0,0,2709,4272,71.2,29520,492,540,9,4920,82,24060,120,0.018292683,0.166666667,0.004065041,84,90.35909646,0.236399279,0.51642558
x335606d,2020/5/8,41,7620,0.088194444,4370,5060,84.33333333,71700,1195,13800,230,10680,178,47220,1860,0.192468619,0.148953975,0.025941423,86,93.58965403,0.240804032,0.518059995
x335606d,2020/5/9,20,0,0,11604,10815,180.25,141420,2357,49740,829,11160,186,80520,3360,0.351718286,0.078913874,0.023759016,83,92.10599694,0.255553351,0.502335119
x335606d,2020/5/10,45,11580,0.134027778,3356,3830,63.83333333,,,,,,,,,,,,,,0.243938476,0.51707642
x335606d,2020/5/11,45,11580,0.134027778,5364,5406,90.1,70380,1173,11400,190,6720,112,52260,180,0.161977835,0.095481671,0.002557545,86,91.81221009,0.246055263,0.510235326
x335606d,2020/5/12,26,1560,0.018055556,7719,7904,131.7333333,66780,1113,12060,201,4980,83,49740,840,0.180592992,0.074573226,0.012578616,88,94.06460045,0.221393554,0.524421091
x335606d,2020/5/13,27,2100,0.024305556,8351,9224,153.7333333,59280,988,6540,109,10560,176,42180,420,0.110323887,0.178137652,0.00708502,85,93.29459154,0.251753874,0.507099786
x335606d,2020/5/14,27,2100,0.024305556,5368,8244,137.4,33240,554,4980,83,3900,65,24360,420,0.149819495,0.11732852,0.012635379,89,92.62723765,0.246417422,0.525372332
x335606d,2020/5/15,26,2340,0.027083333,6539,8602,143.3666667,60960,1016,8820,147,14280,238,37860,720,0.144685039,0.234251969,0.011811024,84,90.17799199,0.231220136,0.528747487
x335606d,2020/5/16,22,0,0,4644,5398,89.96666667,110460,1841,11220,187,24420,407,74820,2760,0.101575231,0.221075502,0.02498642,86,92.72369691,0.257647959,0.50643194
x335606d,2020/5/17,30,900,0.010416667,15450,17573,292.8833333,42300,705,8700,145,1440,24,32160,120,0.205673759,0.034042553,0.002836879,89,92.5821525,0.23765744,0.58132783
x335606d,2020/5/18,17,0,0,4315,5974,99.56666667,42720,712,4380,73,5040,84,33300,960,0.10252809,0.117977528,0.02247191,84,89.34351988,0.239437495,0.522393256
x335606d,2020/5/19,19,0,0,6814,7242,120.7,67380,1123,8880,148,10620,177,47880,1560,0.131789849,0.157613535,0.023152271,87,92.584573,0.247620475,0.505358615
x335606d,2020/5/20,35,4200,0.048611111,4582,5814,96.9,63240,1054,9120,152,15840,264,38280,660,0.144212524,0.250474383,0.010436433,86,90.85764236,0.240314695,0.52047502
x335606d,2020/5/21,18,0,0,7443,8013,133.55,42060,701,12120,202,6480,108,23460,60,0.288159772,0.154065621,0.001426534,83,93.28855768,0.257578289,0.486539623
x335606d,2020/5/22,33,1980,0.022916667,7474,7530,125.5,30720,512,9540,159,1800,30,19380,420,0.310546875,0.05859375,0.013671875,85,92.13769485,0.247699175,0.513152945
x335606d,2020/5/23,33,1200,0.013888889,7869,7736,128.9333333,72780,1213,13920,232,7980,133,50880,240,0.191261336,0.109645507,0.003297609,85,90.40543082,0.25437303,0.508110444
x335606d,2020/5/24,34,1920,0.022222222,7414,9168,152.8,106620,1777,11400,190,27060,451,68160,2940,0.106921778,0.253798537,0.027574564,88,93.77020825,0.262339445,0.516469857
x335606d,2020/5/25,29,540,0.00625,6507,6646,110.7666667,89820,1497,4800,80,20880,348,64140,840,0.053440214,0.23246493,0.009352037,83,92.42228774,0.245297067,0.506427756
x335606d,2020/5/26,33,1800,0.020833333,6170,7964,132.7333333,34800,580,7260,121,4380,73,23160,300,0.20862069,0.125862069,0.00862069,84,93.70321665,0.252052629,0.516089551
x335606d,2020/5/27,28,2940,0.034027778,6846,7167,119.45,109680,1828,5400,90,19320,322,84960,1920,0.049234136,0.176148796,0.01750547,89,93.33340256,0.24189416,0.513106913
x335606d,2020/5/28,37,9840,0.113888889,7411,7172,119.5333333,137400,2290,6240,104,39180,653,91980,1620,0.045414847,0.285152838,0.011790393,88,93.9849109,0.237807341,0.510425607
x335606d,2020/5/29,47,4680,0.054166667,4659,5613,93.55,17160,286,2460,41,0,0,14700,60,0.143356643,0,0.003496503,88,94.03816794,0.242997017,0.514934333
x335606d,2020/5/30,34,0,0,6470,7265,121.0833333,110820,1847,13260,221,26760,446,70800,1740,0.119653492,0.241472658,0.015701137,82,91.20765092,0.252562639,0.499303665
x335606d,2020/5/31,24,2400,0.027777778,1993,3155,52.58333333,25680,428,12060,201,0,0,13620,180,0.469626168,0,0.007009346,83,91.31496063,0.241900414,0.509279837
x335606d,2020/6/1,10,0,0,4303,5016,83.6,97560,1626,6000,100,19140,319,72420,1320,0.061500615,0.196186962,0.013530135,79,91.03785126,0.247014155,0.509412169
x335606d,2020/6/2,9,0,0,92,240,4,21660,361,5580,93,0,0,16080,120,0.257617729,0,0.005540166,83,92.22131148,,
x33563ee,2020/4/10,31,4620,0.053472222,8998,9727,162.1166667,,,,,,,,,,,,,,0.273658806,0.383940441
x33563ee,2020/4/11,11,0,0,7436,8278,137.9666667,,,,,,,,,,,,,,0.242604611,0.508083407
x33563ee,2020/4/12,53,0,0,7609,11187,186.45,94200,1570,35160,586,6420,107,52620,2160,0.373248408,0.068152866,0.022929936,85,93.98649033,0.232525648,0.569238753
x33563ee,2020/4/13,28,540,0.00625,9808,10694,178.2333333,47880,798,10800,180,6180,103,30900,960,0.22556391,0.129072682,0.020050125,85,93.57777778,0.229585185,0.543038076
x33563ee,2020/4/14,39,900,0.010416667,8961,5387,89.78333333,,,,,,,,,,,,,,0.097996152,0.718299633
x33563ee,2020/4/15,28,1080,0.0125,5310,4608,76.8,43380,723,9540,159,4260,71,27480,300,0.219917012,0.098201936,0.006915629,87,95.99121087,0.118524333,0.763269044
x33563ee,2020/4/16,-1,0,0,4998,4977,82.95,,,,,,,,,,,,,,0.237001289,0.516621519
x33563ee,2020/4/17,48,2880,0.033333333,8458,9162,152.7,,,,,,,,,,,,,,0.227711748,0.529583884
x33563ee,2020/4/18,11,0,0,6422,5713,95.21666667,,,,,,,,,,,,,,0.246941887,0.521397499
x33563ee,2020/4/19,24,0,0,3805,5283,88.05,,,,,,,,,,,,,,0.234266553,0.525611154
x33563ee,2020/4/20,52,3360,0.038888889,7981,8451,140.85,,,,,,,,,,,,,,0.21991302,0.532001693
x33563ee,2020/4/21,4,0,0,7713,8290,138.1666667,80760,1346,20400,340,15780,263,44580,660,0.252600297,0.195393759,0.008172363,90,96.59302966,0.242094482,0.518922033
x33563ee,2020/4/22,48,2400,0.027777778,7198,8697,144.95,,,,,,,,,,,,,,0.231561201,0.542179839
x33563ee,2020/4/23,52,3300,0.038194444,7803,9109,151.8166667,,,,,,,,,,,,,,0.224372825,0.535780363
x33563ee,2020/4/24,29,360,0.004166667,9692,10706,178.4333333,,,,,,,,,,,,,,0.232286645,0.550684039
x33563ee,2020/4/25,43,12060,0.139583333,4469,5523,92.05,36900,615,6360,106,6600,110,23940,0,0.172357724,0.178861789,0,,,0.247845494,0.498930475
x33563ee,2020/4/26,36,180,0.002083333,166,581,9.683333333,,,,,,,,,,,,,,0.251692516,0.496614969
x33563ee,2020/4/27,33,900,0.010416667,8436,10266,171.1,64440,1074,13560,226,12420,207,38460,2280,0.210428305,0.19273743,0.03538175,84,94.92920354,0.231509888,0.553448345
x33563ee,2020/4/28,42,2520,0.029166667,8495,11125,185.4166667,,,,,,,,,,,,,,0.218865918,0.551259722
x33563ee,2020/4/29,7,0,0,8387,10937,182.2833333,,,,,,,,,,,,,,0.222002836,0.530233359
x33563ee,2020/4/30,11,0,0,10195,12494,208.2333333,46740,779,15360,256,5580,93,25800,60,0.328626444,0.119383825,0.001283697,88,95.9133502,0.223815144,0.541721428
x33563ee,2020/5/1,11,0,0,4501,8165,136.0833333,,,,,,,,,,,,,,0.231622675,0.552182527
x33563ee,2020/5/2,7,0,0,7491,6171,102.85,,,,,,,,,,,,,,0.241097511,0.520393447
x33563ee,2020/5/3,11,0,0,299,993,16.55,,,,,,,,,,,,,,0.25290667,0.505813341
x33563ee,2020/5/4,32,3300,0.038194444,6759,7928,132.1333333,,,,,,,,,,,,,,0.230804574,0.538467429
x33563ee,2020/5/5,11,0,0,6066,6784,113.0666667,,,,,,,,,,,,,,0.231867771,0.534408303
x33563ee,2020/5/6,31,3300,0.038194444,6564,7397,123.2833333,,,,,,,,,,,,,,0.240965533,0.534055669
x33563ee,2020/5/7,15,0,0,5061,5396,89.93333333,,,,,,,,,,,,,,0.235185917,0.516493013
x33563ee,2020/5/8,31,3300,0.038194444,6693,7830,130.5,,,,,,,,,,,,,,0.240192633,0.539593909
x33563ee,2020/5/9,23,960,0.011111111,5987,7668,127.8,,,,,,,,,,,,,,0.256909516,0.498615557
x33563ee,2020/5/10,23,960,0.011111111,1464,1789,29.81666667,29520,492,17520,292,0,0,12000,2100,0.593495935,0,0.071138211,,,0.243230786,0.507026273
x33563ee,2020/5/11,39,840,0.009722222,7332,8405,140.0833333,,,,,,,,,,,,,,0.227938356,0.556293406
x33563ee,2020/5/12,15,0,0,6627,6927,115.45,,,,,,,,,,,,,,0.229071509,0.531501265
x33563ee,2020/5/13,38,2220,0.025694444,7274,7956,132.6,,,,,,,,,,,,,,0.236002254,0.53784386
x33563ee,2020/5/14,14,0,0,4865,5035,83.91666667,27960,466,15360,256,0,0,12600,2160,0.549356223,0,0.077253219,87,94.61057692,0.230332453,0.530940822
x33563ee,2020/5/15,38,2220,0.025694444,9597,11975,199.5833333,,,,,,,,,,,,,,0.244270951,0.528149813
x33563ee,2020/5/16,25,540,0.00625,6557,6422,107.0333333,,,,,,,,,,,,,,0.258571107,0.496911651
x33563ee,2020/5/17,6,120,0.001388889,3418,7685,128.0833333,49980,833,14880,248,4140,69,30960,960,0.297719088,0.082833133,0.019207683,91,96.08426966,0.258170895,0.532945613
x33563ee,2020/5/18,29,3840,0.044444444,7922,5689,94.81666667,,,,,,,,,,,,,,0.13711134,0.817851663
x33563ee,2020/5/19,10,0,0,5180,4728,78.8,40260,671,10980,183,4860,81,24420,420,0.272727273,0.12071535,0.010432191,83,93.03430799,0.079288844,0.836977587
x33563ee,2020/5/20,68,1200,0.013888889,7842,8791,146.5166667,22980,383,6360,106,2520,42,14100,60,0.276762402,0.109660574,0.002610966,84,93.89017341,0.238447632,0.536578704
x33563ee,2020/5/21,10,180,0.002083333,7445,9004,150.0666667,59520,992,12480,208,13500,225,33540,300,0.209677419,0.226814516,0.005040323,88,94.64881574,0.227208124,0.532353093
x33563ee,2020/5/22,90,900,0.010416667,5347,7398,123.3,,,,,,,,,,,,,,0.271751541,0.516365989
x33563ee,2020/5/23,57,1860,0.021527778,8260,8358,139.3,40980,683,7560,126,4560,76,28860,600,0.184480234,0.111273792,0.014641288,83,94.15658163,0.234681325,0.525742549
x33563ee,2020/5/24,32,0,0,0,0,0,,,,,,,,,,,,,,0.25,0.5
x33563ee,2020/5/26,26,0,0,6647,6642,110.7,,,,,,,,,,,,,,0.2189924,0.535062289
x33563ee,2020/5/27,43,1740,0.020138889,9671,10468,174.4666667,63840,1064,16200,270,12480,208,35160,420,0.253759398,0.195488722,0.006578947,83,92.74110098,0.22451514,0.531509274
x33563ee,2020/5/28,45,540,0.00625,8310,9202,153.3666667,,,,,,,,,,,,,,0.223943625,0.536257416
x33563ee,2020/5/29,30,240,0.002777778,10960,11058,184.3,67140,1119,11400,190,12900,215,41160,180,0.169794459,0.192135836,0.002680965,84,92.29981649,0.235888343,0.566884286
x33563ee,2020/5/30,41,720,0.008333333,475,1309,21.81666667,69780,1163,10980,183,12060,201,46740,420,0.157351677,0.172828891,0.006018917,86,93.38738008,0.238762559,0.510677142
x33563ee,2020/5/31,23,240,0.002777778,2579,2902,48.36666667,,,,,,,,,,,,,,0.227286881,0.517377662
x33563ee,2020/6/1,45,1380,0.015972222,9258,10480,174.6666667,44400,740,9360,156,7380,123,27660,360,0.210810811,0.166216216,0.008108108,84,94.24197572,0.209619891,0.541226243
x33563ee,2020/6/2,59,3180,0.036805556,1914,2367,39.45,44460,741,10980,183,8880,148,24600,300,0.246963563,0.199730094,0.006747638,88,95.83384458,,
x3356405,2020/4/5,15,0,0,0,0,0,,,,,,,,,,,,,,,
x3356405,2020/4/8,58,3180,0.036805556,4445,3072,51.2,,,,,,,,,,,,,,0.243183564,0.513932892
x3356405,2020/4/10,15,0,0,3228,1794,29.9,,,,,,,,,,,,,,0.25140061,0.506819847
x3356405,2020/4/12,24,120,0.001388889,1647,2787,46.45,,,,,,,,,,,,,,0.254944404,0.500122402
x3356405,2020/4/14,28,180,0.002083333,2409,1528,25.46666667,,,,,,,,,,,,,,0.250541993,0.506704213
x3356405,2020/5/1,59,60,0.000694444,0,0,0,,,,,,,,,,,,,,0.25,0.5
x3356405,2020/5/2,17,0,0,315,628,10.46666667,,,,,,,,,,,,,,0.257996719,0.553619028
x3356405,2020/5/4,31,600,0.006944444,0,0,0,,,,,,,,,,,,,,0.25,0.5
x3356405,2020/5/10,31,480,0.005555556,13,5,0.083333333,,,,,,,,,,,,,,0.296805222,0.406389557
x3356405,2020/5/19,25,180,0.002083333,0,0,0,,,,,,,,,,,,,,0.25,0.5
x3356405,2020/5/20,49,780,0.009027778,3745,2914,48.56666667,,,,,,,,,,,,,,0.241633328,0.514146084
x3356405,2020/5/24,34,240,0.002777778,4605,4678,77.96666667,,,,,,,,,,,,,,0.326382494,0.409152632
x3356405,2020/5/25,24,420,0.004861111,752,1725,28.75,,,,,,,,,,,,,,0.25445527,0.490569826
x3356405,2020/5/26,24,420,0.004861111,6329,4719,78.65,,,,,,,,,,,,,,0.20557243,0.537743278
x3356405,2020/5/27,44,5940,0.06875,3253,2262,37.7,,,,,,,,,,,,,,0.252965366,0.503993439
x3356405,2020/5/28,53,9720,0.1125,4539,3697,61.61666667,,,,,,,,,,,,,,0.219539626,0.524479542
x3356405,2020/5/31,29,3780,0.04375,0,0,0,,,,,,,,,,,,,,0,1
x3356429,2020/4/10,42,7320,0.084722222,5915,8715,145.25,174540,2909,3480,58,51900,865,111840,2340,0.019938123,0.297353042,0.013406669,87,92.62666667,0.316879587,0.350276343
x3356429,2020/4/11,30,3420,0.039583333,8391,8500,141.6666667,254700,4245,23040,384,53760,896,174480,9300,0.090459364,0.211071849,0.036513545,82,90.3791423,0.260615064,0.52425212
x3356429,2020/4/12,31,3780,0.04375,2603,4512,75.2,101880,1698,17640,294,11400,190,72840,1620,0.173144876,0.111896349,0.01590106,,,0.263042204,0.494382571
x3356429,2020/4/13,36,3960,0.045833333,12830,16863,281.05,117960,1966,33900,565,7260,121,71460,1080,0.287385554,0.061546287,0.009155646,89,93.50196164,0.209672548,0.579245581
x3356429,2020/4/14,38,4860,0.05625,10268,15387,256.45,72180,1203,8760,146,13980,233,49440,1260,0.121363259,0.193682461,0.017456359,87,89.88888889,0.227648459,0.55863011
x3356429,2020/4/15,18,180,0.002083333,7303,10890,181.5,,,,,,,,,,,,,,0.012094557,0.689169874
x3356429,2020/4/16,26,2520,0.029166667,9374,15196,253.2666667,130260,2171,7860,131,34860,581,87540,3660,0.060340857,0.267618609,0.028097651,81,88.30357143,0.248525364,0.540208415
x3356429,2020/4/17,34,3600,0.041666667,10304,13724,228.7333333,21780,363,4380,73,0,0,17400,1440,0.201101928,0,0.066115702,83,90.75757576,0.230777698,0.526845176
x3356429,2020/4/18,36,5100,0.059027778,9451,7770,129.5,55380,923,0,0,19200,320,36180,0,0,0.346695558,0,83,90.75757576,0.155187509,0.589114257
x3356429,2020/4/19,21,0,0,18670,18588,309.8,69300,1155,12420,207,10740,179,46140,3540,0.179220779,0.154978355,0.051082251,83,93.4575,0.19621763,0.607435404
x3356429,2020/4/20,18,2580,0.029861111,14235,15816,263.6,123840,2064,19080,318,15180,253,89580,2400,0.154069767,0.122577519,0.019379845,83,88.35174603,0.220159151,0.537494474
x3356429,2020/4/21,22,3780,0.04375,11948,15581,259.6833333,73740,1229,4620,77,14160,236,54960,660,0.062652563,0.192026037,0.008950366,,,0.234320302,0.520787716
x3356429,2020/4/22,24,4440,0.051388889,1890,2696,44.93333333,,,,,,,,,,,,,,,
x3356429,2020/4/23,36,10200,0.118055556,7985,11262,187.7,50220,837,7680,128,5940,99,36600,1020,0.152927121,0.11827957,0.020310633,91,91,0.315493191,0.360652345
x3356429,2020/4/24,42,12840,0.148611111,9013,15363,256.05,,,,,,,,,,,,,,0.23835466,0.535551895
x3356429,2020/4/25,20,60,0.000694444,4093,6710,111.8333333,94920,1582,15300,255,15960,266,63660,1140,0.161188369,0.168141593,0.012010114,91,92.3125,0.25087213,0.514292885
x3356429,2020/4/26,76,8520,0.098611111,13486,8826,147.1,60060,1001,5640,94,6900,115,47520,1020,0.093906094,0.114885115,0.016983017,83,93.63541667,0.064144737,0.685707237
x3356429,2020/4/27,13,0,0,9351,13155,219.25,91440,1524,10620,177,10260,171,70560,6780,0.116141732,0.112204724,0.074146982,89,89.33333333,0.242992696,0.545975835
x3356429,2020/4/28,23,540,0.00625,7759,10661,177.6833333,71520,1192,8520,142,6420,107,56580,2400,0.119127517,0.089765101,0.033557047,85,91.43478261,0.233716175,0.534566788
x3356429,2020/4/29,28,2880,0.033333333,8380,12790,213.1666667,58620,977,13500,225,6060,101,39060,300,0.230296827,0.103377687,0.005117707,87,87,0.220214645,0.526069827
x3356429,2020/4/30,46,9780,0.113194444,8925,13057,217.6166667,,,,,,,,,,,,,,0.242354417,0.524235442
x3356429,2020/5/1,41,6120,0.070833333,7133,8738,145.6333333,163680,2728,31500,525,18960,316,110940,1140,0.19244868,0.115835777,0.006964809,89,93.24444444,0.27655739,0.509798872
x3356429,2020/5/2,41,3720,0.043055556,8217,9604,160.0666667,,,,,,,,,,,,,,0.212836444,0.527405383
x3356429,2020/5/3,46,8340,0.096527778,21454,23253,387.55,90360,1506,21480,358,6600,110,62280,2040,0.237715803,0.073041169,0.022576361,84,92.99726776,0.1963415,0.61809867
x3356429,2020/5/4,38,4680,0.054166667,6934,11399,189.9833333,,,,,,,,,,,,,,0.22922361,0.534059546
x3356429,2020/5/5,23,2100,0.024305556,10347,13006,216.7666667,40800,680,6420,107,3960,66,29760,300,0.157352941,0.097058824,0.007352941,88,91.85714286,0.232539445,0.525969425
x3356429,2020/5/6,25,2820,0.032638889,7523,10911,181.85,141660,2361,28020,467,23520,392,90120,4200,0.197797543,0.166031343,0.029648454,92,94.98639456,0.071177167,0.634706167
x3356429,2020/5/7,38,4080,0.047222222,8900,14208,236.8,78360,1306,12600,210,11220,187,54540,960,0.160796325,0.143185299,0.012251149,90,94.77272727,0.23480441,0.550379543
x3356429,2020/5/8,13,0,0,8233,11378,189.6333333,,,,,,,,,,,,,,0.228999493,0.547172829
x3356429,2020/5/9,37,5160,0.059722222,8241,8422,140.3666667,86460,1441,9900,165,12720,212,63840,4620,0.114503817,0.147120056,0.053435115,83,91.44230769,0.224840797,0.528349659
x3356429,2020/5/10,43,7200,0.083333333,14473,11269,187.8166667,87900,1465,10020,167,6720,112,71160,1140,0.113993174,0.076450512,0.012969283,87,94.16666667,0.196658584,0.580150532
x3356429,2020/5/11,46,8880,0.102777778,10268,14110,235.1666667,73260,1221,14160,236,7740,129,51360,720,0.193284193,0.105651106,0.00982801,84,93.73809524,0.219667713,0.559067041
x3356429,2020/5/12,18,0,0,7340,11832,197.2,,,,,,,,,,,,,,0.221878017,0.547594142
x3356429,2020/5/13,38,360,0.004166667,8355,12478,207.9666667,129600,2160,22200,370,13020,217,94380,3000,0.171296296,0.100462963,0.023148148,85,92.94103194,0.249222153,0.522659019
x3356429,2020/5/14,34,300,0.003472222,7413,8407,140.1166667,24540,409,6960,116,0,0,17580,120,0.283618582,0,0.004889976,90,94.5,0.215113653,0.538926827
x3356429,2020/5/15,32,180,0.002083333,7156,9655,160.9166667,84120,1402,10440,174,13800,230,59880,5400,0.124108417,0.164051355,0.064194009,87,95.06410256,0.23003453,0.52249658
x3356429,2020/5/16,38,240,0.002777778,7658,7599,126.65,17460,291,2040,34,4020,67,10500,840,0.116838488,0.23024055,0.048109966,86,92.32894737,0.260272769,0.513607107
x3356429,2020/5/17,40,540,0.00625,8060,10112,168.5333333,44640,744,9480,158,0,0,35160,480,0.212365591,0,0.010752688,86,93.41447368,0.213414954,0.534500839
x3356429,2020/5/18,31,240,0.002777778,8797,11423,190.3833333,92340,1539,12420,207,14940,249,64980,1500,0.134502924,0.161793372,0.016244314,89,92.86666667,0.24565249,0.526111471
x3356429,2020/5/19,26,120,0.001388889,10090,12189,203.15,47760,796,8700,145,6600,110,32460,900,0.182160804,0.138190955,0.018844221,91,91.33333333,0.225384377,0.545309994
x3356429,2020/5/20,35,600,0.006944444,8137,12688,211.4666667,90900,1515,19080,318,12360,206,59460,660,0.20990099,0.135973597,0.007260726,100,100,0.241249729,0.537049598
x3356429,2020/5/21,20,0,0,12316,13577,226.2833333,43200,720,8100,135,7080,118,28020,960,0.1875,0.163888889,0.022222222,85,91.45454545,0.261236528,0.50897699
x3356429,2020/5/22,22,60,0.000694444,8736,12741,212.35,59580,993,8040,134,6480,108,42420,2460,0.134944612,0.108761329,0.041289023,90,91.6,0.250627893,0.530417193
x3356429,2020/5/23,31,720,0.008333333,6226,6595,109.9166667,23460,391,16140,269,0,0,7320,1620,0.68797954,0,0.069053708,85,92.85714286,0.23464893,0.523436029
x3356429,2020/5/24,20,60,0.000694444,14936,16479,274.65,114900,1915,14400,240,21240,354,79260,1320,0.125326371,0.184856397,0.011488251,85,92.02648084,0.178362404,0.593296814
x3356429,2020/5/25,65,1560,0.018055556,6594,8556,142.6,78960,1316,9000,150,11760,196,58200,360,0.113981763,0.14893617,0.004559271,79,91.3115942,0.215481389,0.530762633
x3356429,2020/5/26,31,180,0.002083333,10605,12959,215.9833333,72840,1214,12660,211,9480,158,50700,3300,0.173805601,0.13014827,0.045304778,88,92.34482759,0.248607726,0.533121826
x3356429,2020/5/27,31,480,0.005555556,7716,11894,198.2333333,49620,827,6540,109,10380,173,32700,420,0.131801693,0.209189843,0.008464329,92,93.7,0.224102757,0.54394277
x3356429,2020/5/28,31,480,0.005555556,6726,10555,175.9166667,45540,759,8160,136,5700,95,31680,480,0.179183136,0.12516469,0.010540184,88,88,0.231155646,0.529962423
x3356429,2020/5/29,31,180,0.002083333,9441,13151,219.1833333,,,,,,,,,,,,,,0.209518219,0.548498956
x3356429,2020/5/30,27,240,0.002777778,19211,19303,321.7166667,67140,1119,8940,149,8940,149,49260,1500,0.133154602,0.133154602,0.022341376,83,94.97894737,0.113298135,0.658143652
x3356429,2020/5/31,33,0,0,13832,13915,231.9166667,34500,575,6480,108,0,0,28020,1920,0.187826087,0,0.055652174,91,92.11111111,0.201507333,0.549511135
x3356429,2020/6/1,43,9480,0.109722222,93,180,3,17820,297,1140,19,4140,69,12540,60,0.063973064,0.232323232,0.003367003,91,92.11111111,,
x3356461,2020/4/7,30,4680,0.054166667,9198,12856,214.2666667,,,,,,,,,,,,,,,
x3356461,2020/4/8,32,2880,0.033333333,11162,12374,206.2333333,,,,,,,,,,,,,,0.233817666,0.527199036
x3356461,2020/4/9,30,2460,0.028472222,7073,8861,147.6833333,,,,,,,,,,,,,,0.213260424,0.535846477
x3356461,2020/4/10,42,7260,0.084027778,12769,15255,254.25,,,,,,,,,,,,,,0.21895963,0.546709513
x3356461,2020/4/11,9,0,0,9939,12851,214.1833333,,,,,,,,,,,,,,0.218726612,0.550898774
x3356461,2020/4/12,45,12240,0.141666667,12015,15309,255.15,,,,,,,,,,,,,,0.211644231,0.576894403
x3356461,2020/4/13,9,0,0,11656,13894,231.5666667,,,,,,,,,,,,,,0.228925774,0.537086375
x3356461,2020/4/14,49,13080,0.151388889,14092,14270,237.8333333,,,,,,,,,,,,,,0.218998615,0.542018518
x3356461,2020/4/15,45,12240,0.141666667,7967,9928,165.4666667,,,,,,,,,,,,,,0.239785486,0.52312975
x3356461,2020/4/16,29,0,0,13754,15450,257.5,,,,,,,,,,,,,,0.228771442,0.548081548
x3356461,2020/4/17,40,8340,0.096527778,14218,17062,284.3666667,,,,,,,,,,,,,,0.213458935,0.569325119
x3356461,2020/4/18,29,0,0,19080,20479,341.3166667,,,,,,,,,,,,,,0.196598959,0.581954157
x3356461,2020/4/19,17,120,0.001388889,15283,17142,285.7,,,,,,,,,,,,,,0.197537242,0.570860151
x3356461,2020/4/20,29,0,0,11244,12434,207.2333333,,,,,,,,,,,,,,0.227646907,0.524113383
x3356461,2020/4/21,41,8160,0.094444444,15948,16775,279.5833333,,,,,,,,,,,,,,0.222589958,0.561087247
x3356461,2020/4/22,40,8340,0.096527778,14922,16656,277.6,,,,,,,,,,,,,,0.224874302,0.541908393
x3356461,2020/4/23,38,4560,0.052777778,11844,14673,244.55,,,,,,,,,,,,,,0.22263221,0.532069106
x3356461,2020/4/24,38,4560,0.052777778,12348,15923,265.3833333,,,,,,,,,,,,,,0.225060844,0.559022096
x3356461,2020/4/25,33,7380,0.085416667,10929,13937,232.2833333,,,,,,,,,,,,,,0.217630321,0.547970938
x3356461,2020/4/26,32,3000,0.034722222,105,293,4.883333333,,,,,,,,,,,,,,,
x335a926,2020/4/11,29,2940,0.034027778,13039,11109,185.15,,,,,,,,,,,,,,0.094335784,0.44738917
x335a926,2020/4/12,37,5280,0.061111111,2406,3570,59.5,64140,1069,10680,178,10020,167,42720,360,0.166510758,0.156220767,0.005612722,91,97.16666667,0.258601956,0.488337559
x335a926,2020/4/13,40,5160,0.059722222,3891,3915,65.25,,,,,,,,,,,,,,0.2472692,0.497060072
x335a926,2020/4/14,27,600,0.006944444,4802,3646,60.76666667,,,,,,,,,,,,,,0.25015105,0.49975832
x335a926,2020/4/15,34,2700,0.03125,3012,2591,43.18333333,,,,,,,,,,,,,,0.249615196,0.504480426
x335a926,2020/4/16,36,2760,0.031944444,2437,2033,33.88333333,,,,,,,,,,,,,,0.241682174,0.5070703
x335a926,2020/4/17,21,0,0,3702,4167,69.45,,,,,,,,,,,,,,0.251833206,0.525336544
x335a926,2020/4/18,16,0,0,4366,3676,61.26666667,,,,,,,,,,,,,,0.229245271,0.525765153
x335a926,2020/4/19,28,3300,0.038194444,0,0,0,,,,,,,,,,,,,,0.25,0.5
x335a926,2020/4/21,32,4200,0.048611111,3780,3387,56.45,,,,,,,,,,,,,,0.256048606,0.520776825
x335a926,2020/4/22,32,0,0,2569,3030,50.5,,,,,,,,,,,,,,0.259086002,0.493414897
x335a926,2020/4/23,31,0,0,3196,2646,44.1,,,,,,,,,,,,,,0.255689281,0.496513599
x335a926,2020/4/24,51,4080,0.047222222,1597,1710,28.5,,,,,,,,,,,,,,0.252107687,0.505868461
x335a926,2020/4/26,16,0,0,0,0,0,,,,,,,,,,,,,,0.25,0.5
x335a926,2020/4/29,60,11580,0.134027778,259,508,8.466666667,,,,,,,,,,,,,,,
x335a926,2020/5/2,38,2880,0.033333333,0,0,0,,,,,,,,,,,,,,0.25,0.5
x335a926,2020/5/5,21,1200,0.013888889,4133,3867,64.45,,,,,,,,,,,,,,0.251584215,0.494262901
x335a926,2020/5/6,7,0,0,1834,1496,24.93333333,,,,,,,,,,,,,,0.241790728,0.50880995
x335a926,2020/5/7,15,300,0.003472222,2591,2393,39.88333333,,,,,,,,,,,,,,0.247896009,0.501648672
x335a926,2020/5/8,24,1800,0.020833333,1302,1438,23.96666667,,,,,,,,,,,,,,0.262799401,0.503542914
x335a926,2020/5/12,38,6540,0.075694444,2796,2729,45.48333333,,,,,,,,,,,,,,0.246859724,0.503567544
x335a926,2020/5/13,27,0,0,1821,1891,31.51666667,,,,,,,,,,,,,,0.252126992,0.50605261
x335a926,2020/5/14,23,120,0.001388889,2311,2409,40.15,,,,,,,,,,,,,,0.244061864,0.510899977
x335a926,2020/5/15,24,120,0.001388889,0,0,0,,,,,,,,,,,,,,0.25,0.5
x335a926,2020/5/22,40,5640,0.065277778,5649,7464,124.4,43380,723,10440,174,5280,88,27660,0,0.2406639,0.121715076,0,86,94.34975369,0.240105909,0.520434276
x335a926,2020/5/23,38,5100,0.059027778,5679,8052,134.2,38340,639,13740,229,1320,22,23280,420,0.358372457,0.034428795,0.010954617,86,93.77272727,0.240120999,0.517856231
x335a926,2020/5/24,41,6120,0.070833333,3656,4728,78.8,56160,936,24600,410,9540,159,22020,240,0.438034188,0.169871795,0.004273504,87,93.57446809,0.254848663,0.513578705
x335a926,2020/5/25,12,0,0,5780,7608,126.8,42780,713,13020,217,6240,104,23520,360,0.304347826,0.145862553,0.008415147,87,92.73287671,0.223791756,0.527147426
x335a926,2020/5/26,40,6120,0.070833333,5715,9446,157.4333333,43800,730,10800,180,5760,96,27240,1020,0.246575342,0.131506849,0.023287671,86,92.86934673,0.241222029,0.511461393
x335a926,2020/5/27,13,0,0,4072,5847,97.45,70440,1174,17160,286,13920,232,38580,540,0.243611584,0.197614991,0.007666099,87,92.98112633,0.242163544,0.509627202
x335a926,2020/5/28,22,1740,0.020138889,6801,9379,156.3166667,21240,354,3120,52,0,0,18120,0,0.146892655,0,0,87,93.37671233,0.201737189,0.541112164
x335a926,2020/5/29,31,4920,0.056944444,3165,4570,76.16666667,25200,420,10920,182,0,0,14280,0,0.433333333,0,0,87,93.30434783,0.231919834,0.522656727
x335a926,2020/5/30,23,2460,0.028472222,650,1388,23.13333333,23040,384,5700,95,0,0,17340,120,0.247395833,0,0.005208333,87,92.76923077,,
x339af71,2020/10/14,28,1500,0.017361111,7739,8619,143.65,12420,207,6300,105,0,0,6120,0,0.507246377,0,0,,,0.259838339,0.362145259
x339af71,2020/10/15,28,1740,0.020138889,11448,11687,194.7833333,31620,527,5760,96,10380,173,15480,540,0.182163188,0.328273245,0.017077799,80,88.37068966,0.248176355,0.52529011
x339af71,2020/10/16,41,4080,0.047222222,9739,8228,137.1333333,60060,1001,13680,228,11220,187,35160,360,0.227772228,0.186813187,0.005994006,84,91.82211538,0.267141517,0.491761933
x339af71,2020/10/18,16,780,0.009027778,0,0,0,,,,,,,,,,,,,,0.25,0.5
x339afaf,2020/9/26,1,0,0,42,180,3,,,,,,,,,,,,,,0.262114537,0.473568282
x339afaf,2020/9/27,20,2220,0.025694444,1988,2680,44.66666667,24960,416,15240,254,0,0,9720,0,0.610576923,0,0,87,96.08333333,0.258002867,0.516005733
x339afaf,2020/9/28,8,120,0.001388889,68,300,5,71220,1187,15900,265,16140,269,39180,240,0.223251896,0.226621735,0.00336984,86,92.94771201,0.249477352,0.499651568
x339afaf,2020/9/29,34,12240,0.141666667,4650,5271,87.85,73440,1224,14160,236,5280,88,54000,360,0.192810458,0.071895425,0.004901961,85,94.05468478,0.249067638,0.535256291
x339afaf,2020/9/30,37,7440,0.086111111,9640,8985,149.75,71100,1185,10680,178,14700,245,45720,300,0.15021097,0.206751055,0.004219409,84,92.24873526,0.250623016,0.521207828
x339afaf,2020/10/1,48,1560,0.018055556,7399,6697,111.6166667,,,,,,,,,,,,,,0.250354441,0.497584784
x339afaf,2020/10/2,56,4800,0.055555556,0,0,0,,,,,,,,,,,,,,0.25,0.5
x339afaf,2020/10/6,6,0,0,1239,2031,33.85,,,,,,,,,,,,,,0.253646186,0.494633242
x339afaf,2020/10/7,26,3000,0.034722222,1381,1789,29.81666667,89460,1491,21780,363,18300,305,49380,240,0.243460765,0.204560698,0.002682763,87,94.05181949,,
x339afaf,2020/10/16,28,60,0.000694444,3282,3268,54.46666667,27120,452,0,0,9840,164,16620,1080,0,0.362831858,0.039823009,83,91.87309645,0.057800093,0.492106492
x339afaf,2020/10/17,45,8100,0.09375,0,0,0,,,,,,,,,,,,,,0.25,0.5
x339afaf,2020/10/18,26,240,0.002777778,795,1083,18.05,,,,,,,,,,,,,,0.251333263,0.50094354
x339afaf,2020/10/19,10,0,0,539,1069,17.81666667,48240,804,7080,118,9240,154,31920,1380,0.146766169,0.191542289,0.028606965,86,94.38592878,0.252428777,0.499290996
x339afaf,2020/10/20,10,0,0,4322,6570,109.5,61380,1023,2160,36,11640,194,47580,120,0.035190616,0.189638319,0.001955034,83,91.78876298,0.26434725,0.459218025
x339afaf,2020/10/21,10,0,0,7348,9513,158.55,43260,721,9180,153,6540,109,27540,1380,0.21220527,0.151178918,0.031900139,83,90.88490074,0.247267531,0.518802219
x339afaf,2020/10/22,39,7860,0.090972222,6402,7220,120.3333333,116700,1945,20340,339,34500,575,61860,900,0.174293059,0.29562982,0.007712082,83,90.58977779,0.241433217,0.521935968
x339afaf,2020/10/23,4,0,0,3514,4784,79.73333333,89220,1487,9300,155,26880,448,53040,0,0.104236718,0.30127774,0,84,90.7950755,0.255574887,0.50083317
x339afaf,2020/10/24,5,60,0.000694444,4296,4756,79.26666667,,,,,,,,,,,,,,0.262640243,0.486281907
x339afaf,2020/10/25,36,3900,0.045138889,1017,1436,23.93333333,116460,1941,14280,238,40020,667,62160,1260,0.122617208,0.3436373,0.010819165,85,93.44689439,0.250047079,0.501647757
x339afaf,2020/10/26,13,2280,0.026388889,1961,2233,37.21666667,105420,1757,18480,308,9360,156,77580,1020,0.175298805,0.088787706,0.009675583,80,90.76665763,0.250478216,0.505768294
x339afaf,2020/10/27,34,10680,0.123611111,574,941,15.68333333,80040,1334,15780,263,11820,197,52440,540,0.197151424,0.147676162,0.006746627,85,94.57711589,0.2513486,0.500965375
x339afaf,2020/10/28,29,2520,0.029166667,5143,7710,128.5,50280,838,8700,145,7380,123,34200,60,0.173031026,0.146778043,0.001193317,84,90.32051282,0.240348202,0.534362689
x339afaf,2020/10/29,34,4500,0.052083333,4210,5941,99.01666667,56880,948,5400,90,12420,207,39060,300,0.094936709,0.21835443,0.005274262,85,93.97292202,0.251624581,0.511557461
x339afaf,2020/10/30,35,7260,0.084027778,1174,2183,36.38333333,85020,1417,8460,141,19740,329,56820,660,0.099505999,0.232180663,0.007762879,84,92.25204442,0.252146241,0.501537694
x339afaf,2020/10/31,38,10680,0.123611111,17,60,1,,,,,,,,,,,,,,,
x339afe8,2020/9/28,22,1860,0.021527778,5853,3447,57.45,,,,,,,,,,,,,,0.257808639,0.501030704
x339afe8,2020/9/29,18,0,0,9036,8122,135.3666667,131400,2190,15660,261,38340,639,77400,9960,0.119178082,0.291780822,0.075799087,82,91.69779018,0.257454202,0.497598303
x339afe8,2020/9/30,17,0,0,8263,8715,145.25,22920,382,8280,138,0,0,14640,420,0.361256545,0,0.018324607,83,92.85344828,0.263207659,0.48835835
x339afe8,2020/10/1,22,900,0.010416667,5249,6644,110.7333333,,,,,,,,,,,,,,0.269744851,0.514875216
x339afe8,2020/10/2,34,2400,0.027777778,249,423,7.05,,,,,,,,,,,,,,0.262836895,0.471869328
x339afe8,2020/10/3,21,540,0.00625,0,0,0,,,,,,,,,,,,,,0.250173732,0.499652536
x339afe8,2020/10/15,32,0,0,5674,5349,89.15,43920,732,5400,90,8880,148,29640,1380,0.12295082,0.202185792,0.031420765,94,94,0.148746372,0.46952757
x339afe8,2020/10/16,15,0,0,3072,3213,53.55,57360,956,13440,224,8340,139,33720,1500,0.234309623,0.14539749,0.026150628,84,89.96590909,0.39687687,0.530082807
x339afe8,2020/10/17,35,840,0.009722222,2019,2142,35.7,37560,626,5580,93,7320,122,24660,60,0.1485623,0.194888179,0.001597444,89,96.10743802,0.272668525,0.496071972
x339afe8,2020/10/18,22,540,0.00625,4740,4946,82.43333333,105960,1766,30360,506,14160,236,61440,0,0.286523216,0.133635334,0,84,92.15916067,0.265180347,0.47479559
x339afe8,2020/10/19,34,2040,0.023611111,6058,6376,106.2666667,29100,485,2400,40,9840,164,16860,1380,0.082474227,0.33814433,0.04742268,85,90.65223476,0.254345517,0.507978757
x339afe8,2020/10/20,14,0,0,4693,4356,72.6,,,,,,,,,,,,,,0.254177661,0.498179908
x339afe8,2020/10/21,25,1800,0.020833333,5877,5154,85.9,79320,1322,14340,239,16920,282,48060,4980,0.180786687,0.213313162,0.062783661,84,91.04486939,0.255901829,0.497969131
x339afe8,2020/10/22,29,2400,0.027777778,5203,5501,91.68333333,96300,1605,11040,184,14340,239,70920,2100,0.114641745,0.148909657,0.021806854,78,90.59830049,0.247951149,0.515680045
x339afe8,2020/10/23,31,2160,0.025,1514,1673,27.88333333,71100,1185,18000,300,19260,321,33840,840,0.253164557,0.270886076,0.011814346,87,94.52194606,0.254228286,0.490835271
x339afe8,2020/10/24,63,20340,0.235416667,4118,4515,75.25,35340,589,5100,85,7380,123,22860,300,0.144312394,0.208828523,0.008488964,87,93.79069767,0.257409782,0.502839348
x339afe8,2020/10/25,50,11160,0.129166667,3506,3706,61.76666667,79200,1320,10800,180,16200,270,52200,0,0.136363636,0.204545455,0,86,92.94230727,0.258068761,0.487415365
x339afe8,2020/10/26,37,6420,0.074305556,3771,3741,62.35,54240,904,6060,101,20040,334,28140,1500,0.111725664,0.369469027,0.027654867,87,92.52854247,0.290004073,0.413994579
x339afe8,2020/10/27,53,60,0.000694444,13,60,1,,,,,,,,,,,,,,0.252986648,0.494026704
x339afe8,2020/10/30,28,1200,0.013888889,5396,6188,103.1333333,73380,1223,9720,162,27120,452,36540,480,0.132461161,0.369582993,0.006541292,87,92.93709669,0.255044199,0.496416621
x339afe8,2020/10/31,37,6420,0.074305556,381,720,12,,,,,,,,,,,,,,,
x33b5e91,2020/5/5,26,2880,0.033333333,16196,20191,336.5166667,51000,850,17100,285,13860,231,20040,480,0.335294118,0.271764706,0.009411765,,,0.216000203,0.477874759
x33b5e91,2020/5/6,18,240,0.002777778,8917,12729,212.15,101700,1695,35520,592,18420,307,47760,1080,0.349262537,0.181120944,0.010619469,,,0.173053169,0.56981716
x33b5e91,2020/5/7,27,2520,0.029166667,13292,14418,240.3,110340,1839,19380,323,13500,225,77460,840,0.175638934,0.122349103,0.007612833,,,0.166616921,0.563181744
x33b5e91,2020/5/8,34,3240,0.0375,15008,16435,273.9166667,48120,802,19320,322,3360,56,25440,180,0.401496259,0.069825436,0.003740648,,,0.192442895,0.557204867
x33b5e91,2020/5/9,29,1080,0.0125,16574,15970,266.1666667,74640,1244,25200,420,10260,171,39180,420,0.337620579,0.137459807,0.00562701,,,0.190502273,0.545982363
x33b5e91,2020/5/10,33,1680,0.019444444,12313,16398,273.3,72060,1201,29400,490,7080,118,35580,1200,0.407993339,0.098251457,0.016652789,,,0.190480272,0.57188366
x33b5e91,2020/5/11,35,6540,0.075694444,17011,17604,293.4,45600,760,21600,360,4080,68,19920,480,0.473684211,0.089473684,0.010526316,,,0.25612239,0.554155196
x33b5e91,2020/5/12,36,5220,0.060416667,14272,17539,292.3166667,49140,819,20340,339,6780,113,22020,1200,0.413919414,0.137973138,0.024420024,,,0.236877405,0.553971787
x33b5e91,2020/5/13,34,4020,0.046527778,15468,16714,278.5666667,52200,870,19080,318,6240,104,26880,540,0.365517241,0.11954023,0.010344828,,,0.221389404,0.562548706
x33b5e91,2020/5/14,35,2100,0.024305556,11677,14326,238.7666667,75300,1255,25440,424,10500,175,39360,780,0.337848606,0.139442231,0.010358566,,,0.219388034,0.553635768
x33b5e91,2020/5/15,29,1500,0.017361111,12434,15755,262.5833333,94560,1576,26820,447,19560,326,48180,2220,0.283629442,0.206852792,0.023477157,,,0.176086804,0.558655933
x33b5e91,2020/5/16,27,1740,0.020138889,16562,18330,305.5,122520,2042,41880,698,20520,342,60120,1680,0.341821743,0.16748286,0.013712047,,,0.18748186,0.580774366
x33b5e91,2020/5/17,25,2460,0.028472222,17484,19544,325.7333333,50940,849,19740,329,6780,113,24420,0,0.387514723,0.133097762,0,,,0.193093342,0.562820095
x33b5e91,2020/5/18,16,0,0,560,1550,25.83333333,,,,,,,,,,,,,,,
x33b5e91,2020/5/20,38,1500,0.017361111,18596,17389,289.8166667,76320,1272,29520,492,6180,103,40620,420,0.386792453,0.080974843,0.005503145,,,,
x33b5e91,2020/5/21,24,1260,0.014583333,13964,16266,271.1,50220,837,23160,386,3900,65,23160,780,0.461170848,0.077658303,0.015531661,,,0.195475191,0.587282543
x33b5e91,2020/5/22,18,120,0.001388889,8117,10977,182.95,76860,1281,25500,425,11640,194,39720,720,0.331772053,0.151444184,0.009367681,,,0.205507604,0.52367315
x33b5e91,2020/5/23,16,600,0.006944444,15924,15795,263.25,51900,865,21960,366,5460,91,24480,300,0.423121387,0.105202312,0.005780347,,,0.259005748,0.548370321
x33b5e91,2020/5/24,13,540,0.00625,14438,16127,268.7833333,49260,821,24120,402,4500,75,20640,360,0.489646772,0.09135201,0.007308161,,,0.179989598,0.566942637
x33b5e91,2020/5/25,33,4020,0.046527778,8611,12742,212.3666667,50700,845,25200,420,3960,66,21540,300,0.49704142,0.078106509,0.00591716,,,0.198146967,0.563094677
x33b5e91,2020/5/26,34,4680,0.054166667,12812,16125,268.75,50280,838,25620,427,4860,81,19800,540,0.509546539,0.096658711,0.010739857,,,0.203973757,0.574533005
x33b5e91,2020/5/27,27,1020,0.011805556,7418,10898,181.6333333,47160,786,24600,410,2880,48,19680,900,0.521628499,0.061068702,0.019083969,,,0.199495653,0.536067423
x33b5e91,2020/5/28,26,1980,0.022916667,11296,12578,209.6333333,50700,845,20940,349,1380,23,28380,780,0.413017751,0.027218935,0.015384615,,,0.212822736,0.556405949
x33b5e91,2020/5/29,33,4740,0.054861111,12645,13577,226.2833333,49500,825,27600,460,5040,84,16860,600,0.557575758,0.101818182,0.012121212,,,0.189093821,0.549095449
x33b5e91,2020/5/30,31,1260,0.014583333,11909,13457,224.2833333,51240,854,27420,457,3360,56,20460,300,0.535128806,0.06557377,0.005854801,,,0.189175109,0.529728692
x33b5e91,2020/5/31,26,1620,0.01875,10257,12675,211.25,75720,1262,31260,521,6960,116,37500,360,0.412836767,0.091917591,0.004754358,,,0.183058664,0.56546626
x33b5e91,2020/6/1,30,2940,0.034027778,8533,11283,188.05,49020,817,27660,461,3720,62,17640,480,0.564259486,0.075887393,0.009791922,,,0.195088094,0.560945008
x33b5e91,2020/6/2,33,4440,0.051388889,17587,19083,318.05,,,,,,,,,,,,,,,
x33b5e91,2020/6/3,8,0,0,267,895,14.91666667,,,,,,,,,,,,,,,
x33b5ec0,2020/5/5,14,60,0.000694444,18629,19451,324.1833333,40980,683,1320,22,3480,58,36180,3420,0.032210835,0.084919473,0.083455344,,,0.281886077,0.340697804
x33b5ec0,2020/5/6,25,3300,0.038194444,10989,12964,216.0666667,133140,2219,11580,193,23280,388,98280,8880,0.086976115,0.174853538,0.06669671,,,0.255638894,0.534577997
x33b5ec0,2020/5/7,20,180,0.002083333,20119,19344,322.4,116760,1946,18300,305,12960,216,85500,7080,0.156731757,0.110996917,0.060637205,,,0.265661013,0.543200756
x33b5ec0,2020/5/8,6,0,0,12871,15678,261.3,36660,611,14340,239,2940,49,19380,1080,0.391162029,0.080196399,0.029459902,,,0.243987023,0.524876944
x33b5ec0,2020/5/9,6,0,0,7893,9217,153.6166667,123720,2062,29760,496,8460,141,85500,8220,0.240543162,0.068380213,0.066440349,,,0.272379731,0.466452854
x33b5ec0,2020/5/10,10,0,0,13113,14545,242.4166667,172260,2871,19560,326,16560,276,136140,11040,0.113549286,0.096133751,0.064089168,,,0.248217705,0.519303106
x33b5ec0,2020/5/11,6,0,0,12188,13015,216.9166667,66780,1113,6480,108,9480,158,50820,3240,0.09703504,0.14195867,0.04851752,,,0.26743397,0.516186548
x33b5ec0,2020/5/12,14,0,0,13412,14499,241.65,40680,678,10860,181,3660,61,26160,2520,0.266961652,0.089970501,0.061946903,,,0.237173177,0.530197813
x33b5ec0,2020/5/13,7,0,0,10809,12390,206.5,60240,1004,7620,127,7200,120,45420,5880,0.126494024,0.119521912,0.097609562,,,0.243600604,0.524035789
x33b5ec0,2020/5/14,32,900,0.010416667,8503,8707,145.1166667,95280,1588,10020,167,19320,322,65940,8880,0.105163728,0.202770781,0.093198992,,,0.239525077,0.496261004
x33b5ec0,2020/5/15,9,0,0,13816,13704,228.4,,,,,,,,,,,,,,0.263148162,0.509422914
x33b5ec0,2020/5/16,10,60,0.000694444,10681,13916,231.9333333,98160,1636,6240,104,16560,276,75360,10320,0.063569682,0.168704156,0.105134474,,,0.256206012,0.515194501
x33b5ec0,2020/5/17,28,1740,0.020138889,10928,13204,220.0666667,75540,1259,16980,283,6360,106,52200,7440,0.224781573,0.084193805,0.098490866,,,0.264058145,0.514126455
x33b5ec0,2020/5/18,28,1860,0.021527778,79,300,5,,,,,,,,,,,,,,,
x33b5ec0,2020/5/20,10,0,0,11625,13526,225.4333333,,,,,,,,,,,,,,0.185624031,0.41308926
x33b5ec0,2020/5/21,34,4500,0.052083333,9211,11388,189.8,94500,1575,19380,323,14460,241,60660,7740,0.205079365,0.153015873,0.081904762,,,0.257238161,0.528530746
x33b5ec0,2020/5/22,61,900,0.010416667,9797,11829,197.15,124140,2069,10620,177,4260,71,37260,6600,0.085548574,0.034316095,0.053165781,,,0.262069773,0.509238431
x33b5ec0,2020/5/23,47,180,0.002083333,15343,16126,268.7666667,72000,1200,0,0,0,0,0,0,0,0,0,,,0.243798812,0.535832142
x33b5ec0,2020/5/24,57,9420,0.109027778,11818,15127,252.1166667,55140,919,2160,36,0,0,52980,6480,0.039173014,0,0.117519042,,,0.21965511,0.551448176
x33b5ec0,2020/5/25,57,1500,0.017361111,11007,13895,231.5833333,60420,1007,8700,145,4260,71,46800,1560,0.143992056,0.070506455,0.025819265,,,0.219909253,0.536656125
x33b5ec0,2020/5/26,14,0,0,12655,14531,242.1833333,,,,,,,,,,,,,,0.202883023,0.569118813
x33b5ec0,2020/5/27,15,60,0.000694444,9708,9876,164.6,,,,,,,,,,,,,,0.262539814,0.535735557
x33b5ec0,2020/5/28,29,1440,0.016666667,12382,13025,217.0833333,112260,1871,12900,215,6900,115,92460,11040,0.114911812,0.061464458,0.098343132,,,0.390700863,0.323851412
x33b5ec0,2020/5/29,22,60,0.000694444,9217,11259,187.65,107340,1789,16260,271,3840,64,87240,24240,0.151481274,0.035774176,0.225824483,,,0.265052304,0.511106427
x33b5ec0,2020/5/30,21,60,0.000694444,9531,11973,199.55,,,,,,,,,,,,,,0.248417913,0.497117981
x33b5ec0,2020/5/31,13,120,0.001388889,13746,15637,260.6166667,97020,1617,20580,343,4140,69,72300,3360,0.212121212,0.042671614,0.034632035,,,0.270542733,0.501822142
x33b5ec0,2020/6/1,-2,0,0,9688,11666,194.4333333,132840,2214,19680,328,11460,191,101700,19320,0.148148148,0.086269196,0.145438121,,,0.276900492,0.494537904
x33b5ec0,2020/6/2,56,2640,0.030555556,20695,18578,309.6333333,45660,761,6120,102,2220,37,37320,3120,0.134034166,0.048620237,0.068331143,,,0.262127515,0.434026658
x33b5ec0,2020/6/3,17,0,0,7438,8035,133.9166667,169740,2829,25860,431,19200,320,124680,12960,0.152350654,0.113114175,0.076352068,,,0.278738757,0.33444697
x33b5ec0,2020/6/4,9,180,0.002083333,12240,15391,256.5166667,,,,,,,,,,,,,,0.269862768,0.535828301
x33b5ec0,2020/6/5,34,2100,0.024305556,133,540,9,20580,343,780,13,3000,50,16800,900,0.037900875,0.145772595,0.043731778,,,,
x33b5ef9,2020/5/4,13,300,0.003472222,5959,7725,128.75,25140,419,3780,63,7320,122,14040,180,0.150357995,0.291169451,0.007159905,88,94.515,,
x33b5ef9,2020/5/5,10,0,0,8582,11100,185,104580,1743,13560,226,17280,288,73740,5820,0.129661503,0.165232358,0.055651176,89,96.27086024,0.208302815,0.601353529
x33b5ef9,2020/5/6,12,0,0,7298,4257,70.95,50820,847,13200,220,6300,105,30300,480,0.25974026,0.123966942,0.0094451,89,94.18033434,0.113930152,0.596395133
x33b5ef9,2020/5/7,31,1020,0.011805556,5536,7762,129.3666667,62700,1045,19080,318,10980,183,32640,3300,0.30430622,0.175119617,0.052631579,85,93.76249397,0.224121857,0.542213935
x33b5ef9,2020/5/8,20,2280,0.026388889,4806,5489,91.48333333,86160,1436,18060,301,15360,256,52740,1320,0.209610028,0.178272981,0.015320334,84,93.13080777,0.139203852,0.666265393
x33b5ef9,2020/5/9,21,360,0.004166667,6193,8347,139.1166667,41820,697,6420,107,4680,78,30720,60,0.153515065,0.111908178,0.00143472,81,92.32801993,0.217249817,0.523042036
x33b5ef9,2020/5/10,30,420,0.004861111,4962,8185,136.4166667,92040,1534,10200,170,20160,336,61680,1680,0.110821382,0.219035202,0.018252934,87,94.29924123,0.209563383,0.528632615
x33b5ef9,2020/5/11,36,3000,0.034722222,6071,7620,127,73380,1223,10680,178,14160,236,48540,480,0.145543745,0.192968111,0.006541292,84,92.71837675,0.235998985,0.531607007
x33b5ef9,2020/5/12,9,60,0.000694444,5330,3116,51.93333333,88080,1468,15960,266,17580,293,54540,2700,0.18119891,0.199591281,0.030653951,88,95.01580949,,
x33b5ef9,2020/5/13,20,0,0,3517,3193,53.21666667,42060,701,9420,157,2040,34,30600,3060,0.223965763,0.04850214,0.07275321,82,94.2004902,0.130797474,0.590684654
x33b5ef9,2020/5/14,40,8160,0.094444444,5998,7659,127.65,71100,1185,12900,215,10560,176,47640,1140,0.181434599,0.148523207,0.016033755,85,94.22471605,0.224774895,0.523285201
x33b5ef9,2020/5/15,32,3000,0.034722222,7000,10409,173.4833333,96360,1606,16560,276,4800,80,75000,3300,0.171855542,0.0498132,0.034246575,85,95.29224666,0.210130147,0.533431591
x33b5ef9,2020/5/16,36,3600,0.041666667,10097,15057,250.95,91260,1521,12480,208,13500,225,65280,5400,0.136752137,0.147928994,0.059171598,83,92.76422652,0.223428466,0.557171734
x33b5ef9,2020/5/17,16,0,0,7569,8269,137.8166667,69600,1160,18360,306,15660,261,35580,1080,0.263793103,0.225,0.015517241,87,93.63635717,0.242197289,0.474715905
x33b5ef9,2020/5/19,28,120,0.001388889,2781,3521,58.68333333,25440,424,2580,43,6000,100,16860,300,0.101415094,0.235849057,0.011792453,85,94.06808511,,
x33b5ef9,2020/5/20,7,0,0,5948,7655,127.5833333,23700,395,6840,114,0,0,16860,660,0.288607595,0,0.027848101,,,0.191064993,0.416573464
x33b5ef9,2020/5/21,20,540,0.00625,7823,8541,142.35,123480,2058,17520,292,16080,268,89880,4920,0.141885326,0.130223518,0.039844509,83,93.00182626,0.23974107,0.530150657
x33b5ef9,2020/5/22,28,1260,0.014583333,62,73,1.216666667,,,,,,,,,,,,,,0.195502075,0.718345083
x33b5ef9,2020/5/23,32,1320,0.015277778,8445,8153,135.8833333,77160,1286,12960,216,11880,198,52320,1560,0.167962675,0.153965785,0.020217729,84,93.53785516,0.226705177,0.525822076
x33b5ef9,2020/5/24,33,5280,0.061111111,7520,10336,172.2666667,66840,1114,14880,248,7020,117,44940,780,0.222621185,0.10502693,0.011669659,82,90.46817043,0.240166176,0.539243269
x33b5ef9,2020/5/25,11,0,0,5525,5285,88.08333333,52440,874,19980,333,0,0,32460,600,0.381006865,0,0.011441648,86,93.53535531,0.177821994,0.507614602
x33b5ef9,2020/5/26,22,3420,0.039583333,7051,9295,154.9166667,,,,,,,,,,,,,,0.27810142,0.412446247
x33b5ef9,2020/5/27,37,5820,0.067361111,5918,5344,89.06666667,94920,1582,25980,433,14460,241,54480,3360,0.273704172,0.152338812,0.03539823,87,91.09785068,0.249679234,0.513829945
x33b5ef9,2020/5/28,12,0,0,6967,7084,118.0666667,75960,1266,10920,182,10980,183,54060,2460,0.143759874,0.144549763,0.032385466,85,92.65421714,0.296445747,0.548553923
x33b5ef9,2020/5/29,74,1020,0.011805556,6531,8139,135.65,91920,1532,23820,397,13920,232,54180,2160,0.259138381,0.151436031,0.023498695,88,94.79825802,0.246824826,0.577353012
x33b5ef9,2020/5/30,34,2640,0.030555556,4646,1984,33.06666667,,,,,,,,,,,,,,,
x33b5ef9,2020/5/31,80,3480,0.040277778,2379,2967,49.45,72960,1216,16200,270,13860,231,42900,1980,0.222039474,0.189967105,0.027138158,83,92.47093222,,
x33b5ef9,2020/6/1,55,3300,0.038194444,2890,3230,53.83333333,125280,2088,23700,395,23460,391,78120,3600,0.189176245,0.187260536,0.028735632,86,94.84615385,0.251268486,0.490561501
x33b5ef9,2020/6/2,66,17280,0.2,6948,7930,132.1666667,46320,772,17820,297,0,0,28500,780,0.384715026,0,0.016839378,86,94.82978723,0.212616286,0.535363833
x33b5ef9,2020/6/3,57,29460,0.340972222,1908,2122,35.36666667,,,,,,,,,,,,,,0.003939243,0.974448151
x33b5ef9,2020/6/4,77,32100,0.371527778,8600,11686,194.7666667,93480,1558,19080,318,10800,180,63600,3720,0.204107831,0.115532734,0.039794608,86,94.53467591,0.278158746,0.45497805
x33b5f1d,2020/5/4,78,33480,0.3875,6892,4812,80.2,,,,,,,,,,,,,,,
x33b5f1d,2020/5/5,82,19500,0.225694444,8896,8007,133.45,215940,3599,36060,601,35940,599,141780,4440,0.166990831,0.166435121,0.020561267,,,0.23523784,0.540099244
x33b5f1d,2020/5/6,74,32820,0.379861111,7583,5333,88.88333333,,,,,,,,,,,,,,0.262882256,0.505694928
x33b5f1d,2020/5/7,74,32820,0.379861111,8260,8303,138.3833333,86040,1434,2820,47,23760,396,58500,3420,0.032775453,0.276150628,0.039748954,,,0.261226424,0.519597424
x33b5f1d,2020/5/8,80,41100,0.475694444,8187,6182,103.0333333,72840,1214,16680,278,10860,181,44340,1380,0.228995058,0.149093904,0.018945634,,,0.27008206,0.524404627
x33b5f1d,2020/5/9,68,47640,0.551388889,7715,6255,104.25,70560,1176,20100,335,11100,185,39360,840,0.284863946,0.157312925,0.011904762,,,0.263586192,0.502526952
x33b5f1d,2020/5/10,84,4800,0.055555556,3359,4824,80.4,72600,1210,14280,238,13320,222,45000,60,0.196694215,0.183471074,0.000826446,,,0.258899676,0.490536432
x33b5f1d,2020/5/11,65,3600,0.041666667,8329,6813,113.55,,,,,,,,,,,,,,0.258572476,0.516312251
x33b5f1d,2020/5/12,73,29580,0.342361111,1150,2269,37.81666667,72420,1207,18060,301,12660,211,41700,960,0.249378625,0.174813587,0.013256007,,,0.249979199,0.494526393
x33b5f1d,2020/5/13,75,28320,0.327777778,7641,6510,108.5,96240,1604,11520,192,27240,454,57480,3060,0.119700748,0.283042394,0.031795511,,,0.268869696,0.506308674
x33b5f1d,2020/5/14,76,30720,0.355555556,8348,7448,124.1333333,50040,834,10320,172,6000,100,33720,1500,0.206235012,0.119904077,0.029976019,,,0.26354723,0.514619223
x33b5f1d,2020/5/15,48,13800,0.159722222,8328,7182,119.7,50100,835,15300,255,10440,174,24360,540,0.305389222,0.208383234,0.010778443,,,0.269888157,0.51681436
x33b5f1d,2020/5/16,8,0,0,8682,7043,117.3833333,64560,1076,11880,198,9300,155,43380,840,0.18401487,0.144052045,0.013011152,,,0.261479036,0.511270326
x33b5f1d,2020/5/17,48,13860,0.160416667,1106,1640,27.33333333,68640,1144,17820,297,11160,186,39660,720,0.259615385,0.162587413,0.01048951,,,0.276568502,0.453072983
x33b5f1d,2020/5/18,44,14400,0.166666667,7649,5979,99.65,32760,546,8940,149,0,0,23820,480,0.272893773,0,0.014652015,,,,
x33b5f1d,2020/5/19,12,0,0,1975,3505,58.41666667,46620,777,11220,187,5040,84,30360,720,0.240669241,0.108108108,0.015444015,,,0.241570662,0.505579347
x33b5f1d,2020/5/20,36,5400,0.0625,7858,6667,111.1166667,62100,1035,11040,184,13740,229,36360,120,0.177777778,0.221256039,0.001932367,,,0.265660266,0.512450512
x33b5f1d,2020/5/21,41,8520,0.098611111,1341,2469,41.15,61620,1027,7020,117,14640,244,39960,180,0.113924051,0.2375852,0.00292113,,,0.248132394,0.499338743
x33b5f1d,2020/5/22,17,240,0.002777778,7420,5779,96.31666667,89820,1497,12120,202,20100,335,57600,600,0.13493654,0.223780895,0.006680027,,,0.259179657,0.506888516
x33b5f1d,2020/5/23,13,0,0,7609,5804,96.73333333,101280,1688,14160,236,28200,470,58920,660,0.139810427,0.278436019,0.006516588,,,0.262626754,0.509046033
x33b5f1d,2020/5/24,12,60,0.000694444,4593,4498,74.96666667,110340,1839,27120,452,18960,316,64260,2220,0.245785753,0.171832518,0.02011963,,,0.317099408,0.398853556
x33b5f37,2020/5/5,6,0,0,10684,12071,201.1833333,77820,1297,17940,299,10380,173,49500,660,0.230531997,0.133384734,0.00848111,89,89.81851852,0.288285384,0.360351988
x33b5f37,2020/5/6,14,420,0.004861111,7294,9343,155.7166667,49620,827,14640,244,8040,134,26940,660,0.295042322,0.162031439,0.013301088,84,91.53732673,0.205956076,0.533670143
x33b5f37,2020/5/7,41,11580,0.134027778,9395,11048,184.1333333,102780,1713,26700,445,13500,225,62580,1320,0.259778167,0.131348511,0.012842966,85,88.86497175,0.223585352,0.524404981
x33b5f37,2020/5/8,7,0,0,13904,15250,254.1666667,78540,1309,12300,205,15480,258,50760,1500,0.156608098,0.197097021,0.019098549,86,92.04444444,0.234636565,0.559771488
x33b5f37,2020/5/9,6,0,0,6036,8167,136.1166667,118500,1975,24120,402,28140,469,66240,780,0.203544304,0.237468354,0.006582278,80,90.44369705,0.229806613,0.520312722
x33b5f37,2020/5/10,17,0,0,9520,8382,139.7,49920,832,18360,306,7380,123,24180,240,0.367788462,0.147836538,0.004807692,86,92.28614279,0.228253976,0.541285102
x33b5f37,2020/5/11,17,120,0.001388889,8701,9874,164.5666667,73560,1226,20040,334,12120,202,41400,720,0.272430669,0.164763458,0.009787928,85,92.7914996,0.104167579,0.642800858
x33b5f37,2020/5/12,12,0,0,5583,5153,85.88333333,99540,1659,23700,395,22260,371,53580,780,0.238095238,0.223628692,0.007836046,86,90.17282922,0.247120202,0.502931604
x33b5f37,2020/5/13,15,0,0,16137,14671,244.5166667,73680,1228,23940,399,17400,290,32340,540,0.324918567,0.236156352,0.00732899,84,90.5452834,0.175337693,0.57013093
x33b5f37,2020/5/14,5,0,0,13596,15552,259.2,76800,1280,19560,326,6360,106,50880,1380,0.2546875,0.0828125,0.01796875,86,94.48909362,0.178731338,0.585578179
x33b5f37,2020/5/15,42,13260,0.153472222,3760,6414,106.9,99660,1661,23160,386,8940,149,67560,1440,0.232390126,0.089704997,0.014449127,84,94.12399764,0.225739354,0.520951517
x33b5f37,2020/5/16,37,0,0,4938,5536,92.26666667,97620,1627,30420,507,13800,230,53400,780,0.311616472,0.141364474,0.007990166,86,92.74716705,0.235976454,0.507234369
x33b5f37,2020/5/17,46,15480,0.179166667,10025,9562,159.3666667,51780,863,16380,273,7140,119,28260,1620,0.316338355,0.137891078,0.031286211,83,91.33327773,0.23434238,0.537947451
x33b5f37,2020/5/18,5,60,0.000694444,96,294,4.9,26220,437,3600,60,6000,100,16620,240,0.137299771,0.228832952,0.009153318,86,93.90322581,,
x33b5f37,2020/5/20,4,0,0,10051,11229,187.15,69060,1151,17940,299,16980,283,34140,1440,0.259774109,0.245873154,0.020851434,84,89.75332684,0.283807614,0.359135713
x33b5f37,2020/5/21,31,6060,0.070138889,9704,14783,246.3833333,142800,2380,33300,555,26940,449,82560,2580,0.233193277,0.188655462,0.018067227,85,92.40296296,0.166598588,0.617815254
x33b5f37,2020/5/22,11,840,0.009722222,2507,3460,57.66666667,58860,981,14640,244,7380,123,36840,300,0.24872579,0.125382263,0.00509684,83,94.06064468,0.245683627,0.511719315
x33b5f37,2020/5/23,9,180,0.002083333,843,1454,24.23333333,,,,,,,,,,,,,,0.239069527,0.508558378
x33b5f37,2020/5/24,15,300,0.003472222,0,0,0,25740,429,15000,250,0,0,10740,0,0.582750583,0,0,83,93.68452381,0.25,0.5
x33b5f37,2020/5/25,5,0,0,13276,14934,248.9,91620,1527,30840,514,15780,263,45000,1980,0.336607728,0.172233137,0.021611002,83,93.66628743,0.201859728,0.568940594
x33b5f37,2020/5/26,17,780,0.009027778,8164,9400,156.6666667,47700,795,20580,343,120,2,27000,0,0.431446541,0.002515723,0,80,91.76304628,0.214994577,0.520607375
x33b5f37,2020/5/27,7,0,0,9308,11485,191.4166667,73560,1226,20400,340,8460,141,44700,900,0.277324633,0.115008157,0.01223491,86,92.14098989,0.202954743,0.552643893
x33b5f37,2020/5/28,13,0,0,11575,12659,210.9833333,50340,839,15780,263,9480,158,25080,4620,0.313468415,0.188319428,0.091775924,86,96.30222222,0.201914801,0.559185349
x33b5f37,2020/5/29,8,360,0.004166667,2958,5173,86.21666667,147060,2451,38580,643,27120,452,81360,2760,0.262341901,0.184414525,0.01876785,84,93.68488401,0.229283366,0.520430399
x33b5f37,2020/5/30,2,0,0,92,469,7.816666667,81300,1355,23580,393,10020,167,47700,1500,0.2900369,0.123247232,0.018450185,89,95.00401494,0.228156481,0.628303749
x33b5f37,2020/5/31,43,16140,0.186805556,13,60,1,71520,1192,21780,363,13200,220,36540,600,0.304530201,0.184563758,0.008389262,73,92.63695582,0.225308434,0.566628464
x33b600d,2020/5/5,35,3360,0.038888889,6800,7974,132.9,,,,,,,,,,,,,,0.243117768,0.502193512
x33b600d,2020/5/6,17,900,0.010416667,3853,3482,58.03333333,,,,,,,,,,,,,,0.26030539,0.489323435
x33b600d,2020/5/7,18,120,0.001388889,8544,10032,167.2,,,,,,,,,,,,,,0.221807563,0.548331762
x33b600d,2020/5/8,3,0,0,9006,9695,161.5833333,,,,,,,,,,,,,,0.232039152,0.522636215
x33b600d,2020/5/11,27,1860,0.021527778,305,621,10.35,,,,,,,,,,,,,,0.143607072,0.424364931
x33b600d,2020/5/12,9,240,0.002777778,2058,3257,54.28333333,107040,1784,24360,406,13860,231,68820,960,0.227578475,0.129484305,0.00896861,,,0.24161986,0.507968199
x33b600d,2020/5/13,29,3120,0.036111111,4317,5366,89.43333333,,,,,,,,,,,,,,0.254424069,0.524582274
x33b600d,2020/5/14,33,2280,0.026388889,204,435,7.25,,,,,,,,,,,,,,0.278563814,0.537674884
x33b600d,2020/5/15,37,2100,0.024305556,2291,3183,53.05,,,,,,,,,,,,,,0.249792711,0.501051468
x33b600d,2020/5/16,39,3720,0.043055556,5702,6595,109.9166667,,,,,,,,,,,,,,0.225626049,0.518536009
x33b600d,2020/5/17,41,6840,0.079166667,1536,2017,33.61666667,,,,,,,,,,,,,,0.252138493,0.506613154
x33b600d,2020/5/18,29,120,0.001388889,0,0,0,,,,,,,,,,,,,,,
x33b600d,2020/5/20,51,7440,0.086111111,7045,7224,120.4,19740,329,7800,130,0,0,11940,1200,0.395136778,0,0.060790274,,,0.150408865,0.463514902
x33b600d,2020/5/21,33,540,0.00625,14256,12309,205.15,15060,251,0,0,6000,100,9060,120,0,0.398406375,0.007968127,,,0.230854606,0.52336761
x33b600d,2020/5/22,39,5880,0.068055556,12504,12191,203.1833333,35340,589,2820,47,4860,81,27660,1980,0.079796265,0.137521222,0.056027165,,,0.258651228,0.555489465
x33b600d,2020/5/23,51,1380,0.015972222,6096,7745,129.0833333,,,,,,,,,,,,,,0.2011421,0.532758884
x33b600d,2020/5/24,35,8220,0.095138889,3889,5011,83.51666667,,,,,,,,,,,,,,0.236420155,0.510720122
x33b600d,2020/5/25,20,60,0.000694444,7003,8889,148.15,107880,1798,25020,417,12780,213,70080,4260,0.23192436,0.118464961,0.03948832,,,0.221010326,0.531981851
x33b600d,2020/5/26,37,3540,0.040972222,4210,6098,101.6333333,,,,,,,,,,,,,,0.237615501,0.514296032
x33b600d,2020/5/27,30,300,0.003472222,5033,5585,93.08333333,29040,484,11100,185,0,0,17940,660,0.382231405,0,0.022727273,,,0.255953766,0.52023362
x33b600d,2020/5/28,40,4680,0.054166667,4191,5356,89.26666667,69240,1154,7620,127,11940,199,49680,2880,0.110051993,0.172443674,0.041594454,,,0.253629042,0.515115909
x33b600d,2020/5/29,37,5820,0.067361111,6973,8099,134.9833333,12120,202,0,0,3840,64,8280,960,0,0.316831683,0.079207921,,,0.230912882,0.521571737
x33b600d,2020/5/30,31,2760,0.031944444,2441,4025,67.08333333,,,,,,,,,,,,,,0.237329287,0.512084977
x33b600d,2020/5/31,33,3720,0.043055556,5348,6409,106.8166667,102540,1709,28200,470,8100,135,66240,3900,0.275014628,0.078993563,0.038033938,,,0.224979895,0.527732756
x33b600d,2020/6/1,9,0,0,3576,6725,112.0833333,94620,1577,24780,413,5580,93,64260,2640,0.261889664,0.058972733,0.027901078,,,0.261788516,0.526802636
x33b600d,2020/6/2,12,1200,0.013888889,3504,5434,90.56666667,27600,460,0,0,6180,103,21420,300,0,0.223913043,0.010869565,,,0.225082133,0.523120816
x33b600d,2020/6/3,18,300,0.003472222,3312,3825,63.75,,,,,,,,,,,,,,0.253079019,0.508458977
x33b600d,2020/6/4,38,4020,0.046527778,9530,9348,155.8,,,,,,,,,,,,,,0.241221021,0.524205681
x33c65bd,2020/5/5,34,8220,0.095138889,8827,13079,217.9833333,,,,,,,,,,,,,,,
x33c65bd,2020/5/6,43,8640,0.1,9252,8938,148.9666667,101880,1698,24660,411,8640,144,68580,3960,0.24204947,0.084805654,0.038869258,,,0.252580536,0.549413692
x33c65bd,2020/5/7,36,3720,0.043055556,11022,13634,227.2333333,,,,,,,,,,,,,,0.200576345,0.575048948
x33c65bd,2020/5/8,28,5580,0.064583333,11474,11780,196.3333333,151320,2522,32820,547,19380,323,99120,6660,0.216891356,0.128072958,0.044012688,,,0.25140246,0.534238458
x33c65bd,2020/5/9,30,7020,0.08125,18688,18996,316.6,60240,1004,9420,157,8640,144,42180,2160,0.156374502,0.143426295,0.035856574,,,0.209730469,0.569532841
x33c65bd,2020/5/10,33,5820,0.067361111,9990,13703,228.3833333,,,,,,,,,,,,,,0.207585129,0.559940189
x33c65bd,2020/5/11,22,4560,0.052777778,12040,12758,212.6333333,200820,3347,59280,988,15240,254,126300,12660,0.295189722,0.075888856,0.06304153,,,0.271289174,0.574556277
x33c65bd,2020/5/12,32,10980,0.127083333,8968,7677,127.95,,,,,,,,,,,,,,0.250009324,0.528537862
x33c65bd,2020/5/13,25,2940,0.034027778,7212,7556,125.9333333,188820,3147,51780,863,23220,387,113820,5880,0.274229425,0.122974261,0.031140769,,,0.256823601,0.517756583
x33c65bd,2020/5/14,24,3240,0.0375,7102,8279,137.9833333,,,,,,,,,,,,,,0.260595743,0.524058832
x33c65bd,2020/5/15,33,5460,0.063194444,10319,12635,210.5833333,182520,3042,43920,732,14520,242,124080,2400,0.240631164,0.079552926,0.013149244,,,0.263409323,0.539720994
x33c65bd,2020/5/16,30,2580,0.029861111,5578,6056,100.9333333,,,,,,,,,,,,,,0.251957068,0.52727586
x33c65bd,2020/5/17,31,5220,0.060416667,7004,8893,148.2166667,17340,289,2820,47,3720,62,10800,2160,0.162629758,0.214532872,0.124567474,,,0.29248014,0.458051504
x33c65bd,2020/5/20,34,2760,0.031944444,8815,7925,132.0833333,,,,,,,,,,,,,,0.015493091,0.487902655
x33c65bd,2020/5/21,21,960,0.011111111,9271,6965,116.0833333,110940,1849,22560,376,19260,321,69120,960,0.203353164,0.173607355,0.008653326,,,0.236293825,0.535179707
x33c65bd,2020/5/22,26,4020,0.046527778,7891,8178,136.3,,,,,,,,,,,,,,0.303461678,0.469119065
x33c65db,2020/5/7,17,0,0,7241,6822,113.7,45240,754,12300,205,4860,81,28080,1860,0.271883289,0.107427056,0.041114058,,,,
x33c65db,2020/5/8,15,60,0.000694444,9446,10484,174.7333333,,,,,,,,,,,,,,0.227857105,0.534748933
x33c65db,2020/5/9,20,0,0,11052,15019,250.3166667,31440,524,18780,313,2760,46,9900,0,0.597328244,0.08778626,0,,,0.199983189,0.532088371
x33c65db,2020/5/10,13,0,0,492,1057,17.61666667,40440,674,13080,218,5820,97,21540,0,0.323442136,0.143916914,0,,,,
x33c65db,2020/5/11,30,0,0,0,0,0,,,,,,,,,,,,,,,
x33c65db,2020/5/12,14,0,0,7748,10139,168.9833333,49260,821,14940,249,6780,113,27540,660,0.303288672,0.137637028,0.013398295,,,0.219732235,0.546452315
x33c65db,2020/5/13,7,0,0,6584,6984,116.4,57060,951,17040,284,5940,99,34080,0,0.298633018,0.104100946,0,,,0.234738592,0.522300292
x33c65db,2020/5/14,16,60,0.000694444,4572,4575,76.25,60900,1015,18360,306,8340,139,34200,360,0.301477833,0.136945813,0.00591133,,,0.247797128,0.510528567
x33c65db,2020/5/15,14,60,0.000694444,5928,8820,147,43260,721,5700,95,11700,195,25860,2700,0.131761442,0.270457698,0.062413315,,,0.244496004,0.530381542
x33c65db,2020/5/16,11,0,0,6218,7857,130.95,67920,1132,24060,401,6540,109,37320,240,0.354240283,0.096289753,0.003533569,,,0.220567078,0.528309334
x33c65db,2020/5/17,27,0,0,31,9,0.15,,,,,,,,,,,,,,,
x33c65db,2020/5/19,17,60,0.000694444,7406,7490,124.8333333,63840,1064,25200,420,9540,159,29100,780,0.394736842,0.14943609,0.012218045,,,0.220278732,0.410321147
x33c65db,2020/5/20,9,0,0,5978,6409,106.8166667,76440,1274,13140,219,15840,264,47460,1260,0.171899529,0.20722135,0.016483516,,,0.234813917,0.509094773
x33c65db,2020/5/21,7,0,0,7052,7723,128.7166667,25800,430,13860,231,0,0,11940,300,0.537209302,0,0.011627907,,,0.222873267,0.527587478
x33c65db,2020/5/22,17,180,0.002083333,6297,7748,129.1333333,81600,1360,21600,360,11700,195,48300,720,0.264705882,0.143382353,0.008823529,,,0.231256278,0.519611458
x33c65db,2020/5/23,16,660,0.007638889,4809,4796,79.93333333,53700,895,11100,185,5700,95,36900,900,0.206703911,0.106145251,0.016759777,,,0.241336209,0.520305377
x33c65db,2020/5/24,12,0,0,13154,10193,169.8833333,64680,1078,26760,446,8700,145,29220,2880,0.413729128,0.134508349,0.044526902,,,0.250082273,0.506535733
x33c65db,2020/5/25,8,0,0,4210,4723,78.71666667,82200,1370,32760,546,7740,129,41700,240,0.398540146,0.094160584,0.002919708,,,0.236443552,0.513718672
x33c65db,2020/5/26,11,0,0,11493,10102,168.3666667,62220,1037,26100,435,4740,79,31380,480,0.419479267,0.076181292,0.007714561,,,0.191970861,0.543301599
x33c65db,2020/5/27,21,660,0.007638889,6457,6096,101.6,44280,738,15060,251,1020,17,28200,480,0.340108401,0.02303523,0.010840108,,,0.229540247,0.521667663
x33c65db,2020/5/28,5,0,0,7336,7906,131.7666667,,,,,,,,,,,,,,0.254261472,0.516893011
x33c65db,2020/5/29,21,0,0,7987,7290,121.5,35040,584,14760,246,3600,60,16680,240,0.421232877,0.102739726,0.006849315,,,0.220010113,0.523890785
x33c65db,2020/5/30,19,0,0,7037,7464,124.4,,,,,,,,,,,,,,0.240359278,0.530670417
x33c65db,2020/5/31,1,0,0,131,136,2.266666667,79740,1329,28140,469,3720,62,47880,1080,0.352896915,0.046651618,0.013544018,,,0.250394139,0.499211722
x33c65db,2020/6/1,11,60,0.000694444,6250,7670,127.8333333,22980,383,10620,177,3540,59,8820,240,0.462140992,0.154046997,0.010443864,,,0.232744824,0.540492824
x33c65db,2020/6/2,13,60,0.000694444,6376,7755,129.25,,,,,,,,,,,,,,0.208849895,0.530001907
x33c65db,2020/6/3,55,13620,0.157638889,6213,6605,110.0833333,72240,1204,21420,357,4440,74,46380,2580,0.296511628,0.061461794,0.035714286,,,0.249815151,0.523541575
x33c65db,2020/6/4,10,0,0,145,55,0.916666667,,,,,,,,,,,,,,0.197995972,0.545648016
x33c65db,2020/6/5,29,8880,0.102777778,0,0,0,,,,,,,,,,,,,,,
x33d294b,2020/5/11,35,6420,0.074305556,9570,10618,176.9666667,113760,1896,11520,192,24600,410,77640,2580,0.101265823,0.216244726,0.022679325,87,94.45656782,0.263823219,0.375073268
x33d294b,2020/5/12,11,0,0,9300,7594,126.5666667,68100,1135,9960,166,6900,115,51240,600,0.146255507,0.101321586,0.008810573,83,92.2924952,0.249462338,0.507160388
x33d294b,2020/5/13,8,0,0,17177,13329,222.15,31620,527,16140,269,0,0,15480,1080,0.510436433,0,0.034155598,80,90.22368421,0.198844203,0.552017402
x33d294b,2020/5/14,5,420,0.004861111,14068,10310,171.8333333,93060,1551,26640,444,16140,269,50280,3300,0.286266925,0.173436493,0.035460993,83,90.88262829,0.182265108,0.57860262
x33d294b,2020/5/15,9,0,0,15951,11509,191.8166667,22140,369,5400,90,0,0,16740,300,0.243902439,0,0.013550136,82,90.92477876,0.194608562,0.550869356
x33d294b,2020/5/16,37,9480,0.109722222,7896,11088,184.8,201360,3356,42780,713,24540,409,134040,3720,0.212455304,0.121871275,0.018474374,82,92.04489942,0.206876844,0.554028549
x33d294b,2020/5/17,10,360,0.004166667,17012,15995,266.5833333,,,,,,,,,,,,,,0.211296924,0.547054108
x33d294b,2020/5/18,23,4440,0.051388889,199,612,10.2,34440,574,8940,149,5580,93,19920,120,0.259581882,0.162020906,0.003484321,78,88.75160486,,
x33d294b,2020/5/20,8,0,0,14450,13076,217.9333333,,,,,,,,,,,,,,0.001577654,0.538238717
x33d294b,2020/5/21,14,1860,0.021527778,13,60,1,83880,1398,11160,186,13140,219,59580,1800,0.13304721,0.156652361,0.021459227,83,93.79223301,0.200094467,0.562672065
x33d294b,2020/5/22,7,0,0,15434,14083,234.7166667,84240,1404,13620,227,10740,179,59880,1620,0.161680912,0.127492877,0.019230769,85,91.60194175,0.188000054,0.576439953
x33d294b,2020/5/23,29,3960,0.045833333,16131,16604,276.7333333,86880,1448,12000,200,15060,251,59820,2640,0.138121547,0.173342541,0.03038674,84,90.49087867,0.188800672,0.545659007
x33d294b,2020/5/24,21,2160,0.025,13070,13802,230.0333333,104160,1736,3360,56,30120,502,70680,360,0.032258065,0.289170507,0.003456221,86,92.88938053,0.176313397,0.568307667
x33d294b,2020/5/25,21,2340,0.027083333,14463,11054,184.2333333,,,,,,,,,,,,,,0.187166335,0.556827698
x33d294b,2020/5/26,29,4620,0.053472222,8269,9076,151.2666667,52380,873,0,0,13620,227,38760,1620,0,0.26002291,0.030927835,87,93.92746114,0.2264693,0.527298962
x33d294b,2020/5/27,17,2100,0.024305556,18431,17110,285.1666667,120660,2011,16560,276,15180,253,88920,1800,0.137245152,0.125808056,0.014917951,81,91.85130658,0.213829038,0.570412618
x33d294b,2020/5/28,4,0,0,19817,17043,284.05,,,,,,,,,,,,,,0.192119119,0.58858679
x33d294b,2020/5/29,5,0,0,10130,11705,195.0833333,97260,1621,22560,376,9000,150,65700,1080,0.231955583,0.092535472,0.011104257,82,92.34,0.19630928,0.549229446
x33d294b,2020/5/30,18,1680,0.019444444,16670,16116,268.6,29220,487,11820,197,0,0,17400,2460,0.404517454,0,0.084188912,84,92.3580786,0.214501469,0.552983497
x33d294b,2020/5/31,12,60,0.000694444,15380,14112,235.2,91440,1524,26460,441,2880,48,62100,1320,0.289370079,0.031496063,0.014435696,75,92.21391304,0.205992167,0.542284595
x33d294b,2020/6/1,34,6060,0.070138889,18401,15544,259.0666667,89040,1484,33840,564,6480,108,48720,540,0.380053908,0.07277628,0.00606469,83,93.40714989,0.188885468,0.566628415
x33d294b,2020/6/2,32,1500,0.017361111,11261,11715,195.25,52080,868,2040,34,11700,195,38340,660,0.039170507,0.224654378,0.012672811,82,90.96568627,0.234652206,0.554783424
x33d294b,2020/6/3,32,1500,0.017361111,19525,15382,256.3666667,101880,1698,23280,388,14040,234,64560,1140,0.228504122,0.137809187,0.011189635,76,92.21358604,0.200579161,0.556186869
x33d294b,2020/6/4,32,1500,0.017361111,14232,12456,207.6,,,,,,,,,,,,,,0.214772004,0.557354195
x33d294b,2020/6/5,9,0,0,0,0,0,,,,,,,,,,,,,,,
x33d2c61,2020/5/11,67,28920,0.334722222,14189,14024,233.7333333,27660,461,720,12,6300,105,20640,60,0.026030369,0.227765727,0.002169197,,,,
x33d2c61,2020/5/12,65,33360,0.386111111,4752,8309,138.4833333,85380,1423,38280,638,11820,197,35280,900,0.448348559,0.138439916,0.01054111,,,0.245961683,0.52068799
x33d2c61,2020/5/13,34,2700,0.03125,8410,11433,190.55,43080,718,12060,201,4980,83,26040,420,0.27994429,0.115598886,0.009749304,,,0.239003397,0.570139329
x33d2c61,2020/5/14,42,10020,0.115972222,10010,11927,198.7833333,87900,1465,22080,368,13380,223,52440,1260,0.251194539,0.15221843,0.014334471,,,0.28365102,0.528423881
x33d2c61,2020/5/15,42,11280,0.130555556,3884,8747,145.7833333,76260,1271,9720,162,10920,182,55620,1140,0.127458694,0.143194335,0.014948859,,,0.247732653,0.57232453
x33d2c61,2020/5/16,43,13020,0.150694444,12885,15700,261.6666667,106740,1779,25200,420,19560,326,61980,1320,0.23608769,0.183249016,0.012366498,,,0.282795441,0.558061535
x33d2c61,2020/5/17,45,4320,0.05,3503,6891,114.85,,,,,,,,,,,,,,0.280984267,0.494433718
x33d2c61,2020/5/18,23,480,0.005555556,152,373,6.216666667,14220,237,4440,74,0,0,9780,0,0.312236287,0,0,,,,
x33d2c61,2020/5/20,32,3660,0.042361111,10928,12560,209.3333333,55260,921,2880,48,13080,218,39300,360,0.052117264,0.23669924,0.006514658,,,0.256350207,0.380764727
x33d2c61,2020/5/21,34,4800,0.055555556,4049,7030,117.1666667,98820,1647,15720,262,21600,360,61500,1140,0.15907711,0.218579235,0.011536126,,,0.260445373,0.475373865
x33d2c61,2020/5/22,15,60,0.000694444,382,540,9,,,,,,,,,,,,,,,
x33d2c99,2020/5/11,14,60,0.000694444,10841,12500,208.3333333,24180,403,1920,32,5700,95,16560,3900,0.079404467,0.23573201,0.161290323,,,0.249958389,0.334533123
x33d2c99,2020/5/12,24,0,0,9456,9208,153.4666667,69540,1159,5220,87,5640,94,58680,3000,0.075064711,0.0811044,0.043140638,,,0.255589024,0.458769724
x33d2c99,2020/5/13,47,9420,0.109027778,10066,8301,138.35,73620,1227,11760,196,11700,195,50160,3660,0.159739201,0.158924205,0.049714751,,,0.24933226,0.481348004
x33d2c99,2020/5/14,25,60,0.000694444,9732,10546,175.7666667,69360,1156,5580,93,9960,166,53820,3240,0.080449827,0.143598616,0.046712803,,,0.239415655,0.506428327
x33d2c99,2020/5/15,11,0,0,10587,14595,243.25,41520,692,5100,85,2640,44,33780,420,0.12283237,0.063583815,0.010115607,,,0.257618348,0.56306552
x33d2c99,2020/5/16,57,7020,0.08125,8620,10477,174.6166667,76140,1269,13620,227,6360,106,56160,1440,0.178881009,0.083530339,0.01891253,,,0.264267745,0.53289517
x33d2c99,2020/5/17,7,0,0,9114,10627,177.1166667,,,,,,,,,,,,,,0.218704381,0.503127218
x33d2c99,2020/5/18,7,0,0,230,771,12.85,8160,136,2280,38,0,0,5880,0,0.279411765,0,0,,,,
x33d2c99,2020/5/20,27,3780,0.04375,8039,13613,226.8833333,24840,414,540,9,3360,56,20940,1500,0.02173913,0.1352657,0.060386473,,,0.248321243,0.443438812
x33d2c99,2020/5/21,9,0,0,9077,10102,168.3666667,80940,1349,13140,219,8700,145,59100,6600,0.162342476,0.107487027,0.081541883,,,0.2210805,0.523067446
x33d2c99,2020/5/22,22,60,0.000694444,9896,15291,254.85,,,,,,,,,,,,,,0.251804353,0.557026031
x33d2c99,2020/5/23,30,300,0.003472222,9279,9950,165.8333333,63240,1054,2760,46,8820,147,51660,3900,0.043643264,0.139468691,0.061669829,,,0.227284761,0.490998623
x33d2c99,2020/5/24,10,0,0,10278,8338,138.9666667,71580,1193,6720,112,13200,220,51660,840,0.093880972,0.184409053,0.011735122,,,0.246843105,0.48760815
x33d2c99,2020/5/25,22,1200,0.013888889,539,1251,20.85,7560,126,3660,61,0,0,3900,600,0.484126984,0,0.079365079,,,,
x33d30d8,2020/5/11,5,0,0,7457,8088,134.8,23820,397,4800,80,5220,87,13800,2400,0.201511335,0.219143577,0.100755668,80,87.3622449,0.260305768,0.374940055
x33d30d8,2020/5/12,58,120,0.001388889,7245,7722,128.7,112320,1872,16200,270,12300,205,75120,4860,0.144230769,0.109508547,0.043269231,76,87.82107192,0.250603727,0.509774016
x33d30d8,2020/5/13,13,120,0.001388889,8376,10019,166.9833333,,,,,,,,,,,,,,0.253924405,0.50170854
x33d30d8,2020/5/14,-2,0,0,7457,8597,143.2833333,105540,1759,18360,306,19380,323,67800,1260,0.173962479,0.183627061,0.011938601,79,87.57811333,0.178474482,0.558461123
x33d30d8,2020/5/15,12,60,0.000694444,5635,6802,113.3666667,84300,1405,7140,119,20400,340,54780,1560,0.084697509,0.241992883,0.018505338,84,89.65403457,0.225168974,0.521495515
x33d30d8,2020/5/16,46,0,0,8697,9966,166.1,106140,1769,12720,212,19560,326,73860,2460,0.119841718,0.184284907,0.023176936,81,89.39256029,0.263390638,0.501373734
x33d30d8,2020/5/17,9,0,0,7497,6672,111.2,,,,,,,,,,,,,,0.253296642,0.49532431
x33d30d8,2020/5/18,37,6480,0.075,659,934,15.56666667,59820,997,13620,227,4620,77,41580,1380,0.227683049,0.077231695,0.023069208,79,91.58992806,,
x33d30d8,2020/5/20,28,960,0.011111111,7961,10342,172.3666667,,,,,,,,,,,,,,,
x33d30d8,2020/5/21,28,1080,0.0125,231,685,11.41666667,,,,,,,,,,,,,,,
x33d3126,2020/5/11,14,0,0,12347,9962,166.0333333,,,,,,,,,,,,,,,
x33d3126,2020/5/12,10,60,0.000694444,9791,7140,119,244980,4083,80400,1340,46140,769,118440,2340,0.328190056,0.188341905,0.0095518,,,0.24989019,0.499304539
x33d3126,2020/5/13,16,0,0,13641,11006,183.4333333,73140,1219,20520,342,11280,188,41340,60,0.280557834,0.154224774,0.000820345,,,0.236234638,0.526833903
x33d3126,2020/5/14,15,240,0.002777778,12847,9765,162.75,70500,1175,27180,453,8340,139,34980,960,0.385531915,0.118297872,0.013617021,,,0.226957818,0.52147931
x33d3126,2020/5/15,35,6480,0.075,11771,10498,174.9666667,58380,973,25320,422,6300,105,26760,300,0.433710175,0.107913669,0.005138746,,,0.237306914,0.517450175
x33d3126,2020/5/16,29,2940,0.034027778,17211,11853,197.55,,,,,,,,,,,,,,0.176378874,0.55099071
x33d3126,2020/5/17,27,660,0.007638889,9967,7788,129.8,67140,1119,20820,347,10860,181,35460,600,0.310098302,0.161751564,0.00893655,,,0.260869565,0.450179421
x33d3126,2020/5/19,27,660,0.007638889,7520,6751,112.5166667,26820,447,1800,30,6480,108,18540,1620,0.067114094,0.241610738,0.060402685,,,,
x33d3126,2020/5/20,34,3600,0.041666667,9695,7888,131.4666667,73440,1224,28980,483,12360,206,32100,4020,0.394607843,0.168300654,0.054738562,,,0.271310129,0.51225818
x33d3126,2020/5/21,28,1260,0.014583333,10930,8890,148.1666667,23460,391,2820,47,7860,131,12780,300,0.120204604,0.335038363,0.012787724,,,0.219984696,0.531781661
x33d3126,2020/5/22,28,1260,0.014583333,5787,4706,78.43333333,39060,651,14640,244,4800,80,19620,840,0.374807988,0.122887865,0.021505376,,,0.258452273,0.500208094
x33d3126,2020/5/23,33,60,0.000694444,8966,6357,105.95,82500,1375,28740,479,12240,204,41520,1260,0.348363636,0.148363636,0.015272727,,,0.244890806,0.495050941
x33d3126,2020/5/24,41,3720,0.043055556,9798,6156,102.6,97560,1626,34740,579,13500,225,49320,2820,0.356088561,0.138376384,0.028905289,,,0.253768422,0.490494935
x33d3126,2020/5/25,14,0,0,5207,7488,124.8,21180,353,14760,246,0,0,6420,240,0.696883853,0,0.011331445,,,0.232524838,0.537320053
x33d3126,2020/5/26,14,0,0,10211,7370,122.8333333,20820,347,4980,83,5580,93,10260,300,0.239193084,0.268011527,0.014409222,,,0.241502508,0.509910682
x33d3126,2020/5/27,14,0,0,10205,8477,141.2833333,46020,767,19080,318,4860,81,22080,300,0.414602347,0.105606258,0.006518905,,,0.222921867,0.535428923
x33d3126,2020/5/28,17,60,0.000694444,4326,5786,96.43333333,92700,1545,35400,590,14580,243,42720,480,0.381877023,0.157281553,0.005177994,,,0.241397276,0.528010023
x33d3126,2020/5/29,12,0,0,9842,9767,162.7833333,74820,1247,29460,491,11820,197,33540,2640,0.393744988,0.15797915,0.035284683,,,0.227762957,0.536875245
x33d3126,2020/5/30,15,720,0.008333333,9041,6339,105.65,80100,1335,27720,462,14340,239,38040,0,0.346067416,0.179026217,0,,,0.247022319,0.493507128
x33d3126,2020/5/31,15,60,0.000694444,8414,5450,90.83333333,,,,,,,,,,,,,,0.252550774,0.493689555
x33d3126,2020/6/1,20,300,0.003472222,11361,9996,166.6,85620,1427,35100,585,6840,114,43680,1800,0.409950946,0.079887877,0.021023125,,,0.226915956,0.526962893
x33d3126,2020/6/2,14,0,0,11107,9055,150.9166667,,,,,,,,,,,,,,0.256015829,0.516550712
x33d3126,2020/6/3,14,60,0.000694444,7057,6349,105.8166667,39300,655,14820,247,6420,107,18060,540,0.377099237,0.163358779,0.013740458,,,0.258897453,0.515496371
x33d3126,2020/6/4,5,0,0,5190,5555,92.58333333,45000,750,17040,284,5940,99,22020,540,0.378666667,0.132,0.012,,,0.269203599,0.474415195
x33d315f,2020/5/11,4,0,0,12118,11285,188.0833333,26640,444,1140,19,7260,121,18240,540,0.042792793,0.272522523,0.02027027,,,,
x33d315f,2020/5/12,66,180,0.002083333,9853,9265,154.4166667,134400,2240,16080,268,24060,401,94260,1140,0.119642857,0.179017857,0.008482143,,,0.253749598,0.546829739
x33d315f,2020/5/13,38,180,0.002083333,8688,12599,209.9833333,67140,1119,7380,123,10740,179,49020,840,0.109919571,0.159964254,0.012511171,,,0.242832892,0.518218239
x33d315f,2020/5/14,16,3780,0.04375,6824,7611,126.85,23460,391,6180,103,1140,19,15120,2460,0.26342711,0.04859335,0.104859335,,,0.244152028,0.491857414
x33d315f,2020/5/15,31,1740,0.020138889,18229,15558,259.3,57360,956,12840,214,4620,77,39120,300,0.223849372,0.080543933,0.005230126,,,0.270143207,0.527699874
x33d315f,2020/5/16,21,1740,0.020138889,15698,16028,267.1333333,56220,937,11520,192,5820,97,38880,480,0.204909285,0.103521878,0.008537887,,,0.25080861,0.557369507
x33d315f,2020/5/17,21,1620,0.01875,8753,10073,167.8833333,102840,1714,15780,263,23100,385,63960,1440,0.15344224,0.22462077,0.014002334,,,0.247814883,0.534994238
x33d315f,2020/5/18,44,18600,0.215277778,61,169,2.816666667,,,,,,,,,,,,,,,
x33d315f,2020/5/21,30,11040,0.127777778,11215,11454,190.9,26760,446,2220,37,7920,132,16620,420,0.082959641,0.295964126,0.015695067,,,0.133566232,0.516745029
x33d315f,2020/5/22,28,2820,0.032638889,9992,10872,181.2,52620,877,12600,210,8460,141,31560,660,0.23945268,0.160775371,0.012542759,,,0.281063177,0.51343782
x33d315f,2020/5/23,26,300,0.003472222,10816,9928,165.4666667,98220,1637,18960,316,15660,261,63600,1920,0.193036042,0.159437996,0.019547954,,,0.254236845,0.541217701
x33d315f,2020/5/24,11,0,0,0,0,0,,,,,,,,,,,,,,0.179401993,0.355791805
x369ff0c,2020/10/16,36,6840,0.079166667,9158,11549,192.4833333,,,,,,,,,,,,,,0.17727818,0.42813347
x369ff0c,2020/10/17,40,9300,0.107638889,10088,13901,231.6833333,60180,1003,45120,752,0,0,15060,660,0.749750748,0,0.010967099,91,93.14285714,0.278776259,0.474709996
x369ff0c,2020/10/18,20,0,0,7493,9750,162.5,40380,673,11460,191,4800,80,24120,840,0.283803863,0.118870728,0.020802377,85,91.86956522,0.256829746,0.518003914
x369ff0c,2020/10/19,43,16200,0.1875,7044,11217,186.95,65100,1085,22800,380,9240,154,29580,1200,0.350230415,0.141935484,0.01843318,86,90.35325257,0.249285078,0.502028384
x369ff0c,2020/10/20,45,1080,0.0125,4518,7387,123.1166667,66360,1106,10680,178,16620,277,39060,1260,0.160940325,0.25045208,0.018987342,83,89.56405618,0.223033115,0.513664264
x369ff0c,2020/10/21,18,1140,0.013194444,7201,8721,145.35,24600,410,6120,102,0,0,18480,420,0.248780488,0,0.017073171,83,88.8583691,0.235702406,0.517109967
x369ff0c,2020/10/22,37,5820,0.067361111,10108,12448,207.4666667,29700,495,10440,174,4860,81,14400,900,0.351515152,0.163636364,0.03030303,89,89,0.243112119,0.511657465
x369ff0c,2020/10/23,43,11760,0.136111111,11720,11304,188.4,38100,635,7740,129,5520,92,23040,360,0.203149606,0.14488189,0.009448819,88,94.68332892,0.257039844,0.487117743
x369ff0c,2020/10/24,49,18060,0.209027778,4764,7267,121.1166667,47520,792,14100,235,6840,114,26580,3060,0.296717172,0.143939394,0.064393939,95,95.5,0.269154461,0.479572366
x369ff0c,2020/10/25,50,18300,0.211805556,16189,19060,317.6666667,52680,878,19320,322,3060,51,30300,1740,0.366742597,0.05808656,0.033029613,82,92.61526882,0.303526195,0.504346575
x369ff0c,2020/10/26,49,10320,0.119444444,9268,12249,204.15,78840,1314,10680,178,16080,268,52080,1080,0.135464231,0.203957382,0.01369863,84,89.41927308,0.257076375,0.482101559
x369ff0c,2020/10/27,39,6840,0.079166667,5770,7807,130.1166667,47580,793,9180,153,6240,104,32160,780,0.192938209,0.131147541,0.016393443,81,92.11251352,,
x369ff0c,2020/10/28,38,9360,0.108333333,9006,10229,170.4833333,12360,206,0,0,3720,62,8640,0,0,0.300970874,0,85,88.71621622,,
x369ff0c,2020/10/29,14,60,0.000694444,11036,13479,224.65,20880,348,12000,200,0,0,8880,300,0.574712644,0,0.014367816,87,92.7418214,,
x369ff0c,2020/10/30,30,3960,0.045833333,6792,7316,121.9333333,29100,485,1380,23,9360,156,17580,0,0.04742268,0.321649485,0,84,91.4841629,,
x369ff0c,2020/10/31,13,180,0.002083333,7273,8662,144.3666667,49980,833,17640,294,6360,106,25980,1500,0.352941176,0.1272509,0.030012005,93,93.75,,
x369ff50,2020/10/16,28,1620,0.01875,8284,9631,160.5166667,90120,1502,3300,55,17160,286,69660,2820,0.036617843,0.190412783,0.031291611,82,90.64836518,0.198927933,0.39408378
x369ff50,2020/10/17,6,0,0,11585,14725,245.4166667,80640,1344,12480,208,12180,203,55980,660,0.154761905,0.151041667,0.008184524,83,90.88336824,0.233009029,0.539161475
x369ff50,2020/10/18,6,0,0,8868,11164,186.0666667,85800,1430,15600,260,13860,231,56340,840,0.181818182,0.161538462,0.00979021,88,93.32830111,0.275346908,0.504479239
x369ff50,2020/10/19,10,0,0,6185,8253,137.55,135480,2258,22740,379,25680,428,82020,420,0.167847653,0.189548273,0.003100089,80,91.28504556,0.243080349,0.51555402
x369ff50,2020/10/20,21,1380,0.015972222,11357,17092,284.8666667,57420,957,5400,90,7980,133,44040,2160,0.094043887,0.138975967,0.037617555,82,92.61243781,0.263563645,0.531213772
x369ff50,2020/10/21,14,960,0.011111111,8513,10516,175.2666667,49440,824,9000,150,6120,102,34320,300,0.182038835,0.123786408,0.006067961,82,93.3573223,0.24325286,0.538598387
x369ff50,2020/10/22,39,10260,0.11875,10238,12420,207,79200,1320,13260,221,7200,120,58740,660,0.167424242,0.090909091,0.008333333,84,91.74226804,0.252580904,0.516795935
x369ff50,2020/10/23,12,180,0.002083333,12682,14520,242,102060,1701,14160,236,24840,414,63060,720,0.138741917,0.243386243,0.007054674,86,92.44579091,0.257513122,0.504256303
x369ff50,2020/10/24,34,4560,0.052777778,10400,10893,181.55,117840,1964,15660,261,24480,408,77700,1980,0.132892057,0.207739308,0.016802444,81,91.34893784,0.27495464,0.473386573
x369ff50,2020/10/25,35,5220,0.060416667,10642,12087,201.45,184080,3068,23880,398,33540,559,126660,2760,0.129726206,0.18220339,0.014993481,83,91.32863463,0.267189156,0.486948671
x369ff50,2020/10/26,8,0,0,13123,15390,256.5,22020,367,7140,119,0,0,14880,300,0.324250681,0,0.013623978,83,91.09452736,0.248600656,0.515289382
x369ff50,2020/10/27,38,11400,0.131944444,5770,6751,112.5166667,49020,817,10920,182,2880,48,35220,240,0.222766218,0.05875153,0.004895961,85,90.78033626,0.252432548,0.512887795
x369ff50,2020/10/28,48,24000,0.277777778,12110,14308,238.4666667,71280,1188,8460,141,12780,213,50040,540,0.118686869,0.179292929,0.007575758,83,91.09379934,0.251219446,0.497710151
x369ff50,2020/10/29,48,0,0,9497,9478,157.9666667,81780,1363,9600,160,17280,288,54900,600,0.117388114,0.211298606,0.007336757,84,90.21558232,0.255946152,0.493611359
x369ff50,2020/10/30,37,4380,0.050694444,10658,11471,191.1833333,104640,1744,15240,254,23220,387,66180,720,0.145642202,0.22190367,0.006880734,81,90.4143127,0.254534292,0.493387073
x369ff50,2020/10/31,51,33060,0.382638889,6477,8086,134.7666667,52320,872,10980,183,6000,100,35340,360,0.209862385,0.114678899,0.006880734,82,91.75088529,0.272982744,0.470245997
x369ff50,2022/2/24,-1,,,4170,3541,59.01666667,,,,,,,,,,,,,,,
x369ff50,2022/2/25,1,,,0,0,0,,,,,,,,,,,,,,0.25,0.5
x369ff50,2022/2/26,19,,,0,0,0,,,,,,,,,,,,,,0.25,0.5
x369ff50,2022/2/27,-1,,,0,0,0,,,,,,,,,,,,,,0.25,0.5
x369ff50,2022/2/28,-1,,,0,0,0,,,,,,,,,,,,,,0.25,0.5
x369ff50,2022/3/1,1,,,0,0,0,,,,,,,,,,,,,,0.25,0.5
x369ff50,2022/3/2,-1,,,0,0,0,,,,,,,,,,,,,,0.25,0.5
x369ff50,2022/3/3,-1,,,0,0,0,,,,,,,,,,,,,,,
x369ff50,2022/3/9,8,,,28,77,1.283333333,,,,,,,,,,,,,,,
x369ff50,2022/3/10,37,3540,0.040972222,8242,8833,147.2166667,,,,,,,,,,,,,,0.248180764,0.493608778
x369ff50,2022/3/11,22,900,0.010416667,7371,8672,144.5333333,,,,,,,,,,,,,,0.245986516,0.517873044
x369ff50,2022/3/12,34,780,0.009027778,4255,5472,91.2,,,,,,,,,,,,,,0.263876532,0.491177343
x369ff50,2022/3/13,15,,,146,282,4.7,,,,,,,,,,,,,,0.250818644,0.498362712
x369ff50,2022/3/14,-1,,,0,0,0,,,,,,,,,,,,,,0.25,0.5
x369ff50,2022/3/15,-1,,,0,0,0,,,,,,,,,,,,,,0.25,0.5
x369ff50,2022/3/16,-1,,,0,0,0,,,,,,,,,,,,,,0.25,0.5
x369ff50,2022/3/17,63,7620,0.088194444,10110,12638,210.6333333,,,,,,,,,,,,,,0.249711626,0.514757969
x369ff50,2022/3/18,26,300,0.003472222,7664,9708,161.8,,,,,,,,,,,,,,0.254094299,0.519728264
x369ff50,2022/3/19,20,540,0.00625,3974,5621,93.68333333,,,,,,,,,,,,,,0.242971564,0.497022741
x369ff50,2022/3/20,9,60,0.000694444,404,1235,20.58333333,,,,,,,,,,,,,,,
x369ff50,2022/3/28,47,2880,0.033333333,9393,9331,155.5166667,,,,,,,,,,,,,,,
x369ff50,2022/3/29,44,3900,0.045138889,6764,9312,155.2,,,,,,,,,,,,,,0.263270548,0.499623807
x369ff50,2022/3/30,60,4620,0.053472222,8929,9368,156.1333333,,,,,,,,,,,,,,0.265616886,0.525223284
x369ff50,2022/3/31,-1,,,0,0,0,,,,,,,,,,,,,,0.25,0.5
x369ff50,2022/4/1,57,2880,0.033333333,9436,12752,212.5333333,,,,,,,,,,,,,,0.276558766,0.551433847
x369ff50,2022/4/2,-1,,,0,0,0,,,,,,,,,,,,,,0.25,0.5
x369ff50,2022/4/3,24,,,749,933,15.55,,,,,,,,,,,,,,0.252729124,0.494541753
x369ff50,2022/4/4,19,,,412,947,15.78333333,,,,,,,,,,,,,,0.252770529,0.494458942
x369ff50,2022/4/5,20,,,0,0,0,,,,,,,,,,,,,,0.25,0.5
x369ff50,2022/4/6,-1,,,0,0,0,,,,,,,,,,,,,,0.25,0.5
x369ff50,2022/4/7,17,,,38,120,2,,,,,,,,,,,,,,0.250347705,0.49930459
x369ff50,2022/4/8,5,,,78,240,4,,,,,,,,,,,,,,0.250696379,0.498607242
x369ff50,2022/4/9,-1,,,0,0,0,,,,,,,,,,,,,,0.25,0.5
x369ff50,2022/4/10,-1,,,0,0,0,,,,,,,,,,,,,,0.25,0.5
x369ff50,2022/4/11,29,600,0.006944444,8546,11752,195.8666667,,,,,,,,,,,,,,0.272987156,0.517749534
x369ff50,2022/4/12,25,2220,0.025694444,7435,9250,154.1666667,,,,,,,,,,,,,,0.240658246,0.523806404
x369ff50,2022/4/13,9,,,99,313,5.216666667,,,,,,,,,,,,,,,
x369ff50,2022/4/17,27,3360,0.038888889,8492,11427,190.45,,,,,,,,,,,,,,0.235083719,0.393646748
x369ff50,2022/4/18,29,3000,0.034722222,9339,11041,184.0166667,,,,,,,,,,,,,,0.229802325,0.519537663
x369ff50,2022/4/19,38,10320,0.119444444,8920,10154,169.2333333,,,,,,,,,,,,,,0.24208356,0.509491947
x369ff50,2022/4/20,31,1500,0.017361111,9427,10898,181.6333333,,,,,,,,,,,,,,0.24490742,0.498728511
x369ff50,2022/4/21,33,1440,0.016666667,10815,12859,214.3166667,,,,,,,,,,,,,,0.228185638,0.528113569
x369ff50,2022/4/22,45,3480,0.040277778,9903,11219,186.9833333,,,,,,,,,,,,,,0.258595055,0.524597713
x369ff50,2022/4/23,23,840,0.009722222,5405,8580,143,,,,,,,,,,,,,,0.24501906,0.502515883
x369ff50,2022/4/24,32,6960,0.080555556,10132,11904,198.4,,,,,,,,,,,,,,0.258839809,0.543204901
x369ff50,2022/4/25,30,1860,0.021527778,6910,7717,128.6166667,,,,,,,,,,,,,,0.238895314,0.503984342
x369ff50,2022/4/26,36,6600,0.076388889,8476,10046,167.4333333,,,,,,,,,,,,,,0.246116772,0.50172879
x369ff50,2022/4/27,37,5160,0.059722222,8321,9913,165.2166667,,,,,,,,,,,,,,0.250313409,0.506235864
x369ff50,2022/4/28,34,1320,0.015277778,11059,13716,228.6,,,,,,,,,,,,,,0.229119763,0.523804294
x369ff50,2022/4/29,32,3360,0.038888889,11624,13054,217.5666667,,,,,,,,,,,,,,0.254121361,0.538016351
x369ff50,2022/4/30,22,780,0.009027778,6190,8413,140.2166667,,,,,,,,,,,,,,0.257850667,0.498711324
x369ff50,2022/5/1,23,1680,0.019444444,7534,10476,174.6,,,,,,,,,,,,,,0.270600959,0.517695194
x369ff50,2022/5/2,13,60,0.000694444,228,720,12,,,,,,,,,,,,,,,
x369ffb1,2020/10/16,24,0,0,7191,8517,141.95,76740,1279,32460,541,3300,55,40980,180,0.422986708,0.043002346,0.002345582,85,90.90123457,0.351455427,0.324797395
x369ffb1,2020/10/17,33,7140,0.082638889,5889,6502,108.3666667,,,,,,,,,,,,,,0.256026434,0.507259256
x369ffb1,2020/10/18,16,0,0,10037,11643,194.05,35160,586,13740,229,660,11,20760,60,0.390784983,0.018771331,0.001706485,84,92.13658537,0.270061666,0.480155704
x369ffb1,2020/10/19,15,0,0,11793,12171,202.85,47520,792,18780,313,3120,52,25620,540,0.39520202,0.065656566,0.011363636,72,91.74881517,0.253723886,0.536320545
x369ffb1,2020/10/20,21,2280,0.026388889,11579,11624,193.7333333,74760,1246,18600,310,4440,74,51720,600,0.248796148,0.059390048,0.008025682,82,92.10953917,0.222472093,0.534518262
x369ffb1,2020/10/21,30,6060,0.070138889,9708,10492,174.8666667,74940,1249,20040,334,3840,64,51060,480,0.267413931,0.051240993,0.006405124,83,91.69861517,0.250945054,0.536657438
x369ffb1,2020/10/22,75,900,0.010416667,5613,6091,101.5166667,118620,1977,58440,974,1440,24,58740,3000,0.492665655,0.012139605,0.025290845,85,92.86800109,0.266869218,0.486246871
x369ffb1,2020/10/23,16,1680,0.019444444,9801,10222,170.3666667,48060,801,19260,321,1260,21,27540,840,0.400749064,0.026217228,0.017478152,75,92.14881636,0.259438566,0.483101029
x369ffb1,2020/10/24,8,0,0,7027,7963,132.7166667,44940,749,19560,326,3780,63,21600,1200,0.435246996,0.08411215,0.02670227,85,92.43083156,0.275018561,0.452126162
x369ffb1,2020/10/25,11,0,0,13259,13901,231.6833333,46800,780,11940,199,2880,48,31980,360,0.255128205,0.061538462,0.007692308,82,91.62862348,0.179786758,0.597162366
x369ffb1,2020/10/26,23,2160,0.025,11089,12471,207.85,44460,741,18420,307,660,11,25380,0,0.414304993,0.014844804,0,76,89.54683881,0.234266066,0.535136525
x369ffb1,2020/10/27,36,2040,0.023611111,8545,8548,142.4666667,,,,,,,,,,,,,,0.227825594,0.528165748
x369ffb1,2020/10/28,18,900,0.010416667,8813,10652,177.5333333,75960,1266,24600,410,4380,73,46980,420,0.32385466,0.057661927,0.005529226,84,91.24399867,0.264561441,0.487049163
x369ffb1,2020/10/29,40,5400,0.0625,13692,14663,244.3833333,65520,1092,20580,343,6540,109,38400,1320,0.314102564,0.09981685,0.02014652,85,92.74152244,0.279372738,0.483899808
x369ffb1,2020/10/30,35,3720,0.043055556,489,1139,18.98333333,48720,812,16260,271,5040,84,27420,780,0.333743842,0.103448276,0.016009852,81,92.06914823,,
x36a002e,2020/10/15,38,3660,0.042361111,6608,6274,104.5666667,,,,,,,,,,,,,,,
x36a002e,2020/10/16,13,0,0,3916,3753,62.55,174900,2915,31920,532,21780,363,121200,3240,0.182504288,0.124528302,0.018524871,82,91.38856593,0.266084172,0.522588927
x36a002e,2020/10/17,9,0,0,7354,7450,124.1666667,128040,2134,29640,494,14100,235,84300,1860,0.231490159,0.110121837,0.01452671,80,89.79637299,0.235072831,0.527004433
x36a002e,2020/10/18,27,1740,0.020138889,8892,8602,143.3666667,138000,2300,13560,226,19920,332,104520,2100,0.09826087,0.144347826,0.015217391,80,90.07685212,0.264569783,0.526401707
x36a002e,2020/10/19,31,10560,0.122222222,6696,6106,101.7666667,96780,1613,15060,251,15240,254,66480,1500,0.155610663,0.157470552,0.01549907,83,92.08996306,0.25857822,0.51647905
x36a002e,2020/10/20,42,15120,0.175,4017,3750,62.5,110640,1844,35580,593,7440,124,67620,1680,0.321583514,0.067245119,0.015184382,83,92.14203253,0.256261343,0.499443436
x36a002e,2020/10/21,31,6960,0.080555556,7303,8403,140.05,27000,450,10200,170,0,0,16800,600,0.377777778,0,0.022222222,87,93.03225806,0.242136529,0.513405191
x36a002e,2020/10/22,40,8820,0.102083333,8740,6892,114.8666667,60300,1005,6960,116,9840,164,43500,120,0.115422886,0.16318408,0.00199005,84,91.42249041,0.263322414,0.499149766
x36a002e,2020/10/23,37,7140,0.082638889,8725,7985,133.0833333,126120,2102,13320,222,22680,378,90120,1080,0.105613701,0.179828735,0.008563273,81,91.14735765,0.254772684,0.524274692
x36a002e,2020/10/24,15,60,0.000694444,2991,3420,57,148380,2473,11040,184,27480,458,109860,1620,0.074403558,0.185200162,0.010917913,82,91.04121212,0.24725235,0.501108701
x36a002e,2020/10/25,27,720,0.008333333,7207,7330,122.1666667,106260,1771,13380,223,18120,302,74760,1020,0.125917561,0.170525127,0.009599097,81,91.01657204,0.263386872,0.498166182
x36a002e,2020/10/26,19,240,0.002777778,4872,4469,74.48333333,131820,2197,17280,288,16920,282,97620,2040,0.131087847,0.12835685,0.015475649,80,90.33804937,0.262023968,0.494583247
x36a002e,2020/10/27,12,0,0,3338,3758,62.63333333,74100,1235,20220,337,6480,108,47400,840,0.272874494,0.087449393,0.011336032,80,89.67758705,0.253902374,0.498608456
x36a002e,2020/10/28,40,4740,0.054861111,3182,1043,17.38333333,75600,1260,9240,154,10140,169,56220,660,0.122222222,0.134126984,0.008730159,76,87.25633201,,
x36a002e,2020/10/29,39,6900,0.079861111,9221,9378,156.3,118680,1978,11220,187,23400,390,84060,3300,0.094539939,0.197168857,0.027805865,76,88.06019237,0.251097089,0.519202306
x36a002e,2020/10/30,24,1320,0.015277778,6018,6597,109.95,109200,1820,16080,268,14520,242,78600,1920,0.147252747,0.132967033,0.017582418,82,88.23149374,0.254125785,0.503314412
x36a002e,2020/10/31,28,1080,0.0125,7905,5806,96.76666667,25200,420,11220,187,0,0,13980,420,0.445238095,0,0.016666667,83,88.59090909,0.324468251,0.36758597
x36a00bf,2020/10/15,31,3900,0.045138889,7111,7420,123.6666667,90780,1513,10680,178,14700,245,65400,1140,0.117647059,0.161929941,0.012557832,80,92.64456181,,
x36a00bf,2020/10/16,28,600,0.006944444,6840,8200,136.6666667,93480,1558,14820,247,12480,208,66180,1200,0.158536585,0.133504493,0.01283697,83,91.8288272,0.244168162,0.510689567
x36a00bf,2020/10/17,16,300,0.003472222,10508,14098,234.9666667,65340,1089,17460,291,4560,76,43320,960,0.267217631,0.069788797,0.014692378,85,93.18556701,0.218297795,0.556983886
x36a00bf,2020/10/18,27,2400,0.027777778,7054,9707,161.7833333,,,,,,,,,,,,,,0.167566129,0.567755386
x36a00bf,2020/10/19,28,2400,0.027777778,12288,13308,221.8,56640,944,11940,199,6840,114,37860,720,0.210805085,0.120762712,0.012711864,85,92.58942147,0.275524476,0.53723946
x36a00bf,2020/10/20,24,540,0.00625,11295,13970,232.8333333,107580,1793,27120,452,12840,214,67620,0,0.252091467,0.11935304,0,86,91.89459024,0.237052015,0.488746339
x36a00bf,2020/10/21,24,660,0.007638889,7850,10002,166.7,164160,2736,41160,686,16200,270,106800,720,0.250730994,0.098684211,0.004385965,83,91.82066734,0.266259033,0.512851055
x36a00bf,2020/10/22,25,1140,0.013194444,8650,8832,147.2,31740,529,11340,189,0,0,20400,480,0.357277883,0,0.015122873,88,92.98989899,0.238109386,0.514583925
x36a00bf,2020/10/23,20,960,0.011111111,13203,13362,222.7,61740,1029,4440,74,11100,185,46200,1800,0.07191448,0.1797862,0.029154519,88,92.98477157,0.256475074,0.498625558
x36a00bf,2020/10/24,31,3060,0.035416667,13997,17923,298.7166667,77340,1289,19140,319,11340,189,46860,1620,0.247478666,0.146625291,0.02094647,85,93.11093596,0.265679583,0.490711373
x36a00bf,2020/10/25,16,240,0.002777778,13436,12633,210.55,70080,1168,13320,222,7860,131,48900,900,0.190068493,0.112157534,0.012842466,83,90.37456498,0.280382322,0.489197836
x36a00bf,2020/10/26,35,1680,0.019444444,13561,13174,219.5666667,69840,1164,9840,164,5580,93,54420,1800,0.140893471,0.079896907,0.025773196,84,92.12867059,0.259310518,0.51841134
x36a00bf,2020/10/27,32,2400,0.027777778,9585,9589,159.8166667,137760,2296,28200,470,17520,292,92040,360,0.204703833,0.1271777,0.00261324,84,93.78855838,0.278667379,0.466977629
x36a00bf,2020/10/28,10,60,0.000694444,12236,13259,220.9833333,61980,1033,4740,79,13560,226,43680,300,0.076476283,0.218780252,0.004840271,84,92.89224138,0.250564553,0.512780372
x36a00bf,2020/10/29,27,60,0.000694444,10269,11927,198.7833333,115740,1929,27780,463,14700,245,73260,1020,0.240020736,0.127008813,0.008812856,87,92.99796434,0.267278945,0.485548017
x36a00bf,2020/10/30,15,0,0,7841,8232,137.2,,,,,,,,,,,,,,0.250115491,0.51262704
x36a00bf,2020/10/31,25,660,0.007638889,2526,3134,52.23333333,21420,357,10320,172,0,0,11100,0,0.481792717,0,0,85,92.0464135,0.424879677,0.467783896
x36aad28,2022/3/8,33,5640,0.065277778,4522,4831,80.51666667,,,,,,,,,,,,,,0.10061037,0.477563888
x36aad28,2022/3/9,30,2940,0.034027778,4343,4261,71.01666667,,,,,,,,,,,,,,0.259771584,0.495025266
x36aad28,2022/3/10,48,14400,0.166666667,8306,10312,171.8666667,,,,,,,,,,,,,,0.257254629,0.4896439
x36aad28,2022/3/11,47,13680,0.158333333,4534,4903,81.71666667,,,,,,,,,,,,,,0.223844905,0.533818433
x36aad28,2022/3/12,41,13560,0.156944444,8640,10935,182.25,,,,,,,,,,,,,,0.2954934,0.479751128
x36aad28,2022/3/13,39,6300,0.072916667,4290,4637,77.28333333,,,,,,,,,,,,,,0.272083512,0.510931307
x36aad28,2022/3/14,39,5820,0.067361111,8081,8617,143.6166667,,,,,,,,,,,,,,0.271691566,0.48551344
x36aad28,2022/3/15,40,7440,0.086111111,12262,14372,239.5333333,,,,,,,,,,,,,,0.272386337,0.543315832
x36aad28,2022/3/16,41,6960,0.080555556,9808,10480,174.6666667,,,,,,,,,,,,,,0.286347172,0.462008916
x36aad28,2022/3/17,73,10140,0.117361111,3013,5085,84.75,,,,,,,,,,,,,,0.282519129,0.482950755
x36aad28,2022/3/18,41,7560,0.0875,8228,8219,136.9833333,,,,,,,,,,,,,,0.255603894,0.50125665
x36aad28,2022/3/19,47,15240,0.176388889,9651,11037,183.95,,,,,,,,,,,,,,0.297007586,0.515144704
x36aad28,2022/3/20,39,8520,0.098611111,4897,7672,127.8666667,,,,,,,,,,,,,,0.287429228,0.527347506
x36aad28,2022/3/21,18,,,1600,1989,33.15,,,,,,,,,,,,,,0.2541138,0.494011444
x36aad28,2022/3/22,30,5700,0.065972222,5903,7037,117.2833333,,,,,,,,,,,,,,0.271961056,0.478074548
x36aad28,2022/3/23,38,13260,0.153472222,5223,4352,72.53333333,,,,,,,,,,,,,,0.26428484,0.490174966
x36aad28,2022/3/24,14,,,877,1154,19.23333333,,,,,,,,,,,,,,,
x36aad28,2022/3/29,41,10740,0.124305556,6785,7438,123.9666667,,,,,,,,,,,,,,0.134482601,0.443115826
x36aad28,2022/3/30,41,10200,0.118055556,767,1715,28.58333333,,,,,,,,,,,,,,0.254354372,0.501788983
x36aad28,2022/3/31,42,4560,0.052777778,2894,4459,74.31666667,,,,,,,,,,,,,,0.258258991,0.506937919
x36aad28,2022/4/1,60,9720,0.1125,4638,7222,120.3666667,,,,,,,,,,,,,,0.278285965,0.486059935
x36aad28,2022/4/2,23,180,0.002083333,3304,2563,42.71666667,,,,,,,,,,,,,,0.253362086,0.500645758
x36aad28,2022/4/3,31,5520,0.063888889,944,1490,24.83333333,,,,,,,,,,,,,,0.252867742,0.500471087
x36aad28,2022/4/4,36,6660,0.077083333,5020,6456,107.6,,,,,,,,,,,,,,0.275950688,0.493053291
x36aad28,2022/4/5,40,15900,0.184027778,1099,1845,30.75,,,,,,,,,,,,,,0.252084442,0.498846904
x36aad28,2022/4/6,48,4920,0.056944444,1405,1378,22.96666667,,,,,,,,,,,,,,0.254051892,0.497835854
x36aad28,2022/4/7,40,12300,0.142361111,5478,6655,110.9166667,,,,,,,,,,,,,,0.261454523,0.515593031
x36aad28,2022/4/8,45,22140,0.25625,5445,5847,97.45,,,,,,,,,,,,,,0.288933086,0.426642873
x36aad28,2022/4/9,40,8760,0.101388889,2784,4345,72.41666667,,,,,,,,,,,,,,0.261063443,0.480215444
x36aad28,2022/4/10,37,10500,0.121527778,4712,5835,97.25,,,,,,,,,,,,,,0.263326558,0.495978653
x36aad28,2022/4/11,31,9060,0.104861111,4243,5384,89.73333333,,,,,,,,,,,,,,0.264148382,0.500234469
x36aad28,2022/4/12,36,8520,0.098611111,1500,2618,43.63333333,,,,,,,,,,,,,,0.247033969,0.510610871
x36aad28,2022/4/13,25,420,0.004861111,155,235,3.916666667,,,,,,,,,,,,,,,
x36aad28,2022/4/19,32,4080,0.047222222,2271,2349,39.15,,,,,,,,,,,,,,,
x36aad28,2022/4/20,37,11220,0.129861111,2564,3691,61.51666667,,,,,,,,,,,,,,0.269528466,0.466682505
x36aad28,2022/4/21,41,7020,0.08125,713,1149,19.15,,,,,,,,,,,,,,0.25211576,0.504823341
x36aad28,2022/4/22,39,8520,0.098611111,3430,4347,72.45,,,,,,,,,,,,,,0.255993078,0.492864368
x36aad28,2022/4/23,34,4680,0.054166667,3826,5005,83.41666667,,,,,,,,,,,,,,0.263885988,0.495828982
x36aad28,2022/4/24,19,120,0.001388889,1338,1450,24.16666667,,,,,,,,,,,,,,0.248757215,0.498268347
x36aad28,2022/4/25,44,23100,0.267361111,4909,6412,106.8666667,,,,,,,,,,,,,,0.296913258,0.448678093
x36aad28,2022/4/26,35,8940,0.103472222,1340,2039,33.98333333,,,,,,,,,,,,,,0.25106388,0.499235429
x36aad28,2022/4/27,31,1800,0.020833333,4133,2276,37.93333333,,,,,,,,,,,,,,0.252430155,0.498940852
x36aad28,2022/4/28,41,12660,0.146527778,2832,4327,72.11666667,,,,,,,,,,,,,,0.259178895,0.508808061
x36aad28,2022/4/29,21,120,0.001388889,163,552,9.2,,,,,,,,,,,,,,,
x36aad28,2022/5/21,52,22680,0.2625,3539,5540,92.33333333,,,,,,,,,,,,,,0.021493023,0.504774898
x36aad28,2022/5/22,37,13320,0.154166667,3523,2819,46.98333333,,,,,,,,,,,,,,0.25191132,0.494394659
x36aad28,2022/5/23,46,19440,0.225,5005,6919,115.3166667,,,,,,,,,,,,,,0.260389275,0.483713089
x36aad28,2022/5/24,44,18480,0.213888889,3072,5168,86.13333333,,,,,,,,,,,,,,0.263332167,0.479070872
x36aad28,2022/5/25,43,15120,0.175,2525,4600,76.66666667,,,,,,,,,,,,,,0.268231692,0.515756571
x36aad28,2022/5/26,50,17640,0.204166667,4476,5401,90.01666667,,,,,,,,,,,,,,0.255331957,0.500872279
x36aad28,2022/5/27,20,300,0.003472222,379,629,10.48333333,,,,,,,,,,,,,,,
x36aad28,2022/12/24,30,6120,0.070833333,7436,9249,154.15,32220,537,480,8,11460,191,20280,3900,0.014897579,0.355679702,0.121042831,84,92.00492611,,
x36aad28,2022/12/25,32,3420,0.039583333,951,1027,17.11666667,119520,1992,4320,72,40140,669,75060,840,0.036144578,0.335843373,0.007028112,83,90.15438343,0.24807609,0.506014782
x36aad28,2022/12/26,50,1680,0.019444444,6415,7903,131.7166667,,,,,,,,,,,,,,0.422083069,0.428027901
x36aad28,2022/12/27,46,24120,0.279166667,11419,11271,187.85,103500,1725,17040,284,18840,314,67620,480,0.164637681,0.182028986,0.004637681,84,93.1971576,0.322837537,0.365303953
x36aad28,2022/12/28,21,60,0.000694444,402,468,7.8,40500,675,4020,67,6960,116,29520,480,0.099259259,0.171851852,0.011851852,86,90.97727273,,
x36ab6be,2020/10/15,13,180,0.002083333,10856,11182,186.3666667,18960,316,0,0,8040,134,10920,180,0,0.424050633,0.009493671,85,91.34745763,,
x36ab6be,2020/10/19,21,660,0.007638889,0,0,0,,,,,,,,,,,,,,,
x36ab701,2020/10/16,42,8100,0.09375,10937,10740,179,28740,479,3600,60,3540,59,21600,300,0.12526096,0.123173278,0.010438413,,,0.140528062,0.421512047
x36ab701,2020/10/17,36,2880,0.033333333,10618,11320,188.6666667,53280,888,7320,122,4380,73,41580,900,0.137387387,0.082207207,0.016891892,,,0.256806074,0.518526905
x36ab701,2020/10/18,80,2460,0.028472222,4630,4182,69.7,51120,852,9060,151,6420,107,35640,480,0.177230047,0.125586854,0.009389671,,,0.258096053,0.486337529
x36ab701,2020/10/19,46,16200,0.1875,5389,7027,117.1166667,96060,1601,13380,223,10920,182,71760,720,0.139287945,0.113678951,0.007495315,,,0.274279602,0.512727134
x36ab701,2020/10/20,38,8280,0.095833333,2664,4063,67.71666667,51840,864,11280,188,5340,89,35220,900,0.217592593,0.103009259,0.017361111,,,0.250866854,0.501929745
x36ab701,2020/10/21,28,1680,0.019444444,12335,13809,230.15,67620,1127,3780,63,5040,84,58800,300,0.055900621,0.074534161,0.004436557,,,0.269216563,0.511169478
x36ab701,2020/10/22,19,2100,0.024305556,8392,8222,137.0333333,57360,956,10980,183,4920,82,41460,420,0.191422594,0.085774059,0.007322176,,,0.271073704,0.490969326
x36ab701,2020/10/23,26,2220,0.025694444,4040,4339,72.31666667,52500,875,7200,120,11340,189,33960,480,0.137142857,0.216,0.009142857,,,0.244086716,0.517554015
x36ab701,2020/10/24,22,960,0.011111111,1874,2449,40.81666667,97200,1620,26520,442,10740,179,59940,840,0.272839506,0.110493827,0.008641975,,,0.256578242,0.502769473
x36ab701,2020/10/25,29,2160,0.025,4957,5203,86.71666667,78720,1312,13320,222,10200,170,55200,480,0.169207317,0.129573171,0.006097561,,,0.254662168,0.4912847
x36ab701,2020/10/26,51,14340,0.165972222,8976,7977,132.95,67200,1120,11760,196,6300,105,49140,540,0.175,0.09375,0.008035714,,,0.265994888,0.482013855
x36ab701,2020/10/27,51,14580,0.16875,7879,7176,119.6,53760,896,9480,158,7260,121,37020,2880,0.176339286,0.135044643,0.053571429,,,0.267068919,0.483283464
x36ab701,2020/10/28,42,6720,0.077777778,10297,9515,158.5833333,135060,2251,8940,149,29100,485,97020,4380,0.066192803,0.215459796,0.032430031,,,0.262129423,0.500238147
x36ab701,2020/10/29,34,7080,0.081944444,9699,9639,160.65,64320,1072,15240,254,8820,147,40260,1140,0.236940299,0.137126866,0.017723881,,,0.269118348,0.495345154
x36ab701,2020/10/30,34,7080,0.081944444,2855,3312,55.2,48900,815,8820,147,5100,85,34980,1740,0.180368098,0.104294479,0.035582822,,,0.458518313,0.470310766
x36ab738,2020/10/16,23,60,0.000694444,8571,9712,161.8666667,89040,1484,28620,477,12900,215,47520,1920,0.321428571,0.144878706,0.021563342,84,92.17763752,0.187565647,0.386640445
x36ab738,2020/10/17,46,6180,0.071527778,4281,6540,109,84000,1400,23940,399,11340,189,48720,1380,0.285,0.135,0.016428571,83,90.58360131,0.23801925,0.537930598
x36ab738,2020/10/18,21,0,0,15374,23275,387.9166667,97320,1622,8880,148,19320,322,69120,3900,0.091245376,0.198520345,0.040073983,76,91.14922901,0.234989035,0.651134126
x36ab738,2020/10/19,19,360,0.004166667,10002,13528,225.4666667,55260,921,10080,168,19020,317,26160,6960,0.182410423,0.344191097,0.125950054,84,92.2890625,0.273365008,0.536878144
x36ab738,2020/10/20,15,0,0,10775,15722,262.0333333,15420,257,4740,79,0,0,10680,300,0.307392996,0,0.019455253,84,92.29457364,0.219260639,0.54460409
x36ab738,2020/10/21,24,900,0.010416667,6963,9856,164.2666667,66300,1105,1860,31,21300,355,43140,1980,0.028054299,0.321266968,0.029864253,78,90.27619048,0.263016464,0.511522127
x36ab738,2020/10/22,29,2700,0.03125,7683,10213,170.2166667,27480,458,9120,152,0,0,18360,120,0.331877729,0,0.004366812,78,90.27962085,0.25702625,0.507519843
x36ab738,2020/10/23,17,240,0.002777778,8576,10247,170.7833333,186600,3110,28140,469,45660,761,112800,3300,0.150803859,0.244694534,0.017684887,83,90.61392257,0.252925033,0.502554069
x36ab738,2020/10/24,21,420,0.004861111,3634,5003,83.38333333,,,,,,,,,,,,,,0.25597995,0.504736047
x36ab738,2020/10/25,33,660,0.007638889,3745,5842,97.36666667,67980,1133,0,0,33780,563,34200,1440,0,0.496910856,0.021182701,80,90.27,0.255604658,0.492129894
x36ab738,2020/10/26,39,1740,0.020138889,12318,16023,267.05,88140,1469,10800,180,8040,134,69300,900,0.122532335,0.091218516,0.010211028,80,90.05359766,0.267091913,0.533070765
x36ab738,2020/10/27,43,7800,0.090277778,2839,4597,76.61666667,,,,,,,,,,,,,,0.256579832,0.492756989
x36ab738,2020/10/28,41,8220,0.095138889,8390,11533,192.2166667,78000,1300,5820,97,12540,209,59640,1260,0.074615385,0.160769231,0.016153846,80,89.74895257,0.245375945,0.537107446
x36ab738,2020/10/29,41,8220,0.095138889,5987,7585,126.4166667,45240,754,7260,121,7080,118,30900,540,0.160477454,0.156498674,0.01193634,82,91.10994764,0.253517731,0.497240373
x36ab738,2020/10/30,42,9060,0.104861111,8582,10545,175.75,,,,,,,,,,,,,,0.225946477,0.488965372
x36ab788,2020/10/16,46,17100,0.197916667,6115,5727,95.45,63240,1054,0,0,9300,155,52020,840,0,0.147058824,0.013282732,84,92.12360676,0.081996063,0.458515688
x36ab788,2020/10/17,30,2040,0.023611111,9258,9753,162.55,76080,1268,17820,297,7680,128,50580,180,0.234227129,0.100946372,0.002365931,88,93.1601755,0.227525163,0.53439656
x36ab788,2020/10/18,30,6600,0.076388889,2315,2230,37.16666667,115620,1927,12720,212,11400,190,91500,1980,0.110015568,0.098598858,0.017125065,86,93.22066468,0.255019603,0.505488892
x36ab788,2020/10/19,23,2400,0.027777778,2007,1984,33.06666667,134520,2242,34800,580,33000,550,66720,2640,0.258697591,0.245316682,0.019625335,81,88.62224776,0.257535493,0.503220091
x36ab788,2020/10/20,38,10980,0.127083333,3795,3334,55.56666667,207480,3458,48000,800,34560,576,124920,4980,0.2313476,0.166570272,0.024002313,90,93.14090451,0.259492452,0.4982544
x36ab788,2020/10/21,28,1860,0.021527778,10428,9380,156.3333333,91680,1528,8040,134,11160,186,72480,540,0.087696335,0.121727749,0.005890052,90,93.76495201,0.24700147,0.496453352
x36ab788,2020/10/22,27,3300,0.038194444,7372,6180,103,95520,1592,24480,408,10320,172,60720,600,0.256281407,0.108040201,0.006281407,89,94.36517392,0.266504126,0.496474119
x36ab788,2020/10/23,32,4740,0.054861111,6694,5178,86.3,117840,1964,15660,261,15840,264,86340,1500,0.132892057,0.134419552,0.012729124,91,93.94565202,0.238088203,0.508199749
x36ab788,2020/10/24,18,1140,0.013194444,1048,1481,24.68333333,87060,1451,17940,299,9960,166,59160,720,0.206064783,0.114403859,0.008270159,89,93.42150497,0.252275698,0.497956877
x36ab788,2020/10/25,36,4200,0.048611111,8284,8606,143.4333333,141660,2361,25020,417,26640,444,90000,1380,0.176620076,0.188055909,0.009741635,92,94.23545538,0.271795324,0.52117116
x36ab788,2020/10/26,16,780,0.009027778,877,1440,24,144660,2411,27480,458,16380,273,100800,2580,0.189962671,0.113231024,0.017834923,89,93.2848005,0.25335452,0.495221281
x36ab788,2020/10/27,37,4740,0.054861111,5821,4971,82.85,167940,2799,9060,151,33420,557,125460,1980,0.053947839,0.198999643,0.011789925,85,92.87676181,0.265571552,0.486874914
x36ab788,2020/10/28,43,9360,0.108333333,6988,6497,108.2833333,19680,328,6060,101,0,0,13620,0,0.307926829,0,0,85,92.07112971,0.246198516,0.496714767
x36ab788,2020/10/29,42,12960,0.15,9133,7573,126.2166667,109080,1818,12720,212,16740,279,79620,1560,0.116611661,0.153465347,0.01430143,87,92.78919895,0.27213173,0.504513311
x36ab788,2020/10/30,31,2460,0.028472222,6971,6951,115.85,48300,805,3000,50,6480,108,38820,120,0.062111801,0.134161491,0.002484472,84,93.24686192,0.250261174,0.509672872
x36ab788,2020/10/31,13,0,0,530,558,9.3,135720,2262,24180,403,24360,406,84660,3060,0.17816092,0.179487179,0.022546419,92,94.02403679,0.320210208,0.364226122
x36ab788,2022/3/8,43,12000,0.138888889,804,1484,24.73333333,,,,,,,,,,,,,,0.031819937,0.482954416
x36ab788,2022/3/9,38,8700,0.100694444,2639,2994,49.9,,,,,,,,,,,,,,0.260339868,0.503831371
x36ab788,2022/3/10,44,10800,0.125,6103,5400,90,,,,,,,,,,,,,,0.241025641,0.509255189
x36ab788,2022/3/11,43,13920,0.161111111,2667,3333,55.55,,,,,,,,,,,,,,0.260019229,0.496087237
x36ab788,2022/3/12,43,11100,0.128472222,1825,2886,48.1,,,,,,,,,,,,,,0.255897215,0.506909021
x36ab788,2022/3/13,41,8400,0.097222222,2500,2800,46.66666667,,,,,,,,,,,,,,0.258235153,0.505337822
x36ab788,2022/3/14,44,18900,0.21875,1777,3819,63.65,,,,,,,,,,,,,,0.260834817,0.507029462
x36ab788,2022/3/15,49,15240,0.176388889,3207,4486,74.76666667,,,,,,,,,,,,,,0.23978255,0.51141122
x36ab788,2022/3/16,41,13200,0.152777778,3529,3460,57.66666667,,,,,,,,,,,,,,0.260429226,0.493863034
x36ab788,2022/3/17,53,22320,0.258333333,7359,6608,110.1333333,,,,,,,,,,,,,,0.242664807,0.541624202
x36ab788,2022/3/18,48,16980,0.196527778,2474,3329,55.48333333,,,,,,,,,,,,,,0.251183508,0.506030108
x36ab788,2022/3/19,44,12060,0.139583333,856,1976,32.93333333,,,,,,,,,,,,,,0.255140718,0.501220032
x36ab788,2022/3/20,38,9600,0.111111111,7451,7901,131.6833333,,,,,,,,,,,,,,0.273634059,0.489993503
x36ab788,2022/3/21,54,24960,0.288888889,15459,15094,251.5666667,,,,,,,,,,,,,,0.284761246,0.520761246
x36ab788,2022/3/22,38,6900,0.079861111,2692,3230,53.83333333,,,,,,,,,,,,,,0.250515839,0.510802282
x36ab788,2022/3/23,43,14400,0.166666667,2520,3075,51.25,,,,,,,,,,,,,,0.26274149,0.489788408
x36ab788,2022/3/24,47,540,0.00625,101,255,4.25,,,,,,,,,,,,,,,
x36ab788,2022/3/29,52,18000,0.208333333,6581,6641,110.6833333,,,,,,,,,,,,,,0.077530876,0.483394924
x36ab788,2022/3/30,39,5100,0.059027778,2604,3450,57.5,,,,,,,,,,,,,,0.258951175,0.504520796
x36ab788,2022/3/31,41,13200,0.152777778,5009,4500,75,,,,,,,,,,,,,,0.262646628,0.524462366
x36ab788,2022/4/1,35,3900,0.045138889,911,1339,22.31666667,,,,,,,,,,,,,,0.253935411,0.497842725
x36ab788,2022/4/2,30,3720,0.043055556,1827,2529,42.15,,,,,,,,,,,,,,0.256954132,0.509174804
x36ab788,2022/4/3,38,13320,0.154166667,2717,3294,54.9,,,,,,,,,,,,,,0.268636669,0.489876377
x36ab788,2022/4/4,41,8700,0.100694444,2210,2311,38.51666667,,,,,,,,,,,,,,0.256157167,0.498519426
x36ab788,2022/4/5,45,10140,0.117361111,1759,2588,43.13333333,,,,,,,,,,,,,,0.235126409,0.514127323
x36ab788,2022/4/6,35,2700,0.03125,2382,2764,46.06666667,,,,,,,,,,,,,,0.259405559,0.507033094
x36ab788,2022/4/7,33,3420,0.039583333,2208,2329,38.81666667,,,,,,,,,,,,,,0.255771907,0.502396784
x36ab788,2022/4/8,34,6840,0.079166667,2205,2589,43.15,,,,,,,,,,,,,,0.257722733,0.500280393
x36ab788,2022/4/9,37,2280,0.026388889,1401,2186,36.43333333,,,,,,,,,,,,,,0.258515451,0.509490868
x36ab788,2022/4/10,42,11220,0.129861111,2058,2209,36.81666667,,,,,,,,,,,,,,0.25655949,0.497749166
x36ab788,2022/4/11,46,18360,0.2125,3078,3383,56.38333333,,,,,,,,,,,,,,0.260187672,0.504065432
x36ab788,2022/4/12,23,1200,0.013888889,160,330,5.5,,,,,,,,,,,,,,0.47399605,0.468071099
x36ab788,2022/4/16,44,10140,0.117361111,3565,3757,62.61666667,,,,,,,,,,,,,,,
x36ab788,2022/4/17,39,4080,0.047222222,2402,2970,49.5,,,,,,,,,,,,,,0.308286818,0.408215257
x36ab788,2022/4/18,45,16500,0.190972222,754,1348,22.46666667,,,,,,,,,,,,,,0.253962282,0.498930066
x36ab788,2022/4/19,41,7740,0.089583333,2180,2474,41.23333333,,,,,,,,,,,,,,0.260000483,0.499070565
x36ab788,2022/4/20,43,6720,0.077777778,782,1478,24.63333333,,,,,,,,,,,,,,0.251477827,0.501059796
x36ab788,2022/4/21,50,20520,0.2375,5788,4890,81.5,,,,,,,,,,,,,,0.244055944,0.525935468
x36ab788,2022/4/22,47,20400,0.236111111,793,1440,24,,,,,,,,,,,,,,0.252824859,0.500176554
x36ab788,2022/4/23,45,12120,0.140277778,2342,2741,45.68333333,,,,,,,,,,,,,,0.25819099,0.502611793
x36ab788,2022/4/24,39,9840,0.113888889,2420,2635,43.91666667,,,,,,,,,,,,,,0.257864263,0.499600072
x36ab788,2022/4/25,49,21480,0.248611111,580,1319,21.98333333,,,,,,,,,,,,,,0.244839858,0.50717675
x36ab788,2022/4/26,43,13140,0.152083333,2039,2207,36.78333333,,,,,,,,,,,,,,0.258233129,0.508158201
x36ab788,2022/4/27,49,24180,0.279861111,2500,2713,45.21666667,,,,,,,,,,,,,,0.261099762,0.512251139
x36ab788,2022/4/28,50,14520,0.168055556,926,1836,30.6,,,,,,,,,,,,,,0.244039941,0.510689886
x36ab788,2022/4/29,49,14280,0.165277778,2528,3095,51.58333333,,,,,,,,,,,,,,0.239841546,0.515515275
x36ab788,2022/4/30,35,7500,0.086805556,2897,5155,85.91666667,,,,,,,,,,,,,,0.265862515,0.515244015
x36ab788,2022/5/1,37,5160,0.059722222,2263,2355,39.25,,,,,,,,,,,,,,0.257005176,0.504777203
x36ab788,2022/5/2,41,10020,0.115972222,2283,2547,42.45,,,,,,,,,,,,,,0.257593646,0.502581899
x36ab788,2022/5/3,43,13920,0.161111111,588,852,14.2,,,,,,,,,,,,,,0.25248983,0.50053771
x36ab788,2022/5/4,44,9240,0.106944444,475,794,13.23333333,,,,,,,,,,,,,,0.252318763,0.500969558
x36ab788,2022/5/5,36,120,0.001388889,135,270,4.5,,,,,,,,,,,,,,,
x36ab788,2022/5/21,34,4740,0.054861111,777,1266,21.1,,,,,,,,,,,,,,,
x36ab788,2022/5/22,40,7080,0.081944444,704,1386,23.1,,,,,,,,,,,,,,0.255716219,0.504238194
x36ab788,2022/5/23,40,12300,0.142361111,2397,2324,38.73333333,,,,,,,,,,,,,,0.256196774,0.506280032
x36ab788,2022/5/24,42,11520,0.133333333,853,1426,23.76666667,,,,,,,,,,,,,,0.256257733,0.506436185
x36ab788,2022/5/25,42,10920,0.126388889,875,1554,25.9,,,,,,,,,,,,,,0.254578884,0.500282865
x36ab788,2022/5/26,48,24600,0.284722222,1749,2266,37.76666667,,,,,,,,,,,,,,0.258949337,0.510813533
x36ab788,2022/5/27,54,20160,0.233333333,383,695,11.58333333,,,,,,,,,,,,,,0.251128872,0.49929409
x36ab788,2022/5/28,63,3360,0.038888889,78,120,2,,,,,,,,,,,,,,,
x36ab7db,2020/10/16,9,0,0,7142,5436,90.6,22680,378,9480,158,1620,27,11580,0,0.417989418,0.071428571,0,82,91.39565217,0.232439662,0.381734495
x36ab7db,2020/10/17,14,60,0.000694444,3628,4777,79.61666667,58200,970,16800,280,2400,40,39000,2580,0.288659794,0.041237113,0.044329897,84,96.68634655,0.241970555,0.518842707
x36ab7db,2020/10/18,36,12900,0.149305556,11427,8119,135.3166667,,,,,,,,,,,,,,0.254761692,0.504183646
x36ab7db,2020/10/19,14,60,0.000694444,1196,1473,24.55,,,,,,,,,,,,,,0.253688462,0.497109282
x36ab7db,2020/10/20,14,840,0.009722222,11716,13302,221.7,40920,682,10740,179,2580,43,27600,120,0.262463343,0.063049853,0.002932551,90,95.40670159,0.321507347,0.549933829
x36ab7db,2020/10/21,17,1500,0.017361111,9712,7164,119.4,64560,1076,27720,462,1920,32,34920,0,0.42936803,0.029739777,0,89,93.73008594,0.263998657,0.505540059
x36ab7db,2020/10/22,26,1080,0.0125,7050,4532,75.53333333,59400,990,22740,379,2880,48,33780,3240,0.382828283,0.048484848,0.054545455,83,91.83333333,0.257243367,0.495663751
x36ab7db,2020/10/23,26,1080,0.0125,12273,9537,158.95,,,,,,,,,,,,,,0.246852616,0.512557386
x36ab7db,2020/10/24,26,1080,0.0125,4415,4151,69.18333333,,,,,,,,,,,,,,0.252051697,0.514972826
x36ab7db,2020/10/25,10,0,0,7206,6434,107.2333333,53040,884,15600,260,3300,55,34140,540,0.294117647,0.062217195,0.010180995,85,92.33077626,0.258272266,0.507790811
x36ab7db,2020/10/26,26,4920,0.056944444,12072,9288,154.8,83280,1388,19320,322,4320,72,59640,2340,0.231988473,0.051873199,0.028097983,90,94.68574124,0.25656254,0.511890989
x36ab7db,2020/10/27,15,0,0,11832,7516,125.2666667,83880,1398,27480,458,2760,46,53640,840,0.327610873,0.032904149,0.010014306,91,95.7796491,0.249226473,0.533519483
x36ab7db,2020/10/28,34,4620,0.053472222,12892,7986,133.1,41220,687,13980,233,840,14,26400,300,0.33915575,0.020378457,0.00727802,89,92.89894086,0.259165278,0.486681311
x36ab7db,2020/10/29,34,2760,0.031944444,7141,4642,77.36666667,39360,656,15660,261,2400,40,20160,1140,0.397865854,0.06097561,0.028963415,,,0.247902346,0.508904327
x36ab7db,2020/10/30,33,2760,0.031944444,1830,1853,30.88333333,46080,768,18840,314,2160,36,25080,1200,0.408854167,0.046875,0.026041667,87,91.93290496,,
x36ab7db,2022/3/3,87,28560,0.330555556,7257,7924,132.0666667,,,,,,,,,,,,,,,
x36ab7db,2022/3/4,-1,,,0,0,0,,,,,,,,,,,,,,0.25,0.5
x36ab7db,2022/3/5,-1,,,0,0,0,,,,,,,,,,,,,,0.25,0.5
x36ab7db,2022/3/6,-1,,,0,0,0,,,,,,,,,,,,,,0.25,0.5
x36ab7db,2022/3/7,-1,,,0,0,0,,,,,,,,,,,,,,0.25,0.5
x36ab7db,2022/3/8,-1,,,0,0,0,,,,,,,,,,,,,,0.25,0.5
x36ab7db,2022/3/9,87,32400,0.375,12535,12857,214.2833333,,,,,,,,,,,,,,0.307781513,0.520336134
x36ab7db,2022/3/10,71,35040,0.405555556,6061,7029,117.15,,,,,,,,,,,,,,0.237794661,0.506671202
x36ab7db,2022/3/11,61,21240,0.245833333,2449,4439,73.98333333,,,,,,,,,,,,,,0.249442191,0.509966593
x36ab7db,2022/3/12,54,10620,0.122916667,8538,11450,190.8333333,,,,,,,,,,,,,,0.302075145,0.542084578
x36ab7db,2022/3/13,51,6660,0.077083333,3792,4944,82.4,,,,,,,,,,,,,,0.280195714,0.48422643
x36ab7db,2022/3/14,52,7380,0.085416667,6986,8564,142.7333333,,,,,,,,,,,,,,0.278648269,0.588692703
x36ab7db,2022/3/15,31,120,0.001388889,2865,180,3,,,,,,,,,,,,,,,
x36ab7db,2022/3/16,68,780,0.009027778,55,240,4,,,,,,,,,,,,,,0.268256334,0.463487332
x36ab7db,2022/3/17,58,11220,0.129861111,10187,10704,178.4,,,,,,,,,,,,,,0.19534546,0.531779204
x36ab7db,2022/3/18,50,4800,0.055555556,4700,5969,99.48333333,,,,,,,,,,,,,,0.258554725,0.499832194
x36ab7db,2022/3/19,51,5040,0.058333333,2698,5423,90.38333333,,,,,,,,,,,,,,0.251072705,0.541546555
x36ab7db,2022/3/20,50,9360,0.108333333,4967,6421,107.0166667,,,,,,,,,,,,,,0.321886752,0.461412278
x36ab7db,2022/3/21,54,660,0.007638889,67,240,4,,,,,,,,,,,,,,,
x36ab7db,2022/3/29,69,10380,0.120138889,233,855,14.25,,,,,,,,,,,,,,0.284641233,0.444356592
x36ab7db,2022/3/30,60,15480,0.179166667,6970,8690,144.8333333,,,,,,,,,,,,,,0.340076107,0.562587623
x36ab7db,2022/3/31,72,14520,0.168055556,8876,10027,167.1166667,,,,,,,,,,,,,,0.349407865,0.52914155
x36ab7db,2022/4/1,-1,,,5751,0,0,,,,,,,,,,,,,,,
x36ab7db,2022/4/2,73,14640,0.169444444,9684,10353,172.55,,,,,,,,,,,,,,0.310619226,0.495015092
x36ab7db,2022/4/3,57,10800,0.125,4733,5584,93.06666667,,,,,,,,,,,,,,0.264748549,0.541147848
x36ab7db,2022/4/4,49,2640,0.030555556,4168,6227,103.7833333,,,,,,,,,,,,,,0.235015412,0.514220721
x36ab7db,2022/4/5,63,17220,0.199305556,5380,6630,110.5,,,,,,,,,,,,,,0.399052694,0.451746596
x36ab7db,2022/4/6,62,14700,0.170138889,8708,9089,151.4833333,,,,,,,,,,,,,,0.361276284,0.502841815
x36ab7db,2022/4/7,68,20880,0.241666667,6825,8468,141.1333333,,,,,,,,,,,,,,0.312146499,0.518933726
x36ab7db,2022/4/8,62,21660,0.250694444,9155,10083,168.05,,,,,,,,,,,,,,0.303376375,0.463077235
x36ab7db,2022/4/9,64,7620,0.088194444,2722,6376,106.2666667,,,,,,,,,,,,,,0.29429374,0.446484308
x36ab7db,2022/4/10,59,2640,0.030555556,1615,2856,47.6,,,,,,,,,,,,,,0.415444692,0.396875996
x36ab7db,2022/4/16,42,420,0.004861111,598,1020,17,,,,,,,,,,,,,,,
x36ab7db,2022/4/17,-1,,,0,0,0,,,,,,,,,,,,,,0.315789474,0.368421053
x36ab7db,2022/4/19,65,,,25,40,0.666666667,,,,,,,,,,,,,,,
x36ab7db,2022/4/20,64,15840,0.183333333,6023,8840,147.3333333,,,,,,,,,,,,,,0.315201192,0.505961252
x36ab7db,2022/4/21,73,31380,0.363194444,9439,10441,174.0166667,,,,,,,,,,,,,,0.311854131,0.518807698
x36ab7db,2022/4/22,58,6840,0.079166667,6409,7950,132.5,,,,,,,,,,,,,,0.233409611,0.598627002
x36ab7db,2022/4/23,57,8640,0.1,2395,6439,107.3166667,,,,,,,,,,,,,,0.329858005,0.493339406
x36ab7db,2022/4/24,61,4680,0.054166667,4243,5220,87,,,,,,,,,,,,,,0.28526149,0.478737454
x36ab7db,2022/4/25,57,8580,0.099305556,6819,7163,119.3833333,,,,,,,,,,,,,,0.236041072,0.58600158
x36ab7db,2022/4/26,-1,,,3881,0,0,,,,,,,,,,,,,,,
x36ab7db,2022/4/27,-1,,,0,0,0,,,,,,,,,,,,,,0.280811232,0.438377535
x36ab7db,2022/4/28,77,31980,0.370138889,7714,9149,152.4833333,,,,,,,,,,,,,,0.064102564,0.801282051
x36ab7db,2022/4/29,71,24900,0.288194444,8888,10620,177,,,,,,,,,,,,,,0.337434095,0.550087873
x36ab7db,2022/4/30,64,18060,0.209027778,3783,4778,79.63333333,,,,,,,,,,,,,,0.297090041,0.278985323
x39b8f57,2021/5/29,-1,0,0,0,0,0,,,,,,,,,,,,,,0.25,0.5
x39b8f57,2021/5/30,73,0,0,133,180,3,,,,,,,,,,,,,,0.525547445,0.362043796
x39b8f57,2021/6/3,75,3120,0.036111111,2080,1817,30.28333333,,,,,,,,,,,,,,,
x39b8f57,2021/6/4,-1,0,0,0,0,0,,,,,,,,,,,,,,0.25,0.5
x39b8f57,2021/6/5,-1,0,0,0,0,0,,,,,,,,,,,,,,0.25,0.5
x39b8f57,2021/6/6,-1,0,0,0,0,0,,,,,,,,,,,,,,0.25,0.5
x39b8f57,2021/6/7,-1,0,0,0,0,0,,,,,,,,,,,,,,0.25,0.5
x39b8f57,2021/6/8,-1,0,0,0,0,0,,,,,,,,,,,,,,0.25,0.5
x39b8f57,2021/6/9,-1,0,0,0,0,0,,,,,,,,,,,,,,0.25,0.5
x39b8f57,2021/6/10,-1,0,0,0,0,0,,,,,,,,,,,,,,,
x39b8f57,2021/10/6,62,4980,0.057638889,6113,6204,103.4,,,,,,,,,,,,,,0.067664051,0.53793329
x39b8f57,2021/10/7,38,1080,0.0125,7773,6844,114.0666667,25800,430,14040,234,0,0,11760,2280,0.544186047,0,0.088372093,,,0.223775603,0.547556277
x39b8f57,2021/10/8,23,120,0.001388889,10945,9602,160.0333333,,,,,,,,,,,,,,0.242600654,0.526300198
x39b8f57,2021/10/9,15,180,0.002083333,10081,8985,149.75,90420,1507,20340,339,17460,291,52620,480,0.224950232,0.193098872,0.00530856,84,90.87003058,0.243108467,0.510593596
x39b8f57,2021/10/10,18,300,0.003472222,4927,4706,78.43333333,50940,849,6000,100,11700,195,33240,420,0.11778563,0.229681979,0.008244994,84,93.20657277,0.263666854,0.519989228
x39b8f57,2021/10/11,-1,0,0,0,0,0,,,,,,,,,,,,,,0.25,0.5
x39b8f57,2021/10/12,-1,0,0,0,0,0,,,,,,,,,,,,,,0.25,0.5
x39b8f57,2021/10/13,13,0,0,0,0,0,,,,,,,,,,,,,,0.25,0.5
x39b8f57,2021/10/14,-1,0,0,0,0,0,,,,,,,,,,,,,,,
x39b8f57,2021/10/17,47,360,0.004166667,281,635,10.58333333,,,,,,,,,,,,,,,
x39b8f57,2021/10/18,37,0,0,0,0,0,,,,,,,,,,,,,,,
x39b8f57,2021/10/21,37,60,0.000694444,357,637,10.61666667,,,,,,,,,,,,,,,
x39b8f57,2021/10/22,23,600,0.006944444,6295,6574,109.5666667,52080,868,7920,132,7800,130,36360,1800,0.152073733,0.149769585,0.034562212,92,94,0.251534588,0.506276151
x39b8f57,2021/10/23,10,0,0,310,695,11.58333333,91260,1521,22920,382,3240,54,65100,1140,0.251150559,0.035502959,0.012491782,,,0.250627151,0.497345546
x39b8f57,2021/10/24,67,1440,0.016666667,168,359,5.983333333,,,,,,,,,,,,,,0.251043107,0.497913785
x39b8f57,2021/10/25,27,720,0.008333333,1467,2645,44.08333333,58080,968,16260,271,6000,100,35820,1200,0.279958678,0.103305785,0.020661157,84,93.28755365,0.243866038,0.507814459
x39b8f57,2021/10/26,-1,0,0,0,0,0,,,,,,,,,,,,,,0.25,0.5
x39b8f57,2021/10/27,-1,0,0,0,0,0,,,,,,,,,,,,,,,
x39b8f57,2021/10/28,77,30000,0.347222222,6418,5488,91.46666667,,,,,,,,,,,,,,0.258461071,0.396816664
x39b8f57,2021/10/29,25,180,0.002083333,118,305,5.083333333,27120,452,15900,265,0,0,11220,660,0.586283186,0,0.024336283,,,0.247343051,0.501771299
x39b8f57,2021/10/30,-1,0,0,0,0,0,,,,,,,,,,,,,,0.25,0.5
x39b8f57,2021/10/31,33,2940,0.034027778,5755,5929,98.81666667,113880,1898,9780,163,23580,393,80520,13320,0.085879874,0.207060063,0.116965227,,,0.265455708,0.502502675
x39b8f57,2021/11/1,-1,0,0,0,0,0,,,,,,,,,,,,,,0.25,0.5
x39b8f57,2021/11/2,15,0,0,78,75,1.25,34260,571,720,12,13260,221,20280,1800,0.021015762,0.38704028,0.052539405,83,91.65271967,0.252144983,0.495710033
x39b8f57,2021/11/3,37,19800,0.229166667,5840,5575,92.91666667,28920,482,8280,138,0,0,20640,300,0.286307054,0,0.010373444,83,91.65271967,0.259444066,0.509490497
x39b8f57,2021/11/4,45,7200,0.083333333,9765,8916,148.6,34740,579,4500,75,8940,149,21300,480,0.129533679,0.257340242,0.013816926,85,93.10969258,0.258800489,0.528615623
x39b8f57,2021/11/5,62,9180,0.10625,11039,11295,188.25,,,,,,,,,,,,,,0.275528504,0.491712407
x39b8f57,2021/11/6,-1,,,0,0,0,,,,,,,,,,,,,,0.25,0.5
x39b8f57,2021/11/7,9,,,2357,1749,29.15,,,,,,,,,,,,,,0.255165326,0.489669348
x39b8f57,2021/11/8,-1,,,0,0,0,,,,,,,,,,,,,,0.250696379,0.498607242
x39b8f57,2021/11/9,41,3780,0.04375,8285,7547,125.7833333,,,,,,,,,,,,,,0.242566649,0.52629774
x39b8f57,2021/11/10,23,3780,0.04375,8412,7156,119.2666667,48300,805,6120,102,10440,174,31740,1200,0.126708075,0.216149068,0.02484472,91,92.81012658,0.323057064,0.371940589
x39b8f57,2021/11/14,49,,,0,0,0,,,,,,,,,,,,,,,
x39b8f57,2021/11/15,39,12720,0.147222222,7526,7712,128.5333333,44280,738,8220,137,9600,160,26460,1260,0.185636856,0.216802168,0.028455285,84,93.32110092,0.238540499,0.55306982
x39b8f57,2021/11/16,39,13740,0.159027778,7659,6670,111.1666667,42900,715,10260,171,5040,84,27600,1680,0.239160839,0.117482517,0.039160839,85,92.90909091,0.227217767,0.528858729
x39b8f57,2021/11/17,-1,,,0,0,0,,,,,,,,,,,,,,0.25,0.5
x39b8f57,2021/11/18,89,13140,0.152083333,12396,11549,192.4833333,,,,,,,,,,,,,,0.172557885,0.591861899
x39b8f57,2021/11/19,-1,,,0,0,0,,,,,,,,,,,,,,0.25,0.5
x39b8f57,2021/11/20,-1,,,0,0,0,,,,,,,,,,,,,,0.25,0.5
x39b8f57,2021/11/21,-1,,,0,0,0,,,,,,,,,,,,,,0.25,0.5
x39b8f57,2021/11/22,-1,,,0,0,0,,,,,,,,,,,,,,0.25,0.5
x39b8f57,2021/11/23,16,,,0,0,0,,,,,,,,,,,,,,0.25,0.5
x39b8f57,2021/11/24,-1,,,0,0,0,,,,,,,,,,,,,,0.25,0.5
x39b8f57,2021/11/25,-1,,,0,0,0,,,,,,,,,,,,,,0.25,0.5
x39b8f57,2021/11/26,-1,,,0,0,0,,,,,,,,,,,,,,0.25,0.5
x39b8f57,2021/11/27,-1,,,0,0,0,,,,,,,,,,,,,,0.25,0.5
x39b8f57,2021/11/28,-1,,,0,0,0,,,,,,,,,,,,,,0.25,0.5
x39b8f57,2021/11/29,-1,,,0,0,0,,,,,,,,,,,,,,0.25,0.5
x39b8f57,2021/11/30,-1,,,0,0,0,,,,,,,,,,,,,,,
x39d28f1,2021/10/6,82,24840,0.2875,2944,5112,85.2,,,,,,,,,,,,,,0.068986203,0.472730454
x39d28f1,2021/10/7,43,11220,0.129861111,4093,5162,86.03333333,74340,1239,14160,236,11700,195,48480,1800,0.19047619,0.157384988,0.024213075,,,0.261566804,0.495103736
x39d28f1,2021/10/8,65,7500,0.086805556,5024,5772,96.2,,,,,,,,,,,,,,0.205689558,0.55308035
x39d28f1,2021/10/9,46,720,0.008333333,6097,7388,123.1333333,,,,,,,,,,,,,,0.25654331,0.508821445
x39d28f1,2021/10/10,59,1140,0.013194444,3405,5873,97.88333333,,,,,,,,,,,,,,0.269639357,0.523387469
x39d28f1,2021/10/11,-1,0,0,0,0,0,,,,,,,,,,,,,,0.25,0.5
x39d28f1,2021/10/12,23,0,0,5013,3859,64.31666667,,,,,,,,,,,,,,0.240760011,0.500165273
x39d28f1,2021/10/13,32,60,0.000694444,3313,3040,50.66666667,,,,,,,,,,,,,,0.304380476,0.629849812
x39d28f1,2021/10/14,38,540,0.00625,6225,7670,127.8333333,85980,1433,5820,97,11340,189,68820,2220,0.067690161,0.131891137,0.025819958,80,92.89050766,0.241381938,0.530991998
x39d28f1,2021/10/15,34,3540,0.040972222,7665,8851,147.5166667,,,,,,,,,,,,,,0.259756785,0.550315497
x39d28f1,2021/10/16,36,480,0.005555556,5912,7199,119.9833333,,,,,,,,,,,,,,0.268809396,0.50015287
x39d28f1,2021/10/17,15,0,0,112,92,1.533333333,49320,822,12780,213,4320,72,32220,900,0.259124088,0.087591241,0.018248175,84,93.24752475,,
x39d29af,2021/5/15,30,2940,0.034027778,6353,6888,114.8,,,,,,,,,,,,,,0.217351243,0.402125394
x39d29af,2021/5/16,37,7200,0.083333333,895,1741,29.01666667,31680,528,6480,108,0,0,25200,660,0.204545455,0,0.020833333,82,94.87394958,0.252837855,0.49895463
x39d29af,2021/5/17,30,2700,0.03125,1854,3639,60.65,26340,439,5640,94,0,0,20700,360,0.214123007,0,0.013667426,83,91.45132743,0.255095999,0.498181511
x39d29af,2021/5/18,34,3480,0.040277778,1886,3200,53.33333333,22920,382,4560,76,0,0,18360,60,0.19895288,0,0.002617801,86,92.83854167,0.252596154,0.495336538
x39d29af,2021/5/19,32,4680,0.054166667,1627,2127,35.45,35640,594,1920,32,0,0,33720,1080,0.053872054,0,0.03030303,82,92.35616438,0.253817949,0.498415863
x39d29af,2021/5/20,28,3540,0.040972222,1732,3089,51.48333333,30540,509,4680,78,0,0,25860,1320,0.15324165,0,0.043222004,87,94.04022989,0.256292686,0.494388496
x39d29af,2021/5/21,35,6600,0.076388889,1590,2784,46.4,27660,461,3360,56,0,0,24300,360,0.121475054,0,0.013015184,83,92.95081967,0.2576062,0.496663318
x39d29af,2021/5/22,45,19620,0.227083333,1467,2563,42.71666667,29580,493,2220,37,0,0,27360,840,0.07505071,0,0.028397566,79,93.24413146,0.257064426,0.499199345
x39d29af,2021/5/23,41,12960,0.15,1520,3095,51.58333333,30060,501,1320,22,0,0,28740,2160,0.043912176,0,0.071856287,80,93.24615385,0.253526199,0.496896945
x39d29af,2021/5/24,35,7620,0.088194444,1870,3047,50.78333333,28140,469,3720,62,0,0,24420,180,0.132196162,0,0.006396588,86,95.55913978,0.254843857,0.493035644
x39d29af,2021/5/25,14,60,0.000694444,1828,2169,36.15,22440,374,3720,62,0,0,18720,0,0.165775401,0,0,84,92.6,0.247818499,0.510026
x39d29af,2021/5/26,-1,0,0,0,0,0,,,,,,,,,,,,,,,
x39d29af,2021/10/6,34,660,0.007638889,8953,11496,191.6,98640,1644,2100,35,16140,269,80400,4500,0.021289538,0.163625304,0.045620438,88,94.7008547,0.099636859,0.437726963
x39d29af,2021/10/7,22,1380,0.015972222,8050,9471,157.85,25680,428,2460,41,0,0,23220,1020,0.095794393,0,0.039719626,88,94.67521368,0.245538094,0.493987963
x39d29af,2021/10/8,26,5340,0.061805556,8449,8727,145.45,297960,4966,18360,306,66660,1111,212940,9720,0.061619009,0.223721305,0.032621828,81,94.82597158,0.244509933,0.498041801
x39d29af,2021/10/9,27,1380,0.015972222,1203,1800,30,104100,1735,5580,93,15480,258,83040,2400,0.053602305,0.14870317,0.023054755,88,93.67999058,0.251175558,0.507817162
x39d29af,2021/10/10,34,3240,0.0375,1666,2869,47.81666667,189180,3153,10020,167,48240,804,130920,5520,0.05296543,0.254995243,0.02917856,88,93.37275819,0.251224096,0.507476266
x39d29af,2021/10/11,33,5820,0.067361111,8064,8746,145.7666667,24240,404,3240,54,0,0,21000,960,0.133663366,0,0.03960396,90,92.66666667,0.240378364,0.539716737
x39d29af,2021/10/12,31,1860,0.021527778,10133,9774,162.9,198600,3310,16980,283,35400,590,146220,5100,0.085498489,0.178247734,0.025679758,87,94.95175438,0.25081565,0.507242972
x39d29af,2021/10/13,31,6300,0.072916667,10289,11674,194.5666667,49080,818,5700,95,7320,122,36060,1500,0.116136919,0.149144254,0.030562347,90,94.95064378,0.252241522,0.506691112
x39d29af,2021/10/14,33,5460,0.063194444,8434,9759,162.65,196620,3277,18420,307,40080,668,138120,4740,0.093683247,0.20384498,0.024107415,86,93.9477646,0.246172849,0.500808137
x39d29af,2021/10/15,34,6840,0.079166667,8448,10494,174.9,65820,1097,12300,205,7020,117,46500,660,0.186873291,0.106654512,0.010027347,90,93.41068917,0.253701211,0.499261077
x39d29af,2021/10/16,31,7800,0.090277778,8915,8619,143.65,63900,1065,8580,143,7680,128,47640,600,0.1342723,0.120187793,0.009389671,87,94.45561957,0.268553035,0.467779488
x39d29af,2021/10/17,38,1740,0.020138889,1199,2321,38.68333333,27900,465,1680,28,4080,68,22140,240,0.060215054,0.146236559,0.008602151,85,96.08829451,0.261062969,0.511357698
x39d29af,2021/10/18,34,4980,0.057638889,7968,6748,112.4666667,120120,2002,300,5,31380,523,88440,1200,0.002497502,0.261238761,0.00999001,88,94.50887316,0.35277161,0.418370924
x39d29af,2021/10/26,34,7860,0.090972222,10164,11335,188.9166667,105660,1761,3840,64,24540,409,77280,4020,0.036342987,0.232254401,0.038046564,86,94.50246305,0.166782103,0.39414508
x39d29af,2021/10/27,35,8880,0.102777778,11825,12023,200.3833333,35280,588,2040,34,0,0,33240,60,0.057823129,0,0.00170068,91,94.44247788,0.255427532,0.501125261
x39d29af,2021/10/28,30,4260,0.049305556,10031,9897,164.95,76740,1279,10800,180,14040,234,51900,360,0.140734949,0.182955434,0.004691165,86,94.97588652,0.261414585,0.48360195
x39d29af,2021/10/29,35,3240,0.0375,10069,10651,177.5166667,118560,1976,17640,294,20820,347,80100,3720,0.148785425,0.175607287,0.031376518,85,93.85308733,0.256307014,0.485841397
x39d29af,2021/10/30,30,6840,0.079166667,1869,2562,42.7,135840,2264,7800,130,28140,469,99900,4620,0.057420495,0.207155477,0.034010601,87,93.95643211,0.257351704,0.502416504
x39d29af,2021/10/31,35,4320,0.05,2784,4275,71.25,88440,1474,2580,43,14340,239,71520,2160,0.02917232,0.162143826,0.024423338,87,93.9184418,0.2425281,0.517720042
x39d29af,2021/11/1,35,8340,0.096527778,9956,10387,173.1166667,41520,692,9600,160,4860,81,27060,780,0.231213873,0.117052023,0.018786127,88,93.630451,0.239117535,0.532736408
x39d29af,2021/11/2,38,8820,0.102083333,9008,10244,170.7333333,154500,2575,14100,235,40800,680,99600,3240,0.091262136,0.26407767,0.020970874,87,94.98356205,0.236540785,0.515297547
x39d29af,2021/11/3,33,5820,0.067361111,8639,7947,132.45,76260,1271,5820,97,12120,202,58320,2040,0.07631786,0.158929976,0.02675059,87,94.52436618,0.245879699,0.508023912
x39d29af,2021/11/4,31,3900,0.045138889,9546,10600,176.6666667,167760,2796,11940,199,37620,627,118200,2520,0.071173104,0.224248927,0.015021459,88,94.80707651,0.244728324,0.500885828
x39d29af,2021/11/5,37,8280,0.095833333,8869,8488,141.4666667,28380,473,2160,36,0,0,26220,360,0.076109937,0,0.012684989,89,94.98723404,0.246810104,0.511119434
x39d29af,2021/11/6,30,240,0.002777778,377,270,4.5,88680,1478,1380,23,23040,384,64260,2040,0.01556157,0.259810555,0.02300406,87,94.44483122,,
x39d29af,2021/11/7,43,3660,0.042361111,882,1256,20.93333333,50100,835,0,0,9720,162,40380,1860,0,0.194011976,0.037125749,86,93.5631068,0.247416142,0.504028469
x39d29af,2021/11/8,34,4620,0.053472222,1630,2672,44.53333333,31680,528,480,8,0,0,31200,1200,0.015151515,0,0.037878788,86,93.5631068,0.255577585,0.495640646
x39d29af,2021/11/9,41,6420,0.074305556,11874,12527,208.7833333,126720,2112,8100,135,27240,454,91380,1560,0.063920455,0.214962121,0.012310606,81,94.28386328,0.248001409,0.507953714
x39d29af,2021/11/10,34,6900,0.079861111,11787,10225,170.4166667,58140,969,6480,108,9720,162,41940,0,0.111455108,0.167182663,0,89,93.98561151,0.254716614,0.504161527
x39d29af,2021/11/11,16,60,0.000694444,108,315,5.25,54240,904,7860,131,7260,121,39120,420,0.144911504,0.133849558,0.007743363,82,94.100845,,
x39d29af,2021/11/17,33,6780,0.078472222,8340,8136,135.6,95820,1597,4440,74,20940,349,70440,2100,0.046336882,0.218534753,0.021916093,83,94.12933975,0.145362889,0.408857584
x39d29af,2021/11/18,35,6000,0.069444444,17373,15043,250.7166667,68460,1141,1620,27,9240,154,57600,2160,0.023663453,0.134969325,0.031551271,86,94.08531577,0.221346655,0.533431777
x39d29af,2021/11/19,32,2880,0.033333333,9061,8684,144.7333333,53340,889,7680,128,5880,98,39780,480,0.143982002,0.11023622,0.008998875,87,95.1136898,0.246232327,0.504855249
x39d29af,2021/11/20,33,3900,0.045138889,3319,4006,66.76666667,164340,2739,11400,190,33300,555,119640,4020,0.069368383,0.202628697,0.024461482,79,92.80436251,0.260577226,0.503374032
x39d29af,2021/11/21,34,1560,0.018055556,1524,2381,39.68333333,47160,786,2340,39,6960,116,37860,1440,0.049618321,0.147582697,0.030534351,85,94.31256384,0.254739999,0.495197515
x39d29af,2021/11/22,20,360,0.004166667,197,720,12,22140,369,1500,25,0,0,20640,120,0.067750678,0,0.005420054,92,97.90909091,,
x39d29af,2021/11/23,38,240,0.002777778,5306,6171,102.85,33720,562,1080,18,13140,219,19500,1140,0.03202847,0.389679715,0.033807829,81,91.55670103,0.08860666,0.435304832
x39d29af,2021/11/24,29,6540,0.075694444,10763,11196,186.6,24300,405,4260,71,0,0,20040,420,0.175308642,0,0.017283951,81,91.55670103,0.259170073,0.494832479
x39d29af,2021/11/25,35,5760,0.066666667,10680,10159,169.3166667,156900,2615,13860,231,30360,506,112680,2340,0.08833652,0.193499044,0.014913958,80,93.24300184,0.245091206,0.489932533
x39d29af,2021/11/26,27,3600,0.041666667,8684,8256,137.6,61320,1022,4320,72,13020,217,43980,1740,0.070450098,0.212328767,0.028375734,80,93.73538561,0.250179156,0.501305283
x39d29af,2021/11/27,26,1980,0.022916667,2634,3312,55.2,57720,962,4320,72,10740,179,42660,840,0.074844075,0.186070686,0.014553015,86,94.99099099,0.258882149,0.507100905
x39d29af,2021/11/28,29,2160,0.025,2536,4070,67.83333333,133080,2218,660,11,28560,476,103860,2340,0.004959423,0.214607755,0.017583408,84,93.52005175,0.256759383,0.500072877
x39d29af,2021/11/29,32,4560,0.052777778,9113,8513,141.8833333,50460,841,1920,32,5520,92,43020,300,0.038049941,0.109393579,0.005945303,90,93.71903509,0.244662139,0.525787359
x39d29af,2021/11/30,34,3180,0.036805556,9179,9374,156.2333333,88380,1473,5700,95,13680,228,69000,2040,0.064494229,0.154786151,0.023082145,86,94.97702713,0.23884143,0.503076883
x39d29af,2021/12/1,27,1440,0.016666667,9524,9491,158.1833333,99180,1653,11820,197,14220,237,73140,2760,0.119177253,0.143375681,0.027828191,85,94.83219218,0.248488473,0.500344563
x39d29af,2021/12/2,13,120,0.001388889,156,600,10,21840,364,3840,64,0,0,18000,1620,0.175824176,0,0.074175824,88,94.19662921,,
x39d29af,2022/3/7,30,4920,0.056944444,8355,8752,145.8666667,,,,,,,,,,,,,,,
x39d29af,2022/3/8,27,3000,0.034722222,11062,10106,168.4333333,,,,,,,,,,,,,,0.24484232,0.512425617
x39d29af,2022/3/9,33,5700,0.065972222,11836,10603,176.7166667,,,,,,,,,,,,,,0.256168187,0.49533254
x39d29af,2022/3/10,31,1560,0.018055556,9408,9381,156.35,,,,,,,,,,,,,,0.24693962,0.500807647
x39d29af,2022/3/11,32,5280,0.061111111,7003,5535,92.25,,,,,,,,,,,,,,0.238508625,0.522599394
x39d29af,2022/3/12,23,420,0.004861111,1851,1868,31.13333333,,,,,,,,,,,,,,0.255228789,0.499183741
x39d29af,2022/3/13,36,2580,0.029861111,1397,1385,23.08333333,,,,,,,,,,,,,,0.251684997,0.503840499
x39d29af,2022/3/14,37,4680,0.054166667,9316,8816,146.9333333,,,,,,,,,,,,,,0.241899283,0.511377122
x39d29af,2022/3/15,29,1680,0.019444444,4537,3368,56.13333333,,,,,,,,,,,,,,0.392891489,0.432701555
x39d29af,2022/3/16,38,4140,0.047916667,4680,5739,95.65,,,,,,,,,,,,,,,
x39d29af,2022/3/17,24,900,0.010416667,7598,7756,129.2666667,,,,,,,,,,,,,,0.242523269,0.497914653
x39d29af,2022/3/18,24,1920,0.022222222,7121,6550,109.1666667,,,,,,,,,,,,,,0.243218535,0.509480276
x39d29af,2022/3/19,31,3360,0.038888889,10077,9541,159.0166667,,,,,,,,,,,,,,0.268010253,0.509452374
x39d29af,2022/3/20,28,,,201,374,6.233333333,,,,,,,,,,,,,,,
x39d29af,2022/3/21,36,4080,0.047222222,9834,8600,143.3333333,,,,,,,,,,,,,,0.241349614,0.50151671
x39d29af,2022/3/22,37,7440,0.086111111,11351,12425,207.0833333,,,,,,,,,,,,,,0.24735598,0.53065442
x39d29af,2022/3/23,45,14940,0.172916667,9621,12239,203.9833333,,,,,,,,,,,,,,0.199633674,0.571957886
x39d29af,2022/3/24,13,,,121,199,3.316666667,,,,,,,,,,,,,,,
x39d29af,2022/3/27,25,1560,0.018055556,3776,4021,67.01666667,,,,,,,,,,,,,,,
x39d29af,2022/3/28,26,240,0.002777778,8845,9483,158.05,,,,,,,,,,,,,,,
x39d29af,2022/3/29,33,1080,0.0125,9677,6473,107.8833333,,,,,,,,,,,,,,,
x39d29af,2022/3/30,24,780,0.009027778,7225,6419,106.9833333,,,,,,,,,,,,,,,
x39d29af,2022/3/31,29,1980,0.022916667,956,1170,19.5,,,,,,,,,,,,,,,
x39d29af,2022/4/1,36,9120,0.105555556,5227,5056,84.26666667,,,,,,,,,,,,,,,
x39d29af,2022/4/2,33,60,0.000694444,207,375,6.25,,,,,,,,,,,,,,,
x39d29af,2022/4/3,42,12180,0.140972222,7645,6501,108.35,,,,,,,,,,,,,,,
x39d29af,2022/4/4,36,3900,0.045138889,1158,1815,30.25,,,,,,,,,,,,,,,
x39d29af,2022/4/5,31,1200,0.013888889,1173,1573,26.21666667,,,,,,,,,,,,,,,
x39d29af,2022/4/6,29,360,0.004166667,1228,865,14.41666667,,,,,,,,,,,,,,,
x39d29af,2022/4/7,23,1140,0.013194444,1001,1158,19.3,,,,,,,,,,,,,,,
x39d29af,2022/4/8,23,540,0.00625,1526,1929,32.15,,,,,,,,,,,,,,,
x39d29af,2022/4/9,24,2640,0.030555556,1288,1905,31.75,,,,,,,,,,,,,,,
x39d29af,2022/4/10,40,15360,0.177777778,3412,4482,74.7,,,,,,,,,,,,,,,
x39d29af,2022/4/11,31,3120,0.036111111,1137,1582,26.36666667,,,,,,,,,,,,,,,
x39d29af,2022/4/12,33,4740,0.054861111,3197,2479,41.31666667,,,,,,,,,,,,,,,
x39d29af,2022/4/14,42,7320,0.084722222,1092,1285,21.41666667,,,,,,,,,,,,,,,
x39d29af,2022/4/15,37,7200,0.083333333,1068,1617,26.95,,,,,,,,,,,,,,,
x39d29af,2022/4/16,50,30480,0.352777778,1049,1964,32.73333333,,,,,,,,,,,,,,,
x39d29af,2022/4/17,36,1920,0.022222222,1107,1330,22.16666667,,,,,,,,,,,,,,,
x39d29af,2022/4/18,39,9180,0.10625,8661,9180,153,,,,,,,,,,,,,,,
x39d29af,2022/4/19,32,3600,0.041666667,10138,11650,194.1666667,,,,,,,,,,,,,,,
x39d29af,2022/4/20,30,4320,0.05,7220,7339,122.3166667,,,,,,,,,,,,,,,
x39d29af,2022/4/21,28,1080,0.0125,7344,6514,108.5666667,,,,,,,,,,,,,,,
x39d29af,2022/4/22,35,6360,0.073611111,6894,6909,115.15,,,,,,,,,,,,,,,
x39d29af,2022/4/23,37,7560,0.0875,6605,8380,139.6666667,,,,,,,,,,,,,,,
x39d29af,2022/4/24,39,10980,0.127083333,1389,2748,45.8,,,,,,,,,,,,,,,
x39d29af,2022/4/25,38,6420,0.074305556,9536,10473,174.55,,,,,,,,,,,,,,,
x39d29af,2022/4/26,38,7140,0.082638889,8805,8742,145.7,,,,,,,,,,,,,,,
x39d29af,2022/4/27,31,2640,0.030555556,5992,5885,98.08333333,,,,,,,,,,,,,,,
x39d29af,2022/4/28,23,1020,0.011805556,5662,5272,87.86666667,,,,,,,,,,,,,,,
x39d29af,2022/4/29,27,420,0.004861111,6529,5646,94.1,,,,,,,,,,,,,,,
x39d29af,2022/4/30,27,3660,0.042361111,1152,1728,28.8,,,,,,,,,,,,,,,
x39d29af,2022/5/1,41,10320,0.119444444,1395,2183,36.38333333,,,,,,,,,,,,,,,
x39d29af,2022/5/2,37,600,0.006944444,6103,5383,89.71666667,,,,,,,,,,,,,,,
x39d29af,2022/5/3,30,4080,0.047222222,6863,6290,104.8333333,,,,,,,,,,,,,,,
x39d29af,2022/5/4,26,240,0.002777778,1985,2698,44.96666667,,,,,,,,,,,,,,,
x39d29af,2022/5/5,15,,,78,260,4.333333333,,,,,,,,,,,,,,,
x39d29af,2022/5/20,41,7080,0.081944444,1749,2309,38.48333333,,,,,,,,,,,,,,,
x39d29af,2022/5/21,34,2340,0.027083333,1365,1904,31.73333333,,,,,,,,,,,,,,,
x39d29af,2022/5/22,28,480,0.005555556,1232,1756,29.26666667,,,,,,,,,,,,,,,
x39d29af,2022/5/23,28,1020,0.011805556,1007,1149,19.15,,,,,,,,,,,,,,,
x39d29af,2022/5/24,35,3480,0.040277778,1817,1971,32.85,,,,,,,,,,,,,,,
x39d29af,2022/5/25,34,5280,0.061111111,1490,2338,38.96666667,,,,,,,,,,,,,,,
x39d29af,2022/5/26,29,2160,0.025,1323,1754,29.23333333,,,,,,,,,,,,,,,
x39d29af,2022/5/27,41,13320,0.154166667,8327,7703,128.3833333,,,,,,,,,,,,,,,
x39d29af,2022/5/28,41,8520,0.098611111,1093,1907,31.78333333,,,,,,,,,,,,,,,
x39d29af,2022/5/29,42,,,100,27,0.45,,,,,,,,,,,,,,,
x437ff2e,2021/10/14,39,11220,0.129861111,8719,9497,158.2833333,25980,433,3240,54,5400,90,17340,60,0.124711316,0.207852194,0.002309469,79,91.6173913,,
x437ff2e,2021/10/15,45,12240,0.141666667,5764,7210,120.1666667,113580,1893,20520,342,3660,61,89400,1560,0.18066561,0.032223983,0.013734812,79,91.74255509,0.251054426,0.510316959
x437ff2e,2021/10/16,32,4560,0.052777778,4700,7380,123,83640,1394,4080,68,19140,319,60420,480,0.048780488,0.228837877,0.005738881,85,90.53556485,0.230194887,0.52876487
x437ff2e,2021/10/17,37,11760,0.136111111,9672,10076,167.9333333,31260,521,8940,149,0,0,22320,420,0.285988484,0,0.013435701,85,90.55230126,0.264163304,0.508214978
x437ff2e,2021/10/18,25,4680,0.054166667,1107,1457,24.28333333,87420,1457,13080,218,3840,64,70500,480,0.149622512,0.043925875,0.005490734,84,91.93914757,,
x437ff2e,2021/10/25,32,7500,0.086805556,5528,4466,74.43333333,31620,527,3960,66,5700,95,21960,0,0.125237192,0.180265655,0,83,90.12785388,,
x437ff2e,2021/10/26,37,5460,0.063194444,8208,8727,145.45,60900,1015,14280,238,3900,65,42720,840,0.234482759,0.064039409,0.013793103,77,88.5452381,0.261133212,0.517631609
x437ff2e,2021/10/27,40,12480,0.144444444,6986,7385,123.0833333,50760,846,14640,244,4740,79,31380,540,0.288416076,0.093380615,0.010638298,83,92,0.256052648,0.515572992
x437ff2e,2021/10/28,37,2460,0.028472222,7403,6698,111.6333333,71880,1198,16920,282,3840,64,51120,540,0.235392321,0.053422371,0.007512521,83,93.77162084,0.246603551,0.498995505
x437ff2e,2021/10/29,43,13260,0.153472222,9756,10477,174.6166667,57300,955,12660,211,1080,18,43560,540,0.220942408,0.018848168,0.009424084,84,92.21764706,0.261014449,0.527323736
x437ff2e,2021/10/30,-1,0,0,0,0,0,,,,,,,,,,,,,,0.313043478,0.373913043
x437ff2e,2021/10/31,52,540,0.00625,205,720,12,,,,,,,,,,,,,,,
x437ff2e,2021/11/1,66,240,0.002777778,234,480,8,,,,,,,,,,,,,,,
x437ff2e,2021/11/2,35,4380,0.050694444,6013,6241,104.0166667,100860,1681,27960,466,10860,181,62040,1320,0.277215943,0.107674004,0.013087448,85,92.28572495,0.264262279,0.513616687
x437ff2e,2021/11/3,38,12600,0.145833333,10951,9926,165.4333333,58440,974,12780,213,600,10,45060,0,0.218685832,0.01026694,0,86,92.83193277,0.251150935,0.500988374
x437ff2e,2021/11/4,26,1200,0.013888889,5960,5971,99.51666667,92400,1540,6540,109,15480,258,70380,780,0.070779221,0.167532468,0.008441558,85,93.66317992,0.260229519,0.48843079
x437ff2e,2021/11/5,29,4860,0.05625,8452,9168,152.8,24600,410,6180,103,0,0,18420,540,0.251219512,0,0.02195122,86,93.50295858,0.254195152,0.524005594
x437ff2e,2021/11/6,6,,,4187,75,1.25,31020,517,9120,152,2400,40,19500,120,0.294003868,0.077369439,0.003868472,86,93.41025641,,
x437ff2e,2021/11/7,13,1020,0.011805556,2962,3336,55.6,17160,286,4440,74,0,0,12720,540,0.258741259,0,0.031468531,86,93.40764331,,
x437ff2e,2021/11/8,42,1980,0.022916667,3344,3695,61.58333333,42240,704,2640,44,11460,191,28140,60,0.0625,0.271306818,0.001420455,87,95.51256281,0.096807181,0.455470969
x437ff2e,2021/11/9,23,1800,0.020833333,5981,6810,113.5,97020,1617,25740,429,2880,48,68400,1380,0.265306122,0.029684601,0.014223871,85,92.01914894,0.26621074,0.486018237
x437ff2e,2021/11/10,31,5820,0.067361111,14434,10553,175.8833333,,,,,,,,,,,,,,0.25939982,0.509618269
x437ff2e,2021/11/11,13,60,0.000694444,57,18,0.3,73260,1221,20760,346,3600,60,48900,120,0.283374283,0.049140049,0.001638002,82,91.94206009,0.496688285,0.496481303
x437ff2e,2021/11/16,72,14280,0.165277778,10360,10152,169.2,22740,379,22740,379,0,0,0,0,1,0,0,,,,
x437ff2e,2021/11/17,35,4440,0.051388889,8378,7866,131.1,56820,947,9660,161,4140,69,43020,1020,0.17001056,0.072861668,0.017951426,84,91.8377193,0.250215703,0.489829268
x437ff2e,2021/11/18,42,14940,0.172916667,6091,5373,89.55,49200,820,9060,151,2640,44,37500,180,0.184146341,0.053658537,0.003658537,83,92.66956522,0.238445508,0.527351212
x437ff2e,2021/11/19,28,3240,0.0375,4433,4290,71.5,57120,952,9960,166,4920,82,42240,780,0.174369748,0.086134454,0.013655462,87,91.2361809,0.239885519,0.520984046
x437ff2e,2021/11/20,81,300,0.003472222,4611,514,8.566666667,,,,,,,,,,,,,,,
x437ff2e,2021/11/21,59,1080,0.0125,3816,5274,87.9,,,,,,,,,,,,,,,
x437ff2e,2021/11/22,55,1200,0.013888889,4466,4774,79.56666667,,,,,,,,,,,,,,,
x437ff2e,2021/11/23,29,3420,0.039583333,11454,13459,224.3166667,132300,2205,10500,175,11580,193,110220,1920,0.079365079,0.087528345,0.014512472,85,94.03813559,0.234600568,0.542301312
x437ff2e,2021/11/24,36,8700,0.100694444,12244,12666,211.1,27000,450,9120,152,0,0,17880,300,0.337777778,0,0.011111111,88,95.60337553,0.266701283,0.524766681
x437ff2e,2021/11/25,35,3600,0.041666667,11059,9006,150.1,52500,875,9240,154,6540,109,36720,600,0.176,0.124571429,0.011428571,86,94.18367347,0.247451912,0.491429739
x437ff2e,2021/11/26,34,5700,0.065972222,9680,10828,180.4666667,87000,1450,16860,281,7320,122,62820,1140,0.193793103,0.084137931,0.013103448,88,94.12724248,0.25580903,0.53781824
x437ff2e,2021/11/27,27,2760,0.031944444,3894,3154,52.56666667,72540,1209,24120,402,1560,26,46860,1200,0.332506203,0.021505376,0.016542597,86,93.03109371,0.242546188,0.509429883
x437ff2e,2021/11/28,40,3660,0.042361111,4924,4585,76.41666667,68520,1142,17640,294,7200,120,43680,420,0.257443082,0.105078809,0.006129597,86,93.05676856,0.260771252,0.498967182
x437ff2e,2021/11/29,12,,,102,230,3.833333333,,,,,,,,,,,,,,,
x437ff2e,2021/11/30,,,,27,0,0,,,,,,,,,,,,,,,
x437ff2e,2022/3/7,26,1080,0.0125,9643,9496,158.2666667,,,,,,,,,,,,,,,
x437ff2e,2022/3/8,23,480,0.005555556,1416,1508,25.13333333,,,,,,,,,,,,,,0.259366894,0.482803343
x437ff2e,2022/3/9,24,2040,0.023611111,5992,5837,97.28333333,,,,,,,,,,,,,,0.262341273,0.501297122
x437ff2e,2022/3/10,28,3300,0.038194444,6197,5750,95.83333333,,,,,,,,,,,,,,0.249448233,0.492634842
x437ff2e,2022/3/11,32,4560,0.052777778,10921,10230,170.5,,,,,,,,,,,,,,0.268754428,0.475820629
x437ff2e,2022/3/12,52,60,0.000694444,235,185,3.083333333,,,,,,,,,,,,,,0.25053645,0.498927101
x437ff2e,2022/3/13,14,720,0.008333333,2739,2468,41.13333333,,,,,,,,,,,,,,0.245996759,0.496830768
x437ff2e,2022/3/14,70,4440,0.051388889,11,60,1,,,,,,,,,,,,,,,
x437ff2e,2022/3/17,39,1440,0.016666667,2809,2685,44.75,,,,,,,,,,,,,,,
x437ff2e,2022/3/18,18,180,0.002083333,2187,1930,32.16666667,,,,,,,,,,,,,,,
x437ff2e,2022/3/29,30,300,0.003472222,1767,2107,35.11666667,,,,,,,,,,,,,,,
x437ff2e,2022/3/30,40,22860,0.264583333,8031,8357,139.2833333,,,,,,,,,,,,,,0.269425378,0.516754919
x437ff2e,2022/3/31,25,1500,0.017361111,1191,1694,28.23333333,,,,,,,,,,,,,,0.254716313,0.4961632
x437ff2e,2022/4/1,45,120,0.001388889,26,53,0.883333333,,,,,,,,,,,,,,0.250153451,0.499693099
x437ff2e,2022/4/2,35,,,27,12,0.2,,,,,,,,,,,,,,0.250034727,0.499930546
x437ff2e,2022/4/3,29,2700,0.03125,4626,5266,87.76666667,,,,,,,,,,,,,,0.266226243,0.489659083
x437ff2e,2022/4/4,-1,,,182,0,0,,,,,,,,,,,,,,0.107806691,0.446096654
x437ff2e,2022/4/5,40,60,0.000694444,1489,1029,17.15,,,,,,,,,,,,,,,
x437ff2e,2022/4/18,20,,,606,934,15.56666667,,,,,,,,,,,,,,,
x437ff2e,2022/4/19,33,2400,0.027777778,5057,4615,76.91666667,,,,,,,,,,,,,,0.259362964,0.499101302
x437ff2e,2022/4/20,28,1920,0.022222222,8626,8654,144.2333333,,,,,,,,,,,,,,0.265184061,0.5063283
x437ff2e,2022/4/21,23,3120,0.036111111,8926,9491,158.1833333,,,,,,,,,,,,,,0.255830361,0.514522008
x437ff2e,2022/4/22,11,480,0.005555556,986,1007,16.78333333,,,,,,,,,,,,,,,
x437ff67,2021/10/13,21,120,0.001388889,3843,4795,79.91666667,35280,588,7260,121,3660,61,24360,120,0.205782313,0.103741497,0.003401361,88,92.8021978,0.20076343,0.400316544
x437ff67,2021/10/14,13,60,0.000694444,205,288,4.8,,,,,,,,,,,,,,0.248478725,0.500685154
x437ff67,2021/10/15,30,180,0.002083333,6317,5677,94.61666667,,,,,,,,,,,,,,0.227494023,0.534816595
x437ff67,2021/10/16,3,0,0,9,3,0.05,,,,,,,,,,,,,,0.250008681,0.499982638
x437ff67,2021/10/17,11,60,0.000694444,99,36,0.6,,,,,,,,,,,,,,0.250092631,0.500081052
x437ff67,2021/10/18,36,120,0.001388889,5928,5410,90.16666667,,,,,,,,,,,,,,0.340870962,0.385507764
x437ff67,2021/10/26,28,960,0.011111111,7519,7887,131.45,49680,828,2700,45,5340,89,41640,600,0.054347826,0.107487923,0.012077295,83,92.2739726,0.246715443,0.422685076
x437ff67,2021/10/27,28,1860,0.021527778,6219,5931,98.85,57360,956,13860,231,10260,171,33240,1620,0.241631799,0.178870293,0.028242678,86,92.03982301,0.225838522,0.534889212
x437ff67,2021/10/28,27,1200,0.013888889,10628,9701,161.6833333,52320,872,5880,98,6960,116,39480,1680,0.112385321,0.133027523,0.032110092,87,93.605,0.225960234,0.537679418
x437ff67,2021/10/29,24,900,0.010416667,5829,6152,102.5333333,,,,,,,,,,,,,,0.225700329,0.536835809
x437ff67,2021/10/30,23,0,0,641,814,13.56666667,,,,,,,,,,,,,,0.252377725,0.495361391
x437ff67,2021/10/31,14,0,0,1448,2348,39.13333333,111060,1851,7380,123,18120,302,85560,3060,0.066450567,0.163155051,0.027552674,82,91.99512463,0.254866035,0.503581116
x437ff67,2021/11/1,28,1560,0.018055556,6696,6573,109.55,34020,567,3120,52,7980,133,22920,60,0.091710758,0.234567901,0.001763668,83,92.55392157,0.228458071,0.53988223
x437ff67,2021/11/2,18,1140,0.013194444,2555,3358,55.96666667,47340,789,4320,72,7800,130,35220,1020,0.091254753,0.164765526,0.021546261,84,92.3989899,0.2403603,0.516919149
x437ff67,2021/11/3,29,1320,0.015277778,7122,7001,116.6833333,,,,,,,,,,,,,,0.222458721,0.53593874
x437ff67,2021/11/4,31,780,0.009027778,9501,8360,139.3333333,49200,820,8100,135,3480,58,37620,540,0.164634146,0.070731707,0.01097561,85,92.16055046,0.260227102,0.526294681
x437ff67,2021/11/5,17,120,0.001388889,7440,6331,105.5166667,,,,,,,,,,,,,,0.231351338,0.533389572
x437ff67,2021/11/6,18,780,0.009027778,704,828,13.8,,,,,,,,,,,,,,0.2514257,0.496155284
x437ff67,2021/11/7,20,300,0.003472222,235,444,7.4,53400,890,4680,78,6300,105,42420,1380,0.087640449,0.117977528,0.025842697,85,92.15204678,0.249546279,0.499162362
x437ff67,2021/11/8,43,3480,0.040277778,7594,7680,128,52560,876,10440,174,6420,107,35700,240,0.198630137,0.122146119,0.00456621,85,91.24698795,0.219824222,0.549912367
x437ff67,2021/11/9,22,60,0.000694444,6038,6414,106.9,50520,842,5220,87,7740,129,37560,0,0.103325416,0.153206651,0,86,94.32051282,0.237066175,0.523751432
x437ff67,2021/11/10,10,180,0.002083333,89,75,1.25,,,,,,,,,,,,,,,
x437ff67,2021/11/15,25,660,0.007638889,9859,9070,151.1666667,46320,772,5820,97,5940,99,34560,660,0.125647668,0.128238342,0.014248705,83,92.07046332,0.251832873,0.41182499
x437ff67,2021/11/16,19,900,0.010416667,1415,2275,37.91666667,55320,922,9180,153,6660,111,39480,1020,0.165943601,0.120390456,0.018438178,86,93.30705262,0.239060921,0.504178306
x437ff67,2021/11/17,27,300,0.003472222,6719,7286,121.4333333,70860,1181,4320,72,4020,67,62520,2220,0.060965284,0.056731583,0.031329382,83,92.55246914,0.226736102,0.540827161
x437ff67,2021/11/18,29,660,0.007638889,8940,8097,134.95,,,,,,,,,,,,,,0.236641703,0.533662529
x437ff67,2021/11/19,-1,,,0,0,0,,,,,,,,,,,,,,,
x437ff67,2021/11/20,18,,,470,566,9.433333333,,,,,,,,,,,,,,0.251648531,0.497367011
x437ff67,2021/11/21,13,60,0.000694444,313,400,6.666666667,28140,469,15600,260,0,0,12540,660,0.554371002,0,0.023454158,84,93.65822785,0.24894186,0.499895349
x437ff67,2021/11/22,33,2820,0.032638889,6017,5464,91.06666667,115980,1933,17580,293,18120,302,80280,2100,0.151577858,0.156233833,0.01810657,84,92.50261576,0.236174261,0.531963527
x437ff67,2021/11/23,22,420,0.004861111,7280,6321,105.35,23280,388,4320,72,0,0,18960,300,0.18556701,0,0.012886598,85,93.75,0.22669616,0.537172422
x437ff67,2021/11/24,20,120,0.001388889,8081,6657,110.95,69720,1162,7320,122,8160,136,54240,300,0.104991394,0.117039587,0.004302926,85,93.72,0.236386682,0.538395894
x437ff67,2021/11/25,32,1320,0.015277778,7813,6445,107.4166667,51840,864,16980,283,4320,72,30540,300,0.327546296,0.083333333,0.005787037,84,93.64529915,0.230737781,0.527795329
x437ff67,2021/11/26,35,960,0.011111111,7070,6667,111.1166667,,,,,,,,,,,,,,0.23033123,0.540303262
x437ff67,2021/11/27,13,,,144,168,2.8,64080,1068,12720,212,7560,126,43800,720,0.198501873,0.117977528,0.011235955,89,94.43783784,0.250487058,0.499025884
x437ff67,2021/11/28,21,420,0.004861111,3615,4945,82.41666667,47280,788,3900,65,2760,46,40620,720,0.08248731,0.058375635,0.015228426,83,92.79184549,0.211576944,0.523245964
x437ff67,2021/11/29,23,120,0.001388889,567,608,10.13333333,13200,220,0,0,0,0,13200,0,0,0,0,,,0.246293361,0.501934912
x437ff67,2021/11/30,36,2460,0.028472222,6793,5698,94.96666667,76740,1279,20220,337,10020,167,46500,2700,0.263487099,0.130570758,0.035183737,81,92.95632845,0.233104338,0.534522953
x437ff67,2021/12/1,31,720,0.008333333,10136,9552,159.2,,,,,,,,,,,,,,0.202419492,0.519480888
x437ff67,2022/3/8,20,240,0.002777778,15336,14257,237.6166667,,,,,,,,,,,,,,0.222566409,0.4315115
x437ff67,2022/3/9,35,3360,0.038888889,6727,7140,119,,,,,,,,,,,,,,0.254532828,0.52905303
x437ff67,2022/3/10,40,5820,0.067361111,11061,11838,197.3,,,,,,,,,,,,,,0.242646084,0.532439458
x437ff67,2022/3/11,43,8460,0.097916667,9727,9660,161,,,,,,,,,,,,,,0.241301513,0.540153886
x437ff67,2022/3/12,33,2580,0.029861111,8975,10085,168.0833333,,,,,,,,,,,,,,0.240154234,0.517370404
x437ff67,2022/3/13,43,9300,0.107638889,7466,9012,150.2,,,,,,,,,,,,,,0.232879,0.53165988
x437ff67,2022/3/14,41,3840,0.044444444,11017,11112,185.2,,,,,,,,,,,,,,0.236882555,0.546516778
x437ff67,2022/3/15,32,5100,0.059027778,8192,9307,155.1166667,,,,,,,,,,,,,,0.241018137,0.543365808
x437ff67,2022/3/16,34,3300,0.038194444,10226,10305,171.75,,,,,,,,,,,,,,0.233921576,0.552620891
x437ff67,2022/3/17,37,2160,0.025,8473,9020,150.3333333,,,,,,,,,,,,,,0.229368367,0.538299249
x437ff67,2022/3/18,41,5940,0.06875,11623,12851,214.1833333,,,,,,,,,,,,,,0.235524353,0.539762697
x437ff67,2022/3/19,29,1740,0.020138889,8145,8736,145.6,,,,,,,,,,,,,,0.244802678,0.522148394
x437ff67,2022/3/20,34,1320,0.015277778,6619,8633,143.8833333,,,,,,,,,,,,,,0.229596101,0.540833516
x437ff67,2022/3/21,37,7440,0.086111111,8944,10903,181.7166667,,,,,,,,,,,,,,0.229267388,0.546313099
x437ff67,2022/3/22,28,2700,0.03125,11207,10948,182.4666667,,,,,,,,,,,,,,0.243630114,0.541040174
x437ff67,2022/3/23,27,1500,0.017361111,6973,7965,132.75,,,,,,,,,,,,,,0.297796731,0.435583985
x437ff67,2022/3/28,47,8760,0.101388889,8613,9096,151.6,,,,,,,,,,,,,,,
x437ff67,2022/3/29,45,5400,0.0625,4792,6915,115.25,,,,,,,,,,,,,,0.237793294,0.527156067
x437ff67,2022/3/30,56,19440,0.225,12206,12266,204.4333333,,,,,,,,,,,,,,0.234846255,0.545079883
x437ff67,2022/3/31,35,1860,0.021527778,3653,4951,82.51666667,,,,,,,,,,,,,,0.255595526,0.509165245
x437ff67,2022/4/1,34,2700,0.03125,3935,5733,95.55,,,,,,,,,,,,,,0.234432916,0.514039198
x437ff67,2022/4/2,29,1500,0.017361111,5665,7484,124.7333333,,,,,,,,,,,,,,0.224377819,0.536925338
x437ff67,2022/4/3,33,3060,0.035416667,6611,7474,124.5666667,,,,,,,,,,,,,,0.239600981,0.541115635
x437ff67,2022/4/4,41,9000,0.104166667,8701,8718,145.3,,,,,,,,,,,,,,0.238710421,0.522182247
x437ff67,2022/4/5,44,9300,0.107638889,7344,11058,184.3,,,,,,,,,,,,,,0.188355985,0.55289395
x437ff67,2022/4/6,44,5640,0.065277778,10972,12094,201.5666667,,,,,,,,,,,,,,0.237682848,0.51992233
x437ff67,2022/4/7,38,3000,0.034722222,5651,6973,116.2166667,,,,,,,,,,,,,,0.247213265,0.524274433
x437ff67,2022/4/8,30,1680,0.019444444,5195,6869,114.4833333,,,,,,,,,,,,,,0.247438106,0.523242509
x437ff67,2022/4/9,20,720,0.008333333,4207,6835,113.9166667,,,,,,,,,,,,,,0.256444417,0.487639037
x437ff67,2022/4/10,20,900,0.010416667,3866,5355,89.25,,,,,,,,,,,,,,0.249478685,0.50923561
x437ff67,2022/4/11,34,5340,0.061805556,8042,9487,158.1166667,,,,,,,,,,,,,,0.244766547,0.524832232
x437ff67,2022/4/12,25,1080,0.0125,4918,7213,120.2166667,,,,,,,,,,,,,,0.257888209,0.482833349
x437ff67,2022/4/16,32,7680,0.088888889,7344,8679,144.65,,,,,,,,,,,,,,,
x437ff67,2022/4/17,22,960,0.011111111,2869,4385,73.08333333,,,,,,,,,,,,,,0.241151009,0.50571237
x437ff67,2022/4/18,29,1740,0.020138889,9680,11384,189.7333333,,,,,,,,,,,,,,0.217039575,0.555788484
x437ff67,2022/4/19,23,1320,0.015277778,3561,4440,74,,,,,,,,,,,,,,0.240434358,0.505844314
x437ff67,2022/4/20,28,2700,0.03125,8328,8301,138.35,,,,,,,,,,,,,,0.242666359,0.53999411
x437ff67,2022/4/21,29,2460,0.028472222,6583,7321,122.0166667,,,,,,,,,,,,,,0.230337008,0.530467356
x437ff67,2022/4/22,34,2220,0.025694444,10857,10826,180.4333333,,,,,,,,,,,,,,0.215075231,0.550321284
x437ff67,2022/4/23,27,1440,0.016666667,5227,8097,134.95,,,,,,,,,,,,,,0.252953271,0.493799727
x437ff67,2022/4/24,31,4380,0.050694444,10898,11964,199.4,,,,,,,,,,,,,,0.210991771,0.539048306
x437ff67,2022/4/25,34,2580,0.029861111,8512,10229,170.4833333,,,,,,,,,,,,,,0.231886151,0.526092607
x437ff67,2022/4/26,29,3900,0.045138889,6789,7384,123.0666667,,,,,,,,,,,,,,0.24487948,0.53233006
x437ff67,2022/4/27,30,1680,0.019444444,3822,5004,83.4,,,,,,,,,,,,,,0.238979802,0.511302767
x437ff67,2022/4/28,31,5820,0.067361111,4895,5104,85.06666667,,,,,,,,,,,,,,0.25784854,0.527790938
x437ff67,2022/4/29,25,1620,0.01875,3503,5066,84.43333333,,,,,,,,,,,,,,0.237637396,0.518688371
x437ff67,2022/4/30,31,3420,0.039583333,6601,7250,120.8333333,,,,,,,,,,,,,,0.256399242,0.526607707
x437ff67,2022/5/1,22,600,0.006944444,4603,6093,101.55,,,,,,,,,,,,,,0.243042325,0.518310982
x437ff67,2022/5/2,35,4080,0.047222222,3802,6143,102.3833333,,,,,,,,,,,,,,0.240813885,0.516366174
x437ff67,2022/5/3,36,8640,0.1,6196,6951,115.85,,,,,,,,,,,,,,0.242553836,0.529879272
x437ff67,2022/5/4,44,6000,0.069444444,5092,7098,118.3,,,,,,,,,,,,,,0.249416593,0.503218798
x437ff9d,2021/10/16,27,300,0.003472222,9775,8798,146.6333333,23160,386,4260,71,6060,101,12840,60,0.183937824,0.261658031,0.002590674,87,92.55399061,,
x437ff9d,2021/10/17,20,0,0,2036,1925,32.08333333,105180,1753,13860,231,25500,425,65820,8220,0.131774102,0.242441529,0.07815174,83,93.21505423,0.266770846,0.476684586
x437ff9d,2021/10/18,35,2880,0.033333333,8500,8582,143.0333333,36780,613,12420,207,6360,106,18000,0,0.337683524,0.172920065,0,83,92.83710407,0.252607469,0.520316261
x437ff9d,2021/10/19,11,0,0,54,120,2,,,,,,,,,,,,,,,
x437ff9d,2021/10/26,22,1140,0.013194444,6551,5497,91.61666667,65820,1097,3300,55,15000,250,47520,3780,0.050136737,0.227894257,0.057429353,82,91.44711538,0.171464058,0.386834594
x437ff9d,2021/10/27,37,8460,0.097916667,7544,6644,110.7333333,48060,801,14700,245,4260,71,29100,0,0.305867665,0.088639201,0,84,91.55963303,0.248945201,0.499535386
x437ff9d,2021/10/28,29,2460,0.028472222,8208,7268,121.1333333,58020,967,7440,124,18060,301,32520,2760,0.128231644,0.311271975,0.047569804,86,91.07848348,0.251010969,0.497561037
x437ff9d,2021/10/29,32,1920,0.022222222,9165,6990,116.5,77820,1297,11340,189,15840,264,50640,120,0.145720894,0.203546646,0.00154202,85,94.89880952,0.249653696,0.537602317
x437ff9d,2021/10/30,28,1080,0.0125,11891,10165,169.4166667,39780,663,9360,156,8760,146,21660,900,0.235294118,0.220211161,0.022624434,85,92.40711437,0.242219286,0.512186188
x437ff9d,2021/10/31,22,1200,0.013888889,3116,2870,47.83333333,94380,1573,18960,316,20280,338,55140,0,0.200890019,0.214876033,0,86,93.78063834,0.258410152,0.489225428
x437ff9d,2021/11/1,26,2160,0.025,14169,12208,203.4666667,45000,750,6060,101,10440,174,28500,60,0.134666667,0.232,0.001333333,85,93.5026178,0.265423436,0.49399525
x437ff9d,2021/11/2,18,300,0.003472222,3141,3066,51.1,71460,1191,8700,145,26040,434,36720,180,0.121746432,0.364399664,0.002518892,87,93.67231638,0.253917969,0.500995992
x437ff9d,2021/11/3,35,5280,0.061111111,7651,6783,113.05,99360,1656,7080,118,31560,526,60720,1140,0.071256039,0.31763285,0.01147343,87,95.50983916,0.249607496,0.50575882
x437ff9d,2021/11/4,28,1500,0.017361111,7617,6392,106.5333333,89340,1489,10440,174,25800,430,53100,780,0.116856951,0.288784419,0.008730692,86,94.42990654,0.269591249,0.47780669
x437ff9d,2021/11/5,29,960,0.011111111,7855,7146,119.1,61680,1028,9240,154,9840,164,42600,0,0.149805447,0.159533074,0,89,94.958159,0.250788604,0.509072097
x437ff9d,2021/11/6,30,1380,0.015972222,5646,5290,88.16666667,45300,755,13260,221,6360,106,25680,0,0.292715232,0.140397351,0,88,94.91041667,0.239822463,0.503772654
x437ff9d,2021/11/7,19,60,0.000694444,8856,6572,109.5333333,100260,1671,11040,184,43440,724,45780,60,0.110113704,0.433273489,0.000598444,87,94.20653755,0.261230505,0.481124893
x437ff9d,2021/11/8,28,1680,0.019444444,6442,4861,81.01666667,109560,1826,9060,151,30960,516,69540,120,0.082694414,0.282584885,0.00109529,84,93.86586292,0.250890008,0.511388413
x437ff9d,2021/11/9,22,300,0.003472222,2708,2476,41.26666667,50940,849,10680,178,10020,167,30240,120,0.209658422,0.196702002,0.002355713,88,93.7465847,0.248381429,0.496750824
x437ff9d,2021/11/10,29,4020,0.046527778,7867,6743,112.3833333,87060,1451,11580,193,16740,279,58740,1500,0.133011716,0.192281185,0.017229497,87,93.49944934,0.254576197,0.496816837
x437ff9d,2021/11/11,8,,,253,165,2.75,,,,,,,,,,,,,,,
x437ff9d,2021/11/16,28,1140,0.013194444,4017,4074,67.9,92580,1543,2280,38,23520,392,66780,4080,0.024627349,0.254050551,0.044069994,85,94.81015281,,
x437ff9d,2021/11/17,32,3480,0.040277778,8421,7347,122.45,25920,432,9540,159,0,0,16380,0,0.368055556,0,0,,,0.253031931,0.484942688
x437ff9d,2021/11/18,37,4140,0.047916667,9693,8132,135.5333333,56160,936,9420,157,13500,225,33240,300,0.167735043,0.240384615,0.00534188,87,95.77065527,0.249781179,0.500287593
x437ff9d,2021/11/19,44,780,0.009027778,6313,5414,90.23333333,,,,,,,,,,,,,,0.237971359,0.50755184
x437ff9d,2021/11/20,24,720,0.008333333,9090,7007,116.7833333,71640,1194,8460,141,19020,317,44160,1440,0.118090452,0.265494137,0.020100503,88,93.06624468,0.257651614,0.502780685
x437ff9d,2021/11/21,18,540,0.00625,6458,5243,87.38333333,86460,1441,14700,245,22080,368,49680,1080,0.170020819,0.25537821,0.012491325,84,92.52838428,0.258002377,0.530126962
x437ff9d,2021/11/22,28,2880,0.033333333,9470,8064,134.4,144960,2416,28800,480,26400,440,89760,240,0.198675497,0.182119205,0.001655629,87,92.92543126,0.262778288,0.500523386
x437ff9d,2021/11/23,23,180,0.002083333,11626,10717,178.6166667,122760,2046,15720,262,34500,575,72540,1260,0.128054741,0.281036168,0.01026393,88,95.45386317,0.25337262,0.508462931
x437ff9d,2021/11/24,23,4140,0.047916667,6781,6102,101.7,92340,1539,19020,317,29220,487,44100,1020,0.205977908,0.316439246,0.011046134,88,93.60416667,0.243400928,0.501677521
x437ff9d,2021/11/25,39,2340,0.027083333,7017,5606,93.43333333,78840,1314,14460,241,15180,253,49200,180,0.183409437,0.192541857,0.002283105,87,93.62928349,0.250204223,0.500594104
x437ff9d,2021/11/26,39,300,0.003472222,8070,6276,104.6,,,,,,,,,,,,,,0.253007838,0.505541411
x437ff9d,2021/11/27,46,2640,0.030555556,4727,4004,66.73333333,,,,,,,,,,,,,,0.243749697,0.502002524
x437ff9d,2021/11/28,25,960,0.011111111,9592,8385,139.75,83820,1397,23040,384,13860,231,46920,0,0.274874732,0.165354331,0,87,94.96778711,0.249272576,0.500506313
x437ff9d,2021/11/29,33,3660,0.042361111,9555,7299,121.65,87000,1450,9360,156,31200,520,46440,1200,0.107586207,0.35862069,0.013793103,86,91.6373057,0.251248404,0.510398099
x437ff9d,2021/11/30,26,600,0.006944444,2058,1928,32.13333333,72840,1214,20760,346,12900,215,39180,180,0.285008237,0.177100494,0.00247117,86,91.78011204,0.253042428,0.494424188
x437ff9d,2021/12/1,19,420,0.004861111,7018,4920,82,44580,743,8760,146,11160,186,24660,300,0.196500673,0.250336474,0.006729475,85,95.62085546,0.235112911,0.505743741
x437ff9d,2021/12/2,49,1320,0.015277778,8727,7128,118.8,,,,,,,,,,,,,,0.257505803,0.482919568
x437ff9d,2021/12/3,8,,,26,45,0.75,,,,,,,,,,,,,,,
x437ff9d,2022/3/8,16,120,0.001388889,2027,1852,30.86666667,,,,,,,,,,,,,,0.206175299,0.395533252
x437ff9d,2022/3/9,20,2100,0.024305556,7164,5366,89.43333333,,,,,,,,,,,,,,0.256395537,0.502670527
x437ff9d,2022/3/10,35,1980,0.022916667,6874,6517,108.6166667,,,,,,,,,,,,,,0.248338195,0.511573176
x437ff9d,2022/3/11,25,1620,0.01875,5828,4377,72.95,,,,,,,,,,,,,,0.244541165,0.511893006
x437ff9d,2022/3/12,37,2520,0.029166667,8175,7166,119.4333333,,,,,,,,,,,,,,0.252770275,0.48968877
x437ff9d,2022/3/13,23,1560,0.018055556,9428,7588,126.4666667,,,,,,,,,,,,,,0.235281429,0.519222961
x437ff9d,2022/3/14,35,720,0.008333333,7983,6746,112.4333333,,,,,,,,,,,,,,0.248587642,0.515077711
x437ff9d,2022/3/15,13,120,0.001388889,2711,2643,44.05,,,,,,,,,,,,,,0.248908034,0.504205422
x437ff9d,2022/3/16,33,900,0.010416667,6754,5797,96.61666667,,,,,,,,,,,,,,0.265759339,0.503058199
x437ff9d,2022/3/17,23,480,0.005555556,6801,5209,86.81666667,,,,,,,,,,,,,,0.250409528,0.506336909
x437ff9d,2022/3/18,52,,,15,60,1,,,,,,,,,,,,,,0.250173732,0.499652536
x437ff9d,2022/3/19,25,1080,0.0125,18171,13404,223.4,,,,,,,,,,,,,,0.216409021,0.514470585
x437ff9d,2022/3/20,12,420,0.004861111,4446,3465,57.75,,,,,,,,,,,,,,0.239018508,0.502706939
x437ff9d,2022/3/21,18,600,0.006944444,6143,5704,95.06666667,,,,,,,,,,,,,,0.244150887,0.506654605
x437ff9d,2022/3/22,12,,,3301,3140,52.33333333,,,,,,,,,,,,,,0.257050204,0.497645928
x437ff9d,2022/3/23,10,120,0.001388889,273,612,10.2,,,,,,,,,,,,,,,
x437ff9d,2022/3/29,21,180,0.002083333,577,618,10.3,,,,,,,,,,,,,,0.171217029,0.415529076
x437ff9d,2022/3/30,23,960,0.011111111,10011,7444,124.0666667,,,,,,,,,,,,,,0.260702163,0.514945033
x437ff9d,2022/3/31,51,4560,0.052777778,21820,21525,358.75,,,,,,,,,,,,,,0.261132833,0.527864413
x437ff9d,2022/4/1,26,720,0.008333333,5201,6542,109.0333333,,,,,,,,,,,,,,0.292217852,0.448218329
x437ff9d,2022/4/2,20,540,0.00625,5511,4842,80.7,,,,,,,,,,,,,,0.236714976,0.502378675
x437ff9d,2022/4/3,18,120,0.001388889,2876,2615,43.58333333,,,,,,,,,,,,,,0.257802709,0.504792027
x437ff9d,2022/4/4,-1,,,1816,1172,19.53333333,,,,,,,,,,,,,,0.253437837,0.493124325
x437ff9d,2022/4/5,12,,,1586,1194,19.9,,,,,,,,,,,,,,0.252094923,0.49525855
x437ff9d,2022/4/6,15,660,0.007638889,7931,6282,104.7,,,,,,,,,,,,,,0.250530468,0.483574228
x437ff9d,2022/4/7,19,660,0.007638889,3774,3899,64.98333333,,,,,,,,,,,,,,0.259512006,0.495436419
x437ff9d,2022/4/8,32,480,0.005555556,1169,1527,25.45,,,,,,,,,,,,,,0.253072237,0.501160558
x437ff9d,2022/4/9,26,1080,0.0125,8657,6921,115.35,,,,,,,,,,,,,,0.24523459,0.517142893
x437ff9d,2022/4/10,22,1560,0.018055556,5517,5045,84.08333333,,,,,,,,,,,,,,0.242812366,0.512285662
x437ff9d,2022/4/11,26,480,0.005555556,893,1087,18.11666667,,,,,,,,,,,,,,0.250360437,0.502514271
x437ff9d,2022/4/12,26,2340,0.027083333,2522,2462,41.03333333,,,,,,,,,,,,,,0.254900318,0.506198693
x437ff9d,2022/4/13,41,240,0.002777778,0,0,0,,,,,,,,,,,,,,,
x437ff9d,2022/4/17,21,1740,0.020138889,5076,4286,71.43333333,,,,,,,,,,,,,,0.208240427,0.387901115
x437ff9d,2022/4/18,29,1500,0.017361111,7055,5799,96.65,,,,,,,,,,,,,,0.248768626,0.508542078
x437ff9d,2022/4/19,20,180,0.002083333,817,1145,19.08333333,,,,,,,,,,,,,,0.251926573,0.501859128
x437ff9d,2022/4/20,34,6720,0.077777778,6884,5703,95.05,,,,,,,,,,,,,,0.265226712,0.496858619
x437ff9d,2022/4/21,34,2820,0.032638889,6858,5363,89.38333333,,,,,,,,,,,,,,0.252168762,0.501511655
x437ff9d,2022/4/22,36,1560,0.018055556,7386,5959,99.31666667,,,,,,,,,,,,,,0.246625136,0.497035635
x437ff9d,2022/4/23,25,1500,0.017361111,3569,3356,55.93333333,,,,,,,,,,,,,,0.229950388,0.511391551
x437ff9d,2022/4/24,26,540,0.00625,2614,2586,43.1,,,,,,,,,,,,,,0.257713508,0.485825757
x437ff9d,2022/4/25,25,60,0.000694444,1597,2368,39.46666667,,,,,,,,,,,,,,0.258251937,0.48652745
x437ff9d,2022/4/26,28,3720,0.043055556,760,1026,17.1,,,,,,,,,,,,,,0.252184506,0.500843348
x437ff9d,2022/4/27,26,4860,0.05625,5383,4651,77.51666667,,,,,,,,,,,,,,0.260969553,0.504862445
x437ff9d,2022/4/28,28,540,0.00625,4439,3980,66.33333333,,,,,,,,,,,,,,0.257716574,0.514450376
x437ff9d,2022/4/29,24,1020,0.011805556,6413,5323,88.71666667,,,,,,,,,,,,,,0.229830901,0.514806912
x437ff9d,2022/4/30,20,180,0.002083333,6649,5433,90.55,,,,,,,,,,,,,,0.238121704,0.506799066
x437ff9d,2022/5/1,18,300,0.003472222,7231,10197,169.95,,,,,,,,,,,,,,0.280043003,0.509911634
x437ff9d,2022/5/2,27,660,0.007638889,11605,9295,154.9166667,,,,,,,,,,,,,,0.255344279,0.4961516
x437ff9d,2022/5/3,19,1080,0.0125,5421,4368,72.8,,,,,,,,,,,,,,0.242563878,0.494489955
x437ff9d,2022/5/4,18,240,0.002777778,457,513,8.55,,,,,,,,,,,,,,0.248859486,0.500904244
x437ff9d,2022/5/20,34,1560,0.018055556,6658,5268,87.8,,,,,,,,,,,,,,,
x437ff9d,2022/5/21,23,1020,0.011805556,8790,6675,111.25,,,,,,,,,,,,,,0.248979848,0.479816687
x437ff9d,2022/5/22,22,1860,0.021527778,4894,4651,77.51666667,,,,,,,,,,,,,,0.234583909,0.501192675
x437ff9d,2022/5/23,22,720,0.008333333,1433,1938,32.3,,,,,,,,,,,,,,0.252148895,0.494612962
x437ff9d,2022/5/24,21,780,0.009027778,1706,1943,32.38333333,,,,,,,,,,,,,,0.246148928,0.502314787
x437ff9d,2022/5/25,24,1020,0.011805556,935,1617,26.95,,,,,,,,,,,,,,0.251795761,0.494320795
x437ff9d,2022/5/26,24,600,0.006944444,1872,3172,52.86666667,,,,,,,,,,,,,,0.258086221,0.487155765
x437ff9d,2022/5/27,36,6180,0.071527778,8044,7483,124.7166667,,,,,,,,,,,,,,0.242895779,0.515028776
x437ff9d,2022/5/28,31,2700,0.03125,4743,4002,66.7,,,,,,,,,,,,,,0.243998641,0.496613995
x437ff9d,2022/5/29,35,,,0,0,0,,,,,,,,,,,,,,,
x437ffe0,2021/10/16,34,4200,0.048611111,15252,13819,230.3166667,28620,477,60,1,15180,253,13380,180,0.002096436,0.530398323,0.006289308,85,93.87817259,0.188162714,0.382639291
x437ffe0,2021/10/17,32,3180,0.036805556,9853,10150,169.1666667,92520,1542,7620,127,26040,434,58860,1800,0.082360571,0.281452659,0.019455253,79,94.00354532,0.279446297,0.459944733
x437ffe0,2021/10/18,40,6720,0.077777778,2991,3576,59.6,70740,1179,11100,185,11700,195,47940,1740,0.156912638,0.165394402,0.024597116,88,93.92431562,0.262168199,0.477455717
x437ffe0,2021/10/25,39,4800,0.055555556,5027,6077,101.2833333,59820,997,4320,72,15540,259,39960,1860,0.07221665,0.259779338,0.03109328,81,95.27966102,0.018300587,0.505807895
x437ffe0,2021/10/26,42,9960,0.115277778,8167,13000,216.6666667,42720,712,10860,181,3240,54,28620,420,0.254213483,0.075842697,0.009831461,83,89.14285714,0.184068124,0.57720542
x437ffe0,2021/10/27,35,6600,0.076388889,14522,11530,192.1666667,75840,1264,13140,219,16080,268,46620,900,0.173259494,0.212025316,0.011867089,84,94.69035533,0.260013115,0.480131148
x437ffe0,2021/10/28,34,3840,0.044444444,5455,6360,106,60660,1011,10200,170,6300,105,44160,840,0.168150346,0.103857567,0.013847676,79,89.42029037,0.249628757,0.506541554
x437ffe0,2021/10/29,37,6540,0.075694444,4787,5122,85.36666667,86340,1439,15420,257,11160,186,59760,1380,0.178596247,0.129256428,0.015983322,86,94.53687316,0.247766923,0.502165408
x437ffe0,2021/10/30,30,780,0.009027778,14484,13343,222.3833333,145620,2427,13560,226,39480,658,92580,2220,0.093119077,0.271116605,0.015245159,85,93.4358934,0.271781904,0.533002475
x437ffe0,2021/10/31,21,1500,0.017361111,15403,14466,241.1,26580,443,11820,197,0,0,14760,960,0.44469526,0,0.036117381,85,92.61788618,0.264862515,0.521696011
x437ffe0,2021/11/1,27,1800,0.020833333,5009,6416,106.9333333,105480,1758,12360,206,25080,418,68040,1800,0.117178612,0.237770193,0.017064846,83,89.64597058,0.249261799,0.501914319
x437ffe0,2021/11/2,28,4020,0.046527778,4656,4445,74.08333333,53940,899,11040,184,7380,123,35520,1140,0.204671858,0.136818687,0.021134594,84,91.33337437,0.254115063,0.516734793
x437ffe0,2021/11/3,32,5100,0.059027778,7590,7174,119.5666667,57180,953,12960,216,10140,169,34080,540,0.226652676,0.177334732,0.009443861,89,94.15540541,0.253308437,0.523923505
x437ffe0,2021/11/4,32,3360,0.038888889,4187,4415,73.58333333,98040,1634,17220,287,15780,263,65040,2280,0.175642595,0.160954712,0.023255814,83,88.67948718,0.25235104,0.500652558
x437ffe0,2021/11/5,38,9420,0.109027778,8614,8681,144.6833333,49020,817,15060,251,8340,139,25620,60,0.307221542,0.170134639,0.00122399,84,93.8516129,0.259316264,0.509554306
x437ffe0,2021/11/6,45,6660,0.077083333,15431,16434,273.9,69900,1165,23460,391,5160,86,41280,15180,0.335622318,0.073819742,0.217167382,85,91.33884298,0.284426113,0.502944105
x437ffe0,2021/11/7,41,8700,0.100694444,9282,9707,161.7833333,71760,1196,21960,366,6660,111,43140,3600,0.306020067,0.092809365,0.050167224,84,93.08382066,0.250848924,0.506116188
x437ffe0,2021/11/8,36,4980,0.057638889,4826,5849,97.48333333,100860,1681,17340,289,25980,433,57540,540,0.171921475,0.257584771,0.005353956,87,96.48894085,0.237278246,0.522315055
x437ffe0,2021/11/9,27,2100,0.024305556,4386,4700,78.33333333,117540,1959,25740,429,21600,360,70200,2760,0.21898928,0.183767228,0.023481368,85,91.67554139,0.247341803,0.519551005
x437ffe0,2021/11/10,36,6240,0.072222222,13347,7853,130.8833333,127200,2120,38280,638,9960,166,78960,4500,0.300943396,0.078301887,0.035377358,83,95.38888889,0.282746375,0.435443958
x437ffe0,2021/11/17,39,6480,0.075,4180,5431,90.51666667,31320,522,1080,18,5580,93,24660,420,0.034482759,0.17816092,0.013409962,81,92.4084507,,
x437ffe0,2021/11/18,40,7680,0.088888889,4674,5462,91.03333333,49620,827,8340,139,11460,191,29820,300,0.168077388,0.23095526,0.006045949,85,93.48302477,0.233796239,0.520077096
x437ffe0,2021/11/19,41,9480,0.109722222,10430,10770,179.5,109200,1820,6420,107,12120,202,90660,600,0.058791209,0.110989011,0.005494505,85,91.38636364,0.261910488,0.47512358
x437ffe0,2021/11/20,31,1200,0.013888889,3446,4715,78.58333333,97680,1628,20160,336,10560,176,66960,600,0.206388206,0.108108108,0.006142506,87,92.85501759,0.261492318,0.49629675
x437ffe0,2021/11/21,33,5940,0.06875,16779,15063,251.05,132300,2205,30360,506,20040,334,81900,9000,0.229478458,0.151473923,0.068027211,81,90.89488342,0.292658099,0.471137125
x437ffe0,2021/11/22,30,4620,0.053472222,604,1322,22.03333333,279960,4666,29880,498,52740,879,197340,15540,0.106729533,0.188384055,0.05550793,84,93.33768457,0.253179435,0.498248666
x437ffe0,2021/11/23,33,2940,0.034027778,2213,2792,46.53333333,60480,1008,20760,346,0,0,39720,720,0.343253968,0,0.011904762,84,93.14792899,0.25476031,0.502703091
x437ffe0,2021/11/24,40,7980,0.092361111,4962,6645,110.75,108060,1801,19020,317,20640,344,68400,1440,0.176013326,0.191004997,0.01332593,86,93.25818078,0.251269513,0.52858128
x437ffe0,2021/11/25,41,11580,0.134027778,6449,7873,131.2166667,71280,1188,12300,205,9420,157,49560,360,0.172558923,0.132154882,0.005050505,83,91.82493386,0.248321293,0.511320923
x437ffe0,2021/11/26,46,7440,0.086111111,12417,11557,192.6166667,71520,1192,12540,209,10800,180,48180,3720,0.17533557,0.151006711,0.052013423,89,94.52252106,0.261796264,0.492899722
x437ffe0,2021/11/27,37,8640,0.1,14838,15518,258.6333333,88920,1482,20940,349,7800,130,60180,1500,0.235492578,0.087719298,0.016869096,80,94.35243056,0.290517382,0.486875034
x437ffe0,2021/11/28,35,8580,0.099305556,12061,12528,208.8,136080,2268,15180,253,20520,342,100380,2460,0.111552028,0.150793651,0.018077601,82,94.02470276,0.291585445,0.481941737
x437ffe0,2021/11/29,51,18300,0.211805556,11103,10051,167.5166667,125880,2098,20760,346,18420,307,86700,1200,0.16491897,0.146329838,0.009532888,82,91.69000985,0.25446949,0.490262079
x437ffe0,2021/11/30,35,3660,0.042361111,4397,4612,76.86666667,133860,2231,7920,132,30240,504,95700,960,0.059166293,0.225907665,0.007171672,85,94.22082116,0.252799922,0.509255637
x437ffe0,2021/12/1,31,840,0.009722222,1115,1534,25.56666667,57240,954,15780,263,6660,111,34800,660,0.275681342,0.116352201,0.011530398,89,97.35526316,0.244738765,0.504831146
x437ffe0,2021/12/2,41,8400,0.097222222,5196,6505,108.4166667,37200,620,9900,165,3780,63,23520,60,0.266129032,0.101612903,0.001612903,91,96.4809013,0.269157315,0.453418833
x437ffe0,2022/3/6,23,1320,0.015277778,7606,10952,182.5333333,,,,,,,,,,,,,,,
x437ffe0,2022/3/7,26,3780,0.04375,5897,6264,104.4,,,,,,,,,,,,,,0.236389182,0.524825631
x437ffe0,2022/3/8,15,60,0.000694444,1157,1774,29.56666667,,,,,,,,,,,,,,0.255467942,0.494297166
x437ffe0,2022/3/9,23,1620,0.01875,6095,5843,97.38333333,,,,,,,,,,,,,,0.243467359,0.517683131
x437ffe0,2022/3/10,30,6000,0.069444444,7088,10419,173.65,,,,,,,,,,,,,,0.262554317,0.53350697
x437ffe0,2022/3/11,34,2760,0.031944444,5200,8022,133.7,,,,,,,,,,,,,,0.251001557,0.492497895
x437ffe0,2022/3/12,28,1800,0.020833333,15364,14021,233.6833333,,,,,,,,,,,,,,0.29259787,0.492299342
x437ffe0,2022/3/13,23,1320,0.015277778,10164,10689,178.15,,,,,,,,,,,,,,0.284502912,0.493138381
x437ffe0,2022/3/14,36,8280,0.095833333,7360,10140,169,,,,,,,,,,,,,,0.25752236,0.479001468
x437ffe0,2022/3/15,20,420,0.004861111,2259,2188,36.46666667,,,,,,,,,,,,,,0.256436137,0.49772004
x437ffe0,2022/3/16,30,6240,0.072222222,2896,3152,52.53333333,,,,,,,,,,,,,,0.259465693,0.492612435
x437ffe0,2022/3/17,39,11940,0.138194444,5882,8606,143.4333333,,,,,,,,,,,,,,0.272157332,0.515231133
x437ffe0,2022/3/18,45,,,0,0,0,,,,,,,,,,,,,,,
x438000e,2021/10/8,-1,0,0,5669,4477,74.61666667,,,,,,,,,,,,,,0.241702574,0.505499066
x438000e,2021/10/9,-1,0,0,0,0,0,,,,,,,,,,,,,,0.25,0.5
x438000e,2021/10/10,-1,0,0,0,0,0,,,,,,,,,,,,,,0.25,0.5
x438000e,2021/10/11,-1,0,0,0,0,0,,,,,,,,,,,,,,0.25,0.5
x438000e,2021/10/12,-1,0,0,0,0,0,,,,,,,,,,,,,,0.25,0.5
x438000e,2021/10/13,-1,0,0,0,0,0,,,,,,,,,,,,,,0.25,0.5
x438000e,2021/10/14,-1,0,0,0,0,0,,,,,,,,,,,,,,0.25,0.5
x438000e,2021/10/15,74,14460,0.167361111,12518,11776,196.2666667,,,,,,,,,,,,,,0.260965854,0.53550145
x438000e,2021/10/16,28,3420,0.039583333,2115,2868,47.8,74040,1234,28440,474,6780,113,38820,1560,0.384116694,0.091572123,0.021069692,84,90.33191489,0.251113346,0.504573098
x438000e,2021/10/19,44,17280,0.2,8765,8000,133.3333333,64920,1082,27540,459,5460,91,31920,1980,0.424214418,0.084103512,0.030499076,87,93.58932946,,
x438000e,2021/10/20,41,10380,0.120138889,12651,12672,211.2,,,,,,,,,,,,,,0.256558828,0.489591716
x438000e,2021/10/21,40,11700,0.135416667,8657,8666,144.4333333,43260,721,15420,257,8940,149,18900,540,0.356449376,0.20665742,0.012482663,89,94.04166667,0.240911313,0.503923637
x438000e,2021/10/22,47,15060,0.174305556,10140,8957,149.2833333,51480,858,30600,510,0,0,20880,960,0.594405594,0,0.018648019,81,93.85019841,0.250866887,0.51977021
x438000e,2021/10/23,38,7020,0.08125,7749,10018,166.9666667,,,,,,,,,,,,,,0.273677044,0.525987798
x438000e,2021/10/24,66,6420,0.074305556,12812,16291,271.5166667,,,,,,,,,,,,,,0.231099816,0.579748426
x438000e,2021/10/25,41,10560,0.122222222,7781,7669,127.8166667,46860,781,13380,223,6660,111,26820,300,0.28553137,0.14212548,0.006402049,93,94.88,0.25571884,0.501873468
x438000e,2021/10/26,42,15120,0.175,8127,7068,117.8,85920,1432,30060,501,6900,115,48960,2220,0.349860335,0.080307263,0.025837989,85,94.64191134,0.245092845,0.515730649
x438000e,2021/10/27,49,16080,0.186111111,6675,7748,129.1333333,,,,,,,,,,,,,,0.242956314,0.504208412
x438000e,2021/10/28,43,9780,0.113194444,9648,8641,144.0166667,58620,977,9900,165,16500,275,32220,840,0.16888434,0.2814739,0.01432958,83,91.87341772,0.248794352,0.502192672
x438000e,2021/10/29,43,10020,0.115972222,9295,8581,143.0166667,42180,703,15120,252,4920,82,22140,1200,0.358463727,0.116642959,0.028449502,87,92.89954338,0.245454195,0.524332104
x438000e,2021/10/30,38,7560,0.0875,3262,4694,78.23333333,36060,601,9780,163,2460,41,23820,4080,0.271214642,0.068219634,0.113144759,91,94.30538922,0.252906763,0.518248354
x438000e,2021/10/31,-1,,,0,0,0,,,,,,,,,,,,,,0.25,0.5
x438000e,2021/11/1,40,8520,0.098611111,15217,15405,256.75,45900,765,19860,331,8100,135,17940,900,0.432679739,0.176470588,0.019607843,83,93.44155844,0.266547552,0.491018699
x438000e,2021/11/2,35,8100,0.09375,8152,8097,134.95,43980,733,14580,243,6900,115,22500,0,0.331514325,0.156889495,0,89,93.04989692,0.247002031,0.515995556
x438000e,2021/11/3,53,23640,0.273611111,12058,13103,218.3833333,16200,270,6540,109,0,0,9660,480,0.403703704,0,0.02962963,87,90.97109827,0.259583553,0.497682652
x438000e,2021/11/4,50,16560,0.191666667,10849,10211,170.1833333,16680,278,11040,184,0,0,5640,300,0.661870504,0,0.017985612,83,89.09625668,0.247791676,0.49188203
x438000e,2021/11/5,43,12300,0.142361111,8458,8557,142.6166667,21240,354,11160,186,0,0,10080,480,0.525423729,0,0.02259887,88,93.6125,0.238955333,0.531415798
x438000e,2021/11/6,34,2940,0.034027778,2738,3607,60.11666667,14940,249,4560,76,0,0,10380,120,0.305220884,0,0.008032129,,,0.249936589,0.503146401
x438000e,2021/11/7,13,240,0.002777778,150,327,5.45,19560,326,12420,207,0,0,7140,300,0.634969325,0,0.015337423,83,91.16783217,,
x438000e,2021/11/17,64,9000,0.104166667,8748,7269,121.15,,,,,,,,,,,,,,0.176045865,0.378602065
x438000e,2021/11/18,48,16680,0.193055556,9085,9349,155.8166667,31380,523,8040,134,5100,85,18240,540,0.256214149,0.162523901,0.017208413,81,91.26438217,0.236220166,0.513179582
x438000e,2021/11/19,44,8340,0.096527778,9328,8611,143.5166667,38220,637,13800,230,5520,92,18900,360,0.361067504,0.144427002,0.009419152,81,91.56872038,0.249364918,0.501760177
x438000e,2021/11/20,-1,,,0,0,0,,,,,,,,,,,,,,0.25,0.5
x438000e,2021/11/21,23,4260,0.049305556,3781,3664,61.06666667,49260,821,12060,201,6420,107,30780,240,0.244823386,0.130328867,0.004872107,79,93.67603504,0.237333204,0.501595436
x438000e,2021/11/22,-1,,,0,0,0,,,,,,,,,,,,,,,
x438000e,2021/12/24,-1,,,0,0,0,,,,,,,,,,,,,,0.25,0.5
x438000e,2021/12/25,-1,,,0,0,0,,,,,,,,,,,,,,0.25,0.5
x438000e,2021/12/26,-1,,,0,0,0,,,,,,,,,,,,,,0.25,0.5
x438000e,2021/12/27,-1,,,0,0,0,,,,,,,,,,,,,,0.25,0.5
x438000e,2021/12/28,-1,,,0,0,0,,,,,,,,,,,,,,0.25,0.5
x438000e,2021/12/29,-1,,,0,0,0,,,,,,,,,,,,,,,
x438000e,2022/2/24,25,,,5809,4230,70.5,,,,,,,,,,,,,,,
x438000e,2022/2/25,-1,,,0,0,0,,,,,,,,,,,,,,0.25,0.5
x438000e,2022/2/26,-1,,,0,0,0,,,,,,,,,,,,,,0.25,0.5
x438000e,2022/2/27,-1,,,0,0,0,,,,,,,,,,,,,,0.25,0.5
x438000e,2022/2/28,-1,,,0,0,0,,,,,,,,,,,,,,0.25,0.5
x438000e,2022/3/1,-1,,,0,0,0,,,,,,,,,,,,,,,
x438000e,2022/3/2,-1,,,0,0,0,,,,,,,,,,,,,,0.25,0.5
x438000e,2022/3/3,43,180,0.002083333,1804,1311,21.85,,,,,,,,,,,,,,,
x438000e,2022/3/10,56,4080,0.047222222,6370,6334,105.5666667,,,,,,,,,,,,,,0.019064767,0.467748769
x438000e,2022/3/11,-1,,,0,0,0,,,,,,,,,,,,,,0.25,0.5
x438000e,2022/3/12,29,7200,0.083333333,2839,3577,59.61666667,,,,,,,,,,,,,,0.249383226,0.496007681
x438000e,2022/3/13,-1,,,0,0,0,,,,,,,,,,,,,,0.25,0.5
x438000e,2022/3/14,43,1260,0.014583333,8036,6997,116.6166667,,,,,,,,,,,,,,0.24589751,0.516882234
x438000e,2022/3/15,30,7380,0.085416667,12598,10925,182.0833333,,,,,,,,,,,,,,0.232851064,0.53603928
x438000e,2022/3/16,65,3660,0.042361111,10079,11952,199.2,,,,,,,,,,,,,,0.290965299,0.480988179
x438000e,2022/3/17,31,240,0.002777778,6494,5224,87.06666667,,,,,,,,,,,,,,0.246057948,0.509276141
x438000e,2022/3/18,-1,,,0,0,0,,,,,,,,,,,,,,0.25,0.5
x438000e,2022/3/19,-1,,,0,0,0,,,,,,,,,,,,,,0.25,0.5
x438000e,2022/3/20,23,,,72,158,2.633333333,,,,,,,,,,,,,,0.250458013,0.499083973
x438000e,2022/3/21,29,3600,0.041666667,8107,9389,156.4833333,,,,,,,,,,,,,,0.250730415,0.507382062
x438000e,2022/3/22,25,1920,0.022222222,3767,3733,62.21666667,,,,,,,,,,,,,,0.356083986,0.382646235
x438000e,2022/3/29,50,16080,0.186111111,9881,9642,160.7,,,,,,,,,,,,,,0.138075021,0.471260614
x438000e,2022/3/30,53,300,0.003472222,60,270,4.5,,,,,,,,,,,,,,0.250783699,0.498432602
x438000e,2022/3/31,-1,,,0,0,0,,,,,,,,,,,,,,0.250173732,0.499652536
x438000e,2022/4/1,29,1560,0.018055556,1530,1307,21.78333333,,,,,,,,,,,,,,0.251724584,0.498489888
x438000e,2022/4/2,36,5280,0.061111111,1889,2567,42.78333333,,,,,,,,,,,,,,0.2576551,0.494769363
x438000e,2022/4/3,45,8340,0.096527778,4355,7058,117.6333333,,,,,,,,,,,,,,0.231680573,0.523770512
x438000e,2022/4/4,29,4080,0.047222222,8187,8141,135.6833333,,,,,,,,,,,,,,0.225929286,0.533114402
x438000e,2022/4/5,29,3000,0.034722222,699,618,10.3,,,,,,,,,,,,,,0.25110163,0.501224033
x438000e,2022/4/6,37,10260,0.11875,6523,6942,115.7,,,,,,,,,,,,,,0.26016331,0.532139212
x438000e,2022/4/7,46,21900,0.253472222,6590,8064,134.4,,,,,,,,,,,,,,0.261425143,0.505935968
x438000e,2022/4/8,65,2880,0.033333333,3449,2887,48.11666667,,,,,,,,,,,,,,0.258642367,0.483074491
x438000e,2022/4/9,-1,,,0,0,0,,,,,,,,,,,,,,0.25,0.5
x438000e,2022/4/10,-1,,,0,0,0,,,,,,,,,,,,,,0.25,0.5
x438000e,2022/4/11,35,7440,0.086111111,11946,9794,163.2333333,,,,,,,,,,,,,,0.274378561,0.498735406
x438000e,2022/4/12,37,11220,0.129861111,3617,3476,57.93333333,,,,,,,,,,,,,,0.25389888,0.513302763
x438000e,2022/4/13,-1,,,0,0,0,,,,,,,,,,,,,,0.25,0.5
x438000e,2022/4/14,50,13560,0.156944444,2499,2790,46.5,,,,,,,,,,,,,,0.255471834,0.49712953
x438000e,2022/4/15,49,12480,0.144444444,6266,6901,115.0166667,,,,,,,,,,,,,,0.264154266,0.500283022
x438000e,2022/4/16,35,3540,0.040972222,2872,3468,57.8,,,,,,,,,,,,,,0.25900738,0.494537694
x438000e,2022/4/17,35,4260,0.049305556,3188,2712,45.2,,,,,,,,,,,,,,0.244491444,0.497407036
x438000e,2022/4/18,62,31320,0.3625,10485,11078,184.6333333,,,,,,,,,,,,,,0.262924511,0.525371074
x438000e,2022/4/19,-1,,,0,0,0,,,,,,,,,,,,,,0.25,0.5
x438000e,2022/4/20,47,14760,0.170833333,6850,6006,100.1,,,,,,,,,,,,,,0.262510378,0.490879815
x438000e,2022/4/21,52,17520,0.202777778,7508,6616,110.2666667,,,,,,,,,,,,,,0.254499649,0.50854808
x438000e,2022/4/22,54,18360,0.2125,7390,8024,133.7333333,,,,,,,,,,,,,,0.241936307,0.50539706
x438000e,2022/4/23,61,1020,0.011805556,11,15,0.25,,,,,,,,,,,,,,0.25004341,0.499913179
x438000e,2022/4/24,24,1440,0.016666667,1831,1785,29.75,,,,,,,,,,,,,,0.254635703,0.497299533
x438000e,2022/4/25,43,14820,0.171527778,7182,7644,127.4,,,,,,,,,,,,,,0.275735294,0.500893227
x438000e,2022/4/26,-1,,,0,0,0,,,,,,,,,,,,,,0.25,0.5
x438000e,2022/4/27,46,13080,0.151388889,4510,4939,82.31666667,,,,,,,,,,,,,,0.261565013,0.493365516
x438000e,2022/4/28,34,2220,0.025694444,2081,2175,36.25,,,,,,,,,,,,,,0.249379638,0.499044227
x438000e,2022/4/29,29,6660,0.077083333,4792,4717,78.61666667,,,,,,,,,,,,,,0.228439152,0.512112697
x438000e,2022/4/30,30,3180,0.036805556,9083,6925,115.4166667,,,,,,,,,,,,,,0.234954388,0.514778232
x438000e,2022/5/1,49,960,0.011111111,3127,2848,47.46666667,,,,,,,,,,,,,,0.247426752,0.494051609
x438000e,2022/5/2,13,900,0.010416667,662,613,10.21666667,,,,,,,,,,,,,,0.250387588,0.500297248
x438000e,2022/5/3,27,2280,0.026388889,918,826,13.76666667,,,,,,,,,,,,,,0.252413116,0.500934863
x438000e,2022/5/4,34,5340,0.061805556,1813,2081,34.68333333,,,,,,,,,,,,,,0.289160519,0.42770987
x438003f,2021/10/16,34,240,0.002777778,5206,6339,105.65,,,,,,,,,,,,,,0.009640877,0.460673255
x438003f,2021/10/17,14,360,0.004166667,4120,5410,90.16666667,56040,934,8940,149,5580,93,41520,240,0.159528908,0.099571734,0.004282655,87,92.99148936,0.292221155,0.456015914
x438003f,2021/10/26,33,4080,0.047222222,5781,5817,96.95,25620,427,1440,24,2640,44,21540,240,0.056206089,0.103044496,0.009367681,83,92.46859903,0.117588163,0.460028924
x438003f,2021/10/27,37,7320,0.084722222,6605,6636,110.6,39960,666,11880,198,4860,81,23220,660,0.297297297,0.121621622,0.016516517,88,91,0.253583956,0.495259519
x438003f,2021/10/28,57,6780,0.078472222,7455,7598,126.6333333,,,,,,,,,,,,,,0.247417578,0.50393391
x438003f,2021/10/29,34,1860,0.021527778,7491,7448,124.1333333,52380,873,14280,238,7500,125,30600,600,0.272623139,0.143184422,0.011454754,84,91.90340909,0.241146519,0.529093627
x438003f,2021/10/30,25,840,0.009722222,2054,3203,53.38333333,60420,1007,16320,272,7200,120,36900,720,0.270109235,0.119165839,0.011916584,89,94.73241051,0.259444451,0.501592606
x438003f,2021/10/31,28,900,0.010416667,3529,4100,68.33333333,59520,992,18840,314,2160,36,38520,300,0.316532258,0.036290323,0.005040323,91,94.22345133,0.253705954,0.513973269
x438003f,2021/11/1,53,4740,0.054861111,5407,7525,125.4166667,,,,,,,,,,,,,,0.257400039,0.533011545
x438003f,2021/11/2,29,5040,0.058333333,10953,10376,172.9333333,47280,788,14640,244,2520,42,30120,0,0.30964467,0.053299492,0,82,90.57641921,0.240343065,0.515677698
x438003f,2021/11/3,50,18720,0.216666667,7126,8354,139.2333333,42900,715,11640,194,5280,88,25980,360,0.271328671,0.123076923,0.008391608,89,91.88888889,0.253068703,0.501768188
x438003f,2021/11/16,29,1440,0.016666667,7402,6666,111.1,23580,393,2820,47,4080,68,16680,60,0.119592875,0.17302799,0.002544529,84,94.02192982,0.173472207,0.42144755
x438003f,2021/11/17,44,21540,0.249305556,3611,4715,78.58333333,54900,915,18720,312,9120,152,27060,420,0.340983607,0.166120219,0.007650273,85,95.10471204,0.238685193,0.508355267
x438003f,2021/11/18,31,2160,0.025,4416,4789,79.81666667,54780,913,6420,107,2100,35,46260,1380,0.117196057,0.038335159,0.025191676,85,87.83333333,0.42532974,0.502340094
x438003f,2021/11/20,44,60,0.000694444,1336,1914,31.9,36900,615,0,0,10140,169,26760,1740,0,0.274796748,0.047154472,84,93.20779221,,
x438003f,2021/11/21,30,3540,0.040972222,9109,10559,175.9833333,22560,376,7200,120,0,0,15360,0,0.319148936,0,0,,,0.280373832,0.511555156
x438003f,2021/11/22,36,5940,0.06875,5665,6466,107.7666667,90360,1506,12180,203,10260,171,67920,1500,0.134794157,0.113545817,0.016600266,90,94.25246914,0.243688543,0.508406936
x438003f,2021/11/23,30,3720,0.043055556,8931,9916,165.2666667,40380,673,15180,253,4020,67,21180,0,0.375928678,0.099554235,0,80,94.55072464,0.261741018,0.505386748
x438003f,2021/11/24,36,9060,0.104861111,11313,13647,227.45,43560,726,15900,265,1560,26,26100,360,0.365013774,0.035812672,0.008264463,82,93.22083333,0.266039722,0.553245842
x438003f,2021/11/25,31,,,87,187,3.116666667,,,,,,,,,,,,,,0.250542262,0.498915477
x438003f,2021/11/26,42,900,0.010416667,8107,8295,138.25,,,,,,,,,,,,,,0.2574227,0.506984188
x438003f,2021/11/27,22,2760,0.031944444,3326,3847,64.11666667,71160,1186,18600,310,11340,189,41220,1560,0.261382799,0.159359191,0.021922428,82,91.76415094,0.26146839,0.508109941
x438003f,2021/11/28,20,480,0.005555556,2898,3410,56.83333333,60960,1016,15600,260,10980,183,34380,0,0.255905512,0.18011811,0,85,92.00213675,0.257826244,0.504337872
x438003f,2021/11/29,31,2520,0.029166667,4177,5157,85.95,45900,765,15780,263,4260,71,25860,300,0.34379085,0.092810458,0.006535948,87,92.16666667,0.241251554,0.508769986
x438003f,2021/11/30,-1,,,4945,0,0,,,,,,,,,,,,,,,
x438003f,2021/12/1,35,2940,0.034027778,7054,8733,145.55,,,,,,,,,,,,,,0.242986082,0.535143626
x438003f,2021/12/2,18,180,0.002083333,2009,2097,34.95,49500,825,48720,812,0,0,780,0,0.984242424,0,0,,,,
x438003f,2022/3/6,17,300,0.003472222,4326,5827,97.11666667,,,,,,,,,,,,,,,
x438003f,2022/3/7,32,2940,0.034027778,6583,6347,105.7833333,,,,,,,,,,,,,,0.240265824,0.502579541
x438003f,2022/3/8,34,3840,0.044444444,10429,10994,183.2333333,,,,,,,,,,,,,,0.241238707,0.509634091
x438003f,2022/3/9,42,4560,0.052777778,6642,6003,100.05,,,,,,,,,,,,,,0.261203776,0.510031469
x438003f,2022/3/10,35,3420,0.039583333,7976,8712,145.2,,,,,,,,,,,,,,0.268269831,0.491268478
x438003f,2022/3/11,36,5160,0.059722222,10193,12114,201.9,,,,,,,,,,,,,,0.262886598,0.470435041
x438003f,2022/3/12,-1,,,0,0,0,,,,,,,,,,,,,,,
x438003f,2022/3/13,48,1620,0.01875,2668,2852,47.53333333,,,,,,,,,,,,,,0.302236147,0.618711766
x438003f,2022/3/14,33,5400,0.0625,9253,8710,145.1666667,,,,,,,,,,,,,,0.231398032,0.525290424
x438003f,2022/3/15,27,4320,0.05,11981,12588,209.8,,,,,,,,,,,,,,0.227878558,0.552028982
x438003f,2022/3/16,27,1620,0.01875,10485,9954,165.9,,,,,,,,,,,,,,0.263937943,0.498875023
x438003f,2022/3/17,36,1080,0.0125,6604,6714,111.9,,,,,,,,,,,,,,,
x438003f,2022/3/18,26,3420,0.039583333,12307,11125,185.4166667,,,,,,,,,,,,,,0.26530015,0.510009444
x438003f,2022/3/19,32,1080,0.0125,4226,6446,107.4333333,,,,,,,,,,,,,,0.254096105,0.517972834
x438003f,2022/3/20,17,960,0.011111111,5031,6020,100.3333333,,,,,,,,,,,,,,0.245434188,0.512216969
x438003f,2022/3/21,22,1800,0.020833333,9958,10600,176.6666667,,,,,,,,,,,,,,0.241424802,0.527387863
x438003f,2022/3/22,19,1800,0.020833333,6219,6037,100.6166667,,,,,,,,,,,,,,0.346951591,0.397835362
x438003f,2022/3/29,41,10500,0.121527778,7570,8336,138.9333333,,,,,,,,,,,,,,0.250596611,0.408817914
x438003f,2022/3/30,31,6960,0.080555556,5928,6244,104.0666667,,,,,,,,,,,,,,0.272534572,0.499394368
x438003f,2022/3/31,27,1320,0.015277778,6228,5771,96.18333333,,,,,,,,,,,,,,0.242543006,0.498059011
x438003f,2022/4/1,13,,,53,180,3,,,,,,,,,,,,,,,
x438003f,2022/4/2,40,3360,0.038888889,3944,4071,67.85,,,,,,,,,,,,,,0.043909726,0.61071689
x438003f,2022/4/3,35,3420,0.039583333,6482,7266,121.1,,,,,,,,,,,,,,0.259714113,0.50528488
x438003f,2022/4/4,35,4860,0.05625,3758,4557,75.95,,,,,,,,,,,,,,0.247803722,0.509903107
x438003f,2022/4/5,34,9120,0.105555556,12685,13419,223.65,,,,,,,,,,,,,,0.25913635,0.518424801
x438003f,2022/4/6,34,3840,0.044444444,1919,1907,31.78333333,,,,,,,,,,,,,,0.254932361,0.503307966
x438003f,2022/4/7,36,4980,0.057638889,7111,8733,145.55,,,,,,,,,,,,,,0.250646993,0.510808966
x438003f,2022/4/8,25,1080,0.0125,4889,4952,82.53333333,,,,,,,,,,,,,,0.237832728,0.497679501
x438003f,2022/4/9,32,1200,0.013888889,1782,2503,41.71666667,,,,,,,,,,,,,,0.247386677,0.504177742
x438003f,2022/4/10,-1,,,4132,0,0,,,,,,,,,,,,,,,
x438003f,2022/4/11,32,4020,0.046527778,7694,7886,131.4333333,,,,,,,,,,,,,,0.249375595,0.520006695
x438003f,2022/4/12,28,1800,0.020833333,1266,1840,30.66666667,,,,,,,,,,,,,,0.254020814,0.495979186
x438003f,2022/4/13,36,4500,0.052083333,2187,3254,54.23333333,,,,,,,,,,,,,,0.25184615,0.510162846
x438003f,2022/4/14,36,3720,0.043055556,5704,5540,92.33333333,,,,,,,,,,,,,,0.261986301,0.49454501
x438003f,2022/4/15,45,8280,0.095833333,1260,1993,33.21666667,,,,,,,,,,,,,,0.250927056,0.503560131
x438003f,2022/4/16,33,1920,0.022222222,2322,3197,53.28333333,,,,,,,,,,,,,,0.343532661,0.357156088
x438003f,2022/4/17,40,660,0.007638889,1659,2114,35.23333333,,,,,,,,,,,,,,,
x438003f,2022/4/18,40,5520,0.063888889,6580,6840,114,,,,,,,,,,,,,,0.226429301,0.514152629
x438003f,2022/4/19,36,4560,0.052777778,12634,11058,184.3,,,,,,,,,,,,,,0.234933109,0.538439299
x438003f,2022/4/20,30,2280,0.026388889,9456,9068,151.1333333,,,,,,,,,,,,,,0.23683598,0.512491595
x438003f,2022/4/21,23,1380,0.015972222,8487,8608,143.4666667,,,,,,,,,,,,,,0.240616002,0.511993521
x438003f,2022/4/22,46,2520,0.029166667,5101,5605,93.41666667,,,,,,,,,,,,,,0.25671143,0.506553623
x438003f,2022/4/23,21,1080,0.0125,2059,3142,52.36666667,,,,,,,,,,,,,,0.247904105,0.504516083
x438003f,2022/4/24,31,180,0.002083333,3014,4258,70.96666667,,,,,,,,,,,,,,0.262959266,0.501935672
x438003f,2022/4/25,23,1020,0.011805556,6059,6668,111.1333333,,,,,,,,,,,,,,0.248057855,0.509480732
x438003f,2022/4/26,24,2640,0.030555556,9865,9179,152.9833333,,,,,,,,,,,,,,0.244026884,0.525854366
x438003f,2022/4/27,21,1320,0.015277778,6464,6971,116.1833333,,,,,,,,,,,,,,0.249025962,0.518390094
x438003f,2022/4/28,17,840,0.009722222,4950,4423,73.71666667,,,,,,,,,,,,,,0.226234413,0.512242971
x438003f,2022/4/29,24,1080,0.0125,4894,5848,97.46666667,,,,,,,,,,,,,,0.235860066,0.508156222
x438003f,2022/4/30,20,1200,0.013888889,4979,5568,92.8,,,,,,,,,,,,,,0.257402172,0.505740713
x438003f,2022/5/1,17,120,0.001388889,2522,2922,48.7,,,,,,,,,,,,,,0.251563286,0.502048444
x438003f,2022/5/2,-1,,,424,0,0,,,,,,,,,,,,,,,
x438003f,2022/5/3,26,420,0.004861111,2473,3117,51.95,,,,,,,,,,,,,,0,0.650981334
x438003f,2022/5/4,20,420,0.004861111,464,796,13.26666667,,,,,,,,,,,,,,,
x4380072,2021/10/17,23,2700,0.03125,1183,2467,41.11666667,29940,499,0,0,9540,159,20400,60,0,0.318637275,0.002004008,83,90.02380952,0.157018563,0.413819101
x4380072,2021/10/18,-1,0,0,27,46,0.766666667,,,,,,,,,,,,,,,
x4380072,2021/10/26,28,3660,0.042361111,719,1574,26.23333333,23160,386,0,0,5940,99,17220,240,0,0.256476684,0.010362694,88,94.62745098,0.233852375,0.383073813
x4380072,2021/10/27,55,25800,0.298611111,4235,5839,97.31666667,38340,639,12840,214,3480,58,22020,480,0.334898279,0.090766823,0.012519562,89,94.45833333,0.241121635,0.516540261
x4380072,2021/10/28,50,26940,0.311805556,6067,8106,135.1,63420,1057,6840,114,10020,167,46560,540,0.107852412,0.157994324,0.008514664,89,95.00420168,0.274280042,0.478394823
x4380072,2021/10/29,50,16260,0.188194444,3454,4401,73.35,71340,1189,6180,103,13320,222,51840,1260,0.086627418,0.186711522,0.017661901,89,94.87060478,0.245381041,0.509079379
x4380072,2021/10/30,43,13860,0.160416667,2327,3277,54.61666667,94980,1583,10800,180,12420,207,71760,180,0.113708149,0.130764371,0.001895136,83,92.44413189,0.254514394,0.503386548
x4380072,2021/10/31,45,15900,0.184027778,4833,7034,117.2333333,40500,675,3600,60,4140,69,32760,420,0.088888889,0.102222222,0.01037037,84,92.82796289,0.274799785,0.464971983
x4380072,2021/11/1,46,19920,0.230555556,8241,11728,195.4666667,44280,738,12480,208,7800,130,24000,660,0.281842818,0.176151762,0.014905149,84,91.458159,0.255466755,0.533563659
x4380072,2021/11/2,50,20940,0.242361111,7012,9169,152.8166667,103620,1727,7440,124,15840,264,80340,300,0.071800811,0.152866242,0.002895194,79,90.13176906,0.25530612,0.49977199
x4380072,2021/11/3,67,12780,0.147916667,4395,5680,94.66666667,,,,,,,,,,,,,,0.250260159,0.501114965
x4380072,2021/11/4,69,960,0.011111111,540,929,15.48333333,,,,,,,,,,,,,,0.252717296,0.494565408
x4380072,2021/11/5,-1,,,11,11,0.183333333,,,,,,,,,,,,,,0.249904502,0.500063666
x4380072,2021/11/6,-1,,,0,0,0,,,,,,,,,,,,,,0.25,0.5
x4380072,2021/11/7,-1,,,0,0,0,,,,,,,,,,,,,,0.25,0.5
x4380072,2021/11/8,47,1380,0.015972222,7067,7263,121.05,,,,,,,,,,,,,,0.256049635,0.50569266
x4380072,2021/11/9,28,3960,0.045833333,8252,10113,168.55,48660,811,6600,110,11340,189,30720,360,0.135635018,0.233045623,0.007398274,81,92.74336283,0.250095036,0.504384758
x4380072,2021/11/10,6,180,0.002083333,1765,1615,26.91666667,47520,792,11700,195,9060,151,26760,300,0.246212121,0.190656566,0.006313131,82,91.62878788,0.247907888,0.495697074
x4380072,2022/2/26,-1,,,0,0,0,,,,,,,,,,,,,,0.279069767,0.441860465
x4380072,2022/2/27,-1,,,0,0,0,,,,,,,,,,,,,,0.25,0.5
x4380072,2022/2/28,-1,,,0,0,0,,,,,,,,,,,,,,0.25,0.5
x4380072,2022/3/1,-1,,,0,0,0,,,,,,,,,,,,,,0.25,0.5
x4380072,2022/3/2,-1,,,0,0,0,,,,,,,,,,,,,,0.25,0.5
x4380072,2022/3/3,-1,,,0,0,0,,,,,,,,,,,,,,0.25,0.5
x4380072,2022/3/4,-1,,,0,0,0,,,,,,,,,,,,,,0.25,0.5
x4380072,2022/3/5,-1,,,0,0,0,,,,,,,,,,,,,,0.25,0.5
x4380072,2022/3/6,-1,,,0,0,0,,,,,,,,,,,,,,0.25,0.5
x4380072,2022/3/7,-1,,,0,0,0,,,,,,,,,,,,,,0.25,0.5
x4380072,2022/3/8,-1,,,0,0,0,,,,,,,,,,,,,,0.25,0.5
x4380072,2022/3/9,-1,,,0,0,0,,,,,,,,,,,,,,0.25,0.5
x4380072,2022/3/10,-1,,,0,0,0,,,,,,,,,,,,,,0.25,0.5
x4380072,2022/3/11,-1,,,0,0,0,,,,,,,,,,,,,,0.25,0.5
x4380072,2022/3/12,-1,,,0,0,0,,,,,,,,,,,,,,0.25,0.5
x4380072,2022/3/13,-1,,,0,0,0,,,,,,,,,,,,,,0.25,0.5
x4380072,2022/3/14,-1,,,0,0,0,,,,,,,,,,,,,,0.25,0.5
x4380072,2022/3/15,-1,,,0,0,0,,,,,,,,,,,,,,0.25,0.5
x4380072,2022/3/16,-1,,,0,0,0,,,,,,,,,,,,,,0.25,0.5
x4380072,2022/3/17,-1,,,0,0,0,,,,,,,,,,,,,,0.25,0.5
x4380072,2022/3/18,-1,,,0,0,0,,,,,,,,,,,,,,0.25,0.5
x4380072,2022/3/19,-1,,,0,0,0,,,,,,,,,,,,,,0.25,0.5
x4380072,2022/3/20,-1,,,0,0,0,,,,,,,,,,,,,,0.25,0.5
x4380072,2022/3/21,-1,,,0,0,0,,,,,,,,,,,,,,0.25,0.5
x4380072,2022/3/22,-1,,,0,0,0,,,,,,,,,,,,,,0.25,0.5
x4380072,2022/3/23,-1,,,0,0,0,,,,,,,,,,,,,,0.25,0.5
x4380072,2022/3/24,-1,,,0,0,0,,,,,,,,,,,,,,0.25,0.5
x4380072,2022/3/25,-1,,,0,0,0,,,,,,,,,,,,,,0.25,0.5
x4380072,2022/3/26,-1,,,0,0,0,,,,,,,,,,,,,,0.25,0.5
x4380072,2022/3/27,-1,,,0,0,0,,,,,,,,,,,,,,0.25,0.5
x4380072,2022/3/28,-1,,,0,0,0,,,,,,,,,,,,,,0.25,0.5
x4380072,2022/3/29,-1,,,0,0,0,,,,,,,,,,,,,,0.25,0.5
x4380072,2022/3/30,-1,,,0,0,0,,,,,,,,,,,,,,0.25,0.5
x4380072,2022/3/31,-1,,,0,0,0,,,,,,,,,,,,,,0.184597961,0.407701019
x4380072,2022/4/1,-1,,,0,0,0,,,,,,,,,,,,,,0.25,0.5
x4380072,2022/4/2,-1,,,0,0,0,,,,,,,,,,,,,,0.25,0.5
x4380072,2022/4/3,-1,,,0,0,0,,,,,,,,,,,,,,0.25,0.5
x4380072,2022/4/4,-1,,,0,0,0,,,,,,,,,,,,,,0.25,0.5
x4380072,2022/4/5,-1,,,0,0,0,,,,,,,,,,,,,,0.25,0.5
x4380072,2022/4/6,-1,,,0,0,0,,,,,,,,,,,,,,0.32967033,0.340659341
x4380072,2022/4/20,53,1260,0.014583333,1432,2408,40.13333333,,,,,,,,,,,,,,,
x4380072,2022/4/21,43,20160,0.233333333,3598,6356,105.9333333,,,,,,,,,,,,,,0.261711536,0.549356223
x4380072,2022/4/22,23,1020,0.011805556,123,259,4.316666667,,,,,,,,,,,,,,0.248441509,0.500806817
x4380072,2022/4/23,11,180,0.002083333,359,749,12.48333333,,,,,,,,,,,,,,0.249045545,0.498768257
x4380072,2022/4/24,-1,,,0,0,0,,,,,,,,,,,,,,,
x43800ac,2021/10/17,33,1920,0.022222222,7959,9234,153.9,25560,426,1740,29,6420,107,17400,120,0.068075117,0.251173709,0.004694836,82,90.25581395,,
x43800ac,2021/10/18,33,2880,0.033333333,7611,9273,154.55,32700,545,13380,223,3720,62,15600,540,0.409174312,0.113761468,0.016513761,83,92.10819375,0.233863924,0.510435814
x43800ac,2021/10/19,33,120,0.001388889,1134,1965,32.75,10140,169,1140,19,1860,31,7140,0,0.112426036,0.183431953,0,85,89.71084337,,
x43800ac,2021/10/25,30,1260,0.014583333,8211,9853,164.2166667,22260,371,3240,54,11280,188,7740,0,0.145552561,0.506738544,0,81,91.56281407,,
x43800ac,2021/10/26,21,0,0,5390,1072,17.86666667,31140,519,22980,383,0,0,8160,300,0.737957611,0,0.009633911,87,93.225,,
x43800ac,2021/10/27,44,3840,0.044444444,6771,7687,128.1166667,24300,405,19440,324,0,0,4860,0,0.8,0,0,87,93.225,0.166246724,0.517815169
x43800ac,2021/10/28,43,1560,0.018055556,5706,6220,103.6666667,,,,,,,,,,,,,,0.239810427,0.500137191
x43800ac,2021/10/29,40,6420,0.074305556,8488,9572,159.5333333,28980,483,11460,191,1620,27,15900,300,0.395445135,0.055900621,0.010351967,81,88.99787011,0.202434232,0.540374959
x43800ac,2021/10/30,37,420,0.004861111,8420,9766,162.7666667,,,,,,,,,,,,,,0.233200404,0.518825906
x43800ac,2021/10/31,31,1440,0.016666667,7691,9718,161.9666667,55260,921,22560,376,4800,80,24720,180,0.4082519,0.086862106,0.003257329,83,91.53173953,0.274723543,0.478277429
x43800ac,2021/11/1,39,3840,0.044444444,7256,8631,143.85,24420,407,8700,145,0,0,15720,600,0.356265356,0,0.024570025,80,89.99408284,0.229153004,0.534145996
x43800ac,2021/11/2,41,4260,0.049305556,5293,6987,116.45,77700,1295,25680,428,11160,186,40860,600,0.330501931,0.143629344,0.007722008,80,88.17948718,0.246454103,0.48368951
x43800ac,2021/11/3,52,12060,0.139583333,7472,8729,145.4833333,28200,470,10980,183,3180,53,14040,120,0.389361702,0.112765957,0.004255319,84,88.93697917,0.228294478,0.514761712
x43800ac,2021/11/4,40,5220,0.060416667,6329,7455,124.25,44940,749,14400,240,7140,119,23400,360,0.320427236,0.158878505,0.008010681,84,91.24663677,0.255959636,0.480977655
x43800ac,2021/11/5,43,4080,0.047222222,8788,9605,160.0833333,31800,530,9660,161,5940,99,16200,120,0.303773585,0.186792453,0.003773585,81,87.83857811,0.240440784,0.516230176
x43800ac,2021/11/6,40,3600,0.041666667,10561,12427,207.1166667,42240,704,13020,217,8400,140,20040,180,0.308238636,0.198863636,0.004261364,75,82.66857684,0.250192435,0.489581505
x43800ac,2021/11/7,35,1800,0.020833333,8736,10227,170.45,36960,616,11400,190,2880,48,22680,2400,0.308441558,0.077922078,0.064935065,,,0.251935684,0.498542466
x43800ac,2021/11/8,41,6120,0.070833333,6072,7113,118.55,50880,848,20820,347,8040,134,22020,840,0.409198113,0.158018868,0.016509434,76,87.11897626,0.232104941,0.496476351
x43800ac,2021/11/9,43,6780,0.078472222,8306,10759,179.3166667,40500,675,15480,258,3060,51,21960,360,0.382222222,0.075555556,0.008888889,82,88.10256881,0.232459697,0.485328679
x43800ac,2021/11/10,44,6480,0.075,9730,11512,191.8666667,43740,729,12300,205,11400,190,20040,360,0.281207133,0.260631001,0.008230453,80,89.26880352,0.240362024,0.508835101
x43800ac,2021/11/11,27,2460,0.028472222,1806,2458,40.96666667,66900,1115,21600,360,4620,77,40680,0,0.322869955,0.069058296,0,79,86.5209205,0.4700576,0.50195173
x43800ac,2021/11/17,37,3360,0.038888889,6956,8761,146.0166667,24300,405,2700,45,8460,141,13140,120,0.111111111,0.348148148,0.004938272,74,87.68493151,0.117292756,0.411237914
x43800ac,2021/11/18,35,2280,0.026388889,5186,6643,110.7166667,68760,1146,19020,317,7980,133,41760,540,0.276614311,0.116055846,0.007853403,79,89.72435897,0.237987549,0.500165163
x43800ac,2021/11/19,37,3600,0.041666667,8229,9747,162.45,33960,566,15180,253,3540,59,15240,0,0.446996466,0.104240283,0,81,92.3625,0.246694188,0.530345325
x43800ac,2021/11/20,41,3960,0.045833333,9577,11621,193.6833333,36600,610,11100,185,6600,110,18900,300,0.303278689,0.180327869,0.008196721,82,90.49616792,0.256981552,0.501696452
x43800ac,2021/11/21,33,1620,0.01875,974,1478,24.63333333,61140,1019,17640,294,7560,126,35940,0,0.288518155,0.123650638,0,84,90.56041667,0.252561174,0.503756388
x43800ac,2021/11/22,33,4440,0.051388889,6896,9316,155.2666667,59100,985,21600,360,9780,163,27720,420,0.365482234,0.165482234,0.007106599,84,91.33200925,0.242707524,0.513848338
x43800ac,2021/11/23,41,8520,0.098611111,7668,9179,152.9833333,75000,1250,11400,190,23340,389,40260,0,0.152,0.3112,0,85,92.33719176,0.239368035,0.481103932
x43800ac,2021/11/24,42,8100,0.09375,9338,12117,201.95,32640,544,9480,158,6240,104,16920,0,0.290441176,0.191176471,0,82,92.00308834,0.229180656,0.550800543
x43800ac,2021/11/25,33,2460,0.028472222,8770,10549,175.8166667,52800,880,16080,268,7740,129,28980,300,0.304545455,0.146590909,0.005681818,85,92.45561769,0.270070342,0.514290326
x43800ac,2021/11/26,29,1500,0.017361111,9053,10759,179.3166667,23760,396,9240,154,3900,65,10620,300,0.388888889,0.164141414,0.012626263,85,93.56923077,0.247549509,0.505539374
x43800ac,2021/11/27,32,1560,0.018055556,8800,11085,184.75,61080,1018,19920,332,10440,174,30720,300,0.326129666,0.170923379,0.004911591,83,89.63016126,0.221279434,0.525915549
x43800ac,2021/11/28,27,1440,0.016666667,2167,3739,62.31666667,50520,842,20820,347,6360,106,23340,300,0.412114014,0.125890736,0.005938242,78,89.20621046,0.254194844,0.495965449
x43800ac,2021/11/29,39,5340,0.061805556,6978,8572,142.8666667,42300,705,12840,214,2700,45,26760,0,0.303546099,0.063829787,0,83,89.89402668,0.257243334,0.472929351
x43800ac,2021/11/30,18,,,2594,120,2,32640,544,27360,456,0,0,5280,1920,0.838235294,0,0.058823529,95,97,,
x43800ac,2021/12/1,45,4680,0.054166667,8011,8255,137.5833333,44400,740,43740,729,0,0,660,300,0.985135135,0,0.006756757,,,0.108881275,0.516415583
x43800ac,2021/12/2,37,2700,0.03125,7434,9695,161.5833333,25620,427,8520,142,2580,43,14520,360,0.332552693,0.100702576,0.014051522,,,0.250638549,0.483279848
x43800ac,2021/12/3,23,,,1781,3320,55.33333333,30480,508,10860,181,5160,86,14460,300,0.356299213,0.169291339,0.00984252,79,88.28473287,,
x43800ac,2022/3/5,28,1320,0.015277778,7945,8711,145.1833333,,,,,,,,,,,,,,,
x43800ac,2022/3/6,23,60,0.000694444,2209,3445,57.41666667,,,,,,,,,,,,,,0.252791694,0.499873242
x43800ac,2022/3/7,38,2640,0.030555556,6378,7046,117.4333333,,,,,,,,,,,,,,0.244590756,0.483447049
x43800ac,2022/3/8,46,14160,0.163888889,11929,12893,214.8833333,,,,,,,,,,,,,,0.301845126,0.478613976
x43800ac,2022/3/9,46,13620,0.157638889,8267,11011,183.5166667,,,,,,,,,,,,,,0.262972984,0.551672357
x43800ac,2022/3/10,30,1860,0.021527778,6498,7211,120.1833333,,,,,,,,,,,,,,0.232330248,0.519933324
x43800ac,2022/3/11,43,7200,0.083333333,6607,6640,110.6666667,,,,,,,,,,,,,,0.236127314,0.525082425
x43800ac,2022/3/12,37,960,0.011111111,1703,3195,53.25,,,,,,,,,,,,,,0.24222102,0.498359474
x43800ac,2022/3/13,40,2220,0.025694444,7272,8635,143.9166667,,,,,,,,,,,,,,0.269347896,0.496434308
x43800ac,2022/3/14,37,660,0.007638889,5598,6632,110.5333333,,,,,,,,,,,,,,0.267361549,0.487497164
x43800ac,2022/3/15,48,11820,0.136805556,7885,9163,152.7166667,,,,,,,,,,,,,,0.233348037,0.531226433
x43800ac,2022/3/16,34,1680,0.019444444,8175,9877,164.6166667,,,,,,,,,,,,,,0.235016604,0.497838807
x43800ac,2022/3/17,34,3240,0.0375,6111,6925,115.4166667,,,,,,,,,,,,,,0.247785671,0.524876552
x43800ac,2022/3/18,29,1260,0.014583333,9115,11310,188.5,,,,,,,,,,,,,,0.157933679,0.842066321
x43800ac,2022/3/19,68,2100,0.024305556,5712,6420,107,,,,,,,,,,,,,,0.485856905,0.329450915
x43800ac,2022/3/24,-1,,,0,0,0,,,,,,,,,,,,,,,
x43800ac,2022/3/25,34,2280,0.026388889,8491,8664,144.4,,,,,,,,,,,,,,0.275354644,0.408193722
x43800ac,2022/3/26,25,2100,0.024305556,2425,3903,65.05,,,,,,,,,,,,,,0.257896475,0.50350343
x43800ac,2022/3/27,29,600,0.006944444,4838,6791,113.1833333,,,,,,,,,,,,,,0.249467676,0.502513576
x43800ac,2022/3/28,30,1980,0.022916667,8298,9279,154.65,,,,,,,,,,,,,,0.24181481,0.501627313
x43800ac,2022/3/29,30,1020,0.011805556,11277,14204,236.7333333,,,,,,,,,,,,,,0.258253625,0.488555721
x43800ac,2022/3/30,33,1020,0.011805556,7918,10348,172.4666667,,,,,,,,,,,,,,0.277384824,0.494444444
x43800ac,2022/3/31,28,1800,0.020833333,5704,6465,107.75,,,,,,,,,,,,,,0.258151452,0.508116657
x43800ac,2022/4/1,26,720,0.008333333,5252,6466,107.7666667,,,,,,,,,,,,,,0.241887057,0.503065029
x43800ac,2022/4/2,27,2340,0.027083333,2832,4125,68.75,,,,,,,,,,,,,,0.25510787,0.482430872
x43800ac,2022/4/3,35,2280,0.026388889,8602,10800,180,,,,,,,,,,,,,,0.241457376,0.525571604
x43800ac,2022/4/4,39,12000,0.138888889,10078,12025,200.4166667,,,,,,,,,,,,,,0.173640259,0.594190691
x43800ac,2022/4/5,32,3120,0.036111111,1458,2496,41.6,,,,,,,,,,,,,,0.257540937,0.488784353
x43800ac,2022/4/6,33,3360,0.038888889,1722,3435,57.25,,,,,,,,,,,,,,0.263205995,0.496691647
x43800ac,2022/4/7,34,3060,0.035416667,6054,7784,129.7333333,,,,,,,,,,,,,,0.271199652,0.513443059
x43800ac,2022/4/8,37,,,611,1170,19.5,,,,,,,,,,,,,,,
x43800ac,2022/4/13,48,1320,0.015277778,5062,6183,103.05,,,,,,,,,,,,,,,
x43800ac,2022/4/14,30,720,0.008333333,2034,3750,62.5,,,,,,,,,,,,,,0.301247872,0.399727072
x43800ac,2022/4/15,31,240,0.002777778,1474,2529,42.15,,,,,,,,,,,,,,0.254116441,0.498444039
x43800ac,2022/4/16,22,240,0.002777778,5598,8627,143.7833333,,,,,,,,,,,,,,0.27695987,0.491803068
x43800ac,2022/4/17,30,660,0.007638889,4475,5261,87.68333333,,,,,,,,,,,,,,0.266999592,0.482082597
x43800ac,2022/4/18,28,2040,0.023611111,4447,5325,88.75,,,,,,,,,,,,,,0.235414737,0.513976901
x43800ac,2022/4/19,32,6720,0.077777778,7865,9696,161.6,,,,,,,,,,,,,,0.30212305,0.482983244
x43800ac,2022/4/20,29,1860,0.021527778,5972,7374,122.9,,,,,,,,,,,,,,0.245405172,0.494155506
x43800ac,2022/4/21,39,5160,0.059722222,7887,9344,155.7333333,,,,,,,,,,,,,,0.237676333,0.507367979
x43800ac,2022/4/22,42,60,0.000694444,617,1033,17.21666667,,,,,,,,,,,,,,,
x43800ac,2022/4/27,39,5280,0.061111111,5630,6884,114.7333333,,,,,,,,,,,,,,0.241332492,0.486367875
x43800ac,2022/4/28,38,3900,0.045138889,4248,5896,98.26666667,,,,,,,,,,,,,,0.258417456,0.50274462
x43800ac,2022/4/29,31,2400,0.027777778,6202,7612,126.8666667,,,,,,,,,,,,,,0.267695447,0.500701441
x43800ac,2022/4/30,28,1440,0.016666667,7432,8941,149.0166667,,,,,,,,,,,,,,0.282717978,0.50759296
x43800ac,2022/5/1,24,300,0.003472222,810,1187,19.78333333,,,,,,,,,,,,,,0.249609801,0.498714985
x43800ac,2022/5/2,45,120,0.001388889,829,1199,19.98333333,,,,,,,,,,,,,,,
x4380d96,2021/10/17,25,1020,0.011805556,734,998,16.63333333,36660,611,5160,86,5340,89,26160,180,0.140752864,0.145662848,0.004909984,80,86.68783069,,
x4380d96,2021/10/18,34,1680,0.019444444,3971,3895,64.91666667,57300,955,9420,157,1500,25,46380,60,0.164397906,0.02617801,0.00104712,81,89.39830508,0.239549118,0.519338222
x4380d96,2021/10/19,17,0,0,0,0,0,69300,1155,24300,405,3840,64,41160,0,0.350649351,0.055411255,0,79,87.24960921,,
x4380d96,2021/10/25,44,7740,0.089583333,8299,8055,134.25,28560,476,2040,34,4560,76,21960,240,0.071428571,0.159663866,0.008403361,87,92.56962025,,
x4380d96,2021/10/26,49,17580,0.203472222,6747,7846,130.7666667,58740,979,16260,271,120,2,42360,300,0.276813075,0.002042901,0.005107252,86,93.38417613,0.238939513,0.522831688
x4380d96,2021/10/27,54,2700,0.03125,4397,4587,76.45,,,,,,,,,,,,,,0.245022185,0.512730251
x4380d96,2021/10/28,34,480,0.005555556,3604,3814,63.56666667,48060,801,12840,214,0,0,35220,420,0.267166042,0,0.008739076,89,93.01057692,0.24420604,0.511406292
x4380d96,2021/10/29,42,7860,0.090972222,8124,9233,153.8833333,46260,771,21480,358,1140,19,23640,420,0.464332036,0.02464332,0.009079118,93,95.51002407,0.249347879,0.528699742
x4380d96,2021/10/30,33,900,0.010416667,5433,5894,98.23333333,92700,1545,31380,523,8460,141,52860,900,0.338511327,0.091262136,0.009708738,88,94.12638889,0.257410776,0.524751745
x4380d96,2021/10/31,32,1560,0.018055556,9049,10401,173.35,88380,1473,24960,416,6720,112,56700,840,0.282416836,0.076035302,0.009504413,85,92.60014257,0.275923923,0.495607903
x4380d96,2021/11/1,47,9600,0.111111111,7829,10267,171.1166667,113460,1891,32460,541,2460,41,78540,180,0.286092015,0.02168165,0.001586462,84,92.46,0.248420527,0.521271985
x4380d96,2021/11/2,51,600,0.006944444,4618,3961,66.01666667,,,,,,,,,,,,,,0.237775716,0.504704196
x4380d96,2021/11/3,46,9300,0.107638889,8114,8134,135.5666667,32460,541,4680,78,1020,17,26760,480,0.144177449,0.03142329,0.014787431,83,92.75809436,0.24570056,0.511013722
x4380d96,2021/11/4,30,3360,0.038888889,6567,8077,134.6166667,61620,1027,16500,275,960,16,44160,180,0.267770204,0.015579357,0.00292113,83,93.86363636,0.245802638,0.517472518
x4380d96,2021/11/5,24,1680,0.019444444,3198,3727,62.11666667,47100,785,13920,232,1200,20,31980,720,0.295541401,0.025477707,0.015286624,88,94.45185083,0.236485914,0.513408247
x4380d96,2021/11/6,27,1140,0.013194444,5052,5983,99.71666667,94440,1574,16740,279,8940,149,68760,0,0.1772554,0.094663278,0,87,94.97083179,0.252247659,0.507914993
x4380d96,2021/11/7,23,480,0.005555556,6703,7488,124.8,57120,952,13740,229,2100,35,41280,360,0.240546218,0.036764706,0.006302521,86,93.77017744,0.259098743,0.530198195
x4380d96,2021/11/8,43,3000,0.034722222,11772,12572,209.5333333,,,,,,,,,,,,,,0.242929512,0.516619711
x4380d96,2021/11/9,26,1440,0.016666667,5322,6094,101.5666667,111600,1860,24420,407,6780,113,80400,60,0.218817204,0.060752688,0.000537634,84,91.08098592,0.239234926,0.514282868
x4380d96,2021/11/10,28,1800,0.020833333,4754,4516,75.26666667,53400,890,15240,254,1980,33,36180,420,0.285393258,0.037078652,0.007865169,84,91.80817635,0.358433075,0.39300832
x4380d96,2021/11/17,41,4380,0.050694444,5098,5262,87.7,27540,459,3600,60,2100,35,21840,0,0.130718954,0.076252723,0,81,88.11790393,,
x4380d96,2021/11/18,45,3960,0.045833333,5274,5763,96.05,,,,,,,,,,,,,,0.255912298,0.524845914
x4380d96,2021/11/19,41,6900,0.079861111,5240,5533,92.21666667,53760,896,17640,294,360,6,35760,720,0.328125,0.006696429,0.013392857,79,89.03467402,0.245687363,0.52932593
x4380d96,2021/11/20,53,1200,0.013888889,4032,4329,72.15,,,,,,,,,,,,,,0.231620582,0.513407608
x4380d96,2021/11/21,38,7320,0.084722222,11306,11462,191.0333333,118560,1976,24780,413,4560,76,89220,780,0.209008097,0.038461538,0.006578947,77,89.29815224,0.26552279,0.521444398
x4380d96,2021/11/22,29,3000,0.034722222,2954,2544,42.4,176100,2935,32820,547,16980,283,126300,2100,0.18637138,0.096422487,0.011925043,75,87.99892308,0.252137416,0.557282761
x4380d96,2021/11/23,39,10080,0.116666667,5853,5178,86.3,29940,499,3600,60,0,0,26340,0,0.120240481,0,0,75,88.31840796,0.23874409,0.513106111
x4380d96,2021/11/24,58,6180,0.071527778,7035,6698,111.6333333,27720,462,5220,87,0,0,22500,480,0.188311688,0,0.017316017,,,0.241022257,0.521039007
x4380d96,2021/11/25,34,900,0.010416667,3357,3399,56.65,27720,462,9600,160,1080,18,17040,120,0.346320346,0.038961039,0.004329004,85,90.06437768,0.248924712,0.507427621
x4380d96,2021/11/26,38,4380,0.050694444,7110,7392,123.2,49020,817,21720,362,1020,17,26280,0,0.443084455,0.020807834,0,82,87.88888889,0.242941883,0.534865095
x4380d96,2021/11/27,42,13140,0.152083333,5437,5634,93.9,60900,1015,21720,362,4560,76,34620,480,0.356650246,0.074876847,0.007881773,82,91.70558376,0.268453856,0.511276313
x4380d96,2021/11/28,30,300,0.003472222,918,796,13.26666667,66900,1115,14640,244,2940,49,49320,60,0.218834081,0.043946188,0.000896861,86,89.14689978,0.328979567,0.608864554
x4380d96,2021/11/29,51,11700,0.135416667,4890,3930,65.5,45540,759,8220,137,2640,44,34680,300,0.180500659,0.057971014,0.006587615,84,89.87948868,0.236643628,0.516418091
x4380d96,2021/11/30,45,60,0.000694444,12,60,1,,,,,,,,,,,,,,,
x4380d96,2022/3/8,47,2460,0.028472222,407,818,13.63333333,,,,,,,,,,,,,,0.142221246,0.429657871
x4380d96,2022/3/9,30,600,0.006944444,1854,2306,38.43333333,,,,,,,,,,,,,,0.2488168,0.504851714
x4380d96,2022/3/10,33,3900,0.045138889,7739,7265,121.0833333,,,,,,,,,,,,,,0.232867884,0.502141909
x4380d96,2022/3/11,31,1200,0.013888889,11763,11868,197.8,,,,,,,,,,,,,,0.255676537,0.495365821
x4380d96,2022/3/12,26,840,0.009722222,6662,7703,128.3833333,,,,,,,,,,,,,,0.270277139,0.505813436
x4380d96,2022/3/13,22,540,0.00625,1763,2529,42.15,,,,,,,,,,,,,,0.246461828,0.502378653
x4380d96,2022/3/14,39,7320,0.084722222,9459,8935,148.9166667,,,,,,,,,,,,,,0.232754533,0.521932466
x4380d96,2022/3/15,33,3540,0.040972222,8298,8336,138.9333333,,,,,,,,,,,,,,0.232198142,0.529668692
x4380d96,2022/3/16,37,3060,0.035416667,9578,8449,140.8166667,,,,,,,,,,,,,,0.240497235,0.529589101
x4380d96,2022/3/17,28,1920,0.022222222,5850,6473,107.8833333,,,,,,,,,,,,,,0.235026962,0.508326348
x4380d96,2022/3/18,45,12960,0.15,9816,9027,150.45,,,,,,,,,,,,,,0.251896656,0.499360242
x4380d96,2022/3/19,39,180,0.002083333,5555,86,1.433333333,,,,,,,,,,,,,,,
x4380d96,2022/3/20,34,3780,0.04375,3371,3421,57.01666667,,,,,,,,,,,,,,0.25958375,0.51790212
x4380d96,2022/3/21,40,4260,0.049305556,5826,5878,97.96666667,,,,,,,,,,,,,,0.200154915,0.545995195
x4380d96,2022/3/22,22,,,40,120,2,,,,,,,,,,,,,,,
x4380d96,2022/3/29,39,6600,0.076388889,6956,6871,114.5166667,,,,,,,,,,,,,,,
x4380d96,2022/3/30,33,1980,0.022916667,5883,5366,89.43333333,,,,,,,,,,,,,,0.243712516,0.528605277
x4380d96,2022/3/31,20,900,0.010416667,3662,3219,53.65,,,,,,,,,,,,,,0.256969741,0.504081461
x4380d96,2022/4/1,47,1500,0.017361111,5300,4513,75.21666667,,,,,,,,,,,,,,0.254716866,0.523086693
x4380d96,2022/4/2,28,600,0.006944444,2618,2612,43.53333333,,,,,,,,,,,,,,0.245130568,0.509416623
x4380d96,2022/4/3,48,14160,0.163888889,134,338,5.633333333,,,,,,,,,,,,,,0.250633264,0.499082057
x4380d96,2022/4/4,35,1560,0.018055556,482,943,15.71666667,,,,,,,,,,,,,,0.252068292,0.502896193
x4380d96,2022/4/5,41,360,0.004166667,1793,1490,24.83333333,,,,,,,,,,,,,,,
x4380d96,2022/4/6,28,420,0.004861111,481,688,11.46666667,,,,,,,,,,,,,,0.253234816,0.505562233
x4380d96,2022/4/7,43,480,0.005555556,3012,2839,47.31666667,,,,,,,,,,,,,,0.237144122,0.511339022
x4380d96,2022/4/8,33,720,0.008333333,1495,1951,32.51666667,,,,,,,,,,,,,,0.254212602,0.495754834
x4380d96,2022/4/9,43,13020,0.150694444,9085,8610,143.5,,,,,,,,,,,,,,0.215982972,0.549496904
x4380d96,2022/4/10,38,1140,0.013194444,604,972,16.2,,,,,,,,,,,,,,0.253931152,0.493566133
x4380d96,2022/4/15,38,1620,0.01875,776,1333,22.21666667,,,,,,,,,,,,,,,
x4380d96,2022/4/16,45,16140,0.186805556,4658,3875,64.58333333,,,,,,,,,,,,,,0.247840048,0.517903666
x4380d96,2022/4/17,38,4140,0.047916667,5944,5952,99.2,,,,,,,,,,,,,,0.266234089,0.519615155
x4380d96,2022/4/18,50,8520,0.098611111,5456,5337,88.95,,,,,,,,,,,,,,0.238814256,0.525850265
x4380d96,2022/4/19,44,12840,0.148611111,5779,4920,82,,,,,,,,,,,,,,0.268999248,0.531728116
x4380d96,2022/4/20,-1,,,2611,0,0,,,,,,,,,,,,,,,
x4380d96,2022/4/21,64,6900,0.079861111,6371,6059,100.9833333,,,,,,,,,,,,,,0.063640725,0.551949271
x4380d96,2022/4/22,54,18420,0.213194444,6339,6206,103.4333333,,,,,,,,,,,,,,0.242250044,0.50783101
x4380d96,2022/4/23,40,2460,0.028472222,995,1583,26.38333333,,,,,,,,,,,,,,0.254489076,0.494818256
x4380d96,2022/4/24,28,660,0.007638889,1919,2758,45.96666667,,,,,,,,,,,,,,0.257203319,0.50834509
x4380d96,2022/4/25,33,3840,0.044444444,4463,4188,69.8,,,,,,,,,,,,,,0.254792488,0.516761543
x4380d96,2022/4/26,27,1620,0.01875,4345,3850,64.16666667,,,,,,,,,,,,,,0.260387644,0.521053907
x4380d96,2022/4/27,44,15240,0.176388889,6461,5208,86.8,,,,,,,,,,,,,,0.240526939,0.528974245
x4380d96,2022/4/28,32,1680,0.019444444,256,498,8.3,,,,,,,,,,,,,,0.251100091,0.498998859
x4380d96,2022/4/29,37,60,0.000694444,12,60,1,,,,,,,,,,,,,,,
x4380d96,2022/5/19,68,480,0.005555556,25,180,3,,,,,,,,,,,,,,,
x4380d96,2022/5/20,-1,,,0,0,0,,,,,,,,,,,,,,0.25,0.5
x4380d96,2022/5/21,-1,,,0,0,0,,,,,,,,,,,,,,0.25,0.5
x4380d96,2022/5/22,-1,,,0,0,0,,,,,,,,,,,,,,0.25,0.5
x4380d96,2022/5/23,-1,,,0,0,0,,,,,,,,,,,,,,0.25,0.5
x4380d96,2022/5/24,-1,,,0,0,0,,,,,,,,,,,,,,0.25,0.5
x4380d96,2022/5/25,-1,,,0,0,0,,,,,,,,,,,,,,0.25,0.5
x4380d96,2022/5/26,20,,,91,40,0.666666667,,,,,,,,,,,,,,0.380683821,0.380683821
x4380e04,2021/10/15,43,5880,0.068055556,5831,7556,125.9333333,25260,421,12240,204,0,0,13020,480,0.48456057,0,0.019002375,87,91.8,,
x4380e04,2021/10/16,28,1080,0.0125,4009,4835,80.58333333,51660,861,16380,273,7920,132,27360,0,0.317073171,0.153310105,0,86,91.9517099,0.26999729,0.378787605
x4380e04,2021/10/17,28,3480,0.040277778,885,1781,29.68333333,118740,1979,17880,298,22260,371,75360,3960,0.150581102,0.187468418,0.033350177,85,90.68855885,0.255322201,0.492582986
x4380e04,2021/10/24,26,3180,0.036805556,2970,6094,101.5666667,32340,539,240,4,11400,190,20700,1140,0.00742115,0.352504638,0.035250464,86,91.9875,,
x4380e04,2021/10/25,36,4980,0.057638889,6221,6873,114.55,40020,667,10740,179,3960,66,25320,900,0.268365817,0.098950525,0.022488756,88,91.69230769,0.300527267,0.433850557
x4380e04,2021/10/26,28,5220,0.060416667,1064,1500,25,63480,1058,11700,195,10800,180,40140,1620,0.184310019,0.170132325,0.025519849,81,89.15519758,0.253533569,0.500447585
x4380e04,2021/10/27,56,22320,0.258333333,7374,8826,147.1,26340,439,3480,58,5280,88,17580,480,0.132118451,0.200455581,0.018223235,92,93.125,0.247880474,0.536357017
x4380e04,2021/10/28,57,7620,0.088194444,8992,9109,151.8166667,,,,,,,,,,,,,,0.253079129,0.495230432
x4380e04,2021/10/29,56,24420,0.282638889,6449,7828,130.4666667,35580,593,5160,86,4320,72,26100,1920,0.145025295,0.121416526,0.053962901,87,92.17142857,0.243967317,0.524487095
x4380e04,2021/10/30,38,8520,0.098611111,2473,2584,43.06666667,,,,,,,,,,,,,,0.257528396,0.487806624
x4380e04,2021/10/31,42,4080,0.047222222,5165,6423,107.05,,,,,,,,,,,,,,0.232304287,0.52253773
x4380e04,2021/11/1,53,18360,0.2125,4791,6738,112.3,51060,851,10380,173,6540,109,29880,1860,0.203290247,0.128084606,0.036427732,83,89.80203046,0.235011808,0.532122089
x4380e04,2021/11/2,33,7920,0.091666667,2139,2481,41.35,48300,805,12660,211,8520,142,26160,6720,0.262111801,0.176397516,0.139130435,88,90.86842105,0.256413923,0.487982459
x4380e04,2021/11/3,60,23640,0.273611111,8986,12103,201.7166667,,,,,,,,,,,,,,0.266307634,0.538436661
x4380e04,2021/11/4,45,8820,0.102083333,5591,6729,112.15,87540,1459,9120,152,16620,277,55140,4260,0.104180946,0.189856066,0.048663468,87,92.44290598,0.270239668,0.489677298
x4380e04,2021/11/5,37,4740,0.054861111,8135,10570,176.1666667,16320,272,8640,144,0,0,7680,1080,0.529411765,0,0.066176471,91,96.41538462,0.255017803,0.522629566
x4380e04,2021/11/6,37,5760,0.066666667,12390,14801,246.6833333,38280,638,8340,139,6360,106,23580,1200,0.217868339,0.166144201,0.031347962,92,96.08163265,0.258834143,0.561235253
x4380e04,2021/11/7,43,9600,0.111111111,510,1253,20.88333333,63420,1057,13980,233,11640,194,33000,1140,0.220435194,0.183538316,0.017975402,93,94.73684211,0.253678932,0.494756128
x4380e04,2021/11/8,39,3300,0.038194444,4121,5494,91.56666667,,,,,,,,,,,,,,0.248300497,0.515623069
x4380e04,2021/11/9,47,300,0.003472222,1399,1397,23.28333333,,,,,,,,,,,,,,0.254108679,0.491782643
x4380e04,2021/11/10,64,14160,0.163888889,6689,9425,157.0833333,,,,,,,,,,,,,,0.24513257,0.512929624
x4380e04,2021/11/11,19,,,37,10,0.166666667,25080,418,5820,97,4320,72,14940,60,0.232057416,0.172248804,0.002392344,85,93.10460314,,
x4380e04,2022/3/31,47,4620,0.053472222,1906,1128,18.8,,,,,,,,,,,,,,,
x4380e04,2022/4/1,43,11460,0.132638889,7739,7939,132.3166667,,,,,,,,,,,,,,0.276222511,0.561865963
x4380e04,2022/4/2,42,10320,0.119444444,6984,7877,131.2833333,,,,,,,,,,,,,,0.269762455,0.514851359
x4380e04,2022/4/3,33,3660,0.042361111,1560,2294,38.23333333,,,,,,,,,,,,,,0.381952105,0.379141017
x4380e04,2022/4/5,-1,,,0,0,0,,,,,,,,,,,,,,,
x4380e04,2022/4/6,48,4560,0.052777778,2370,3277,54.61666667,,,,,,,,,,,,,,0.249084736,0.517296376
x4380e04,2022/4/7,37,9120,0.105555556,1126,2385,39.75,,,,,,,,,,,,,,0.256918407,0.492852467
x4380e04,2022/4/8,43,10980,0.127083333,5107,5306,88.43333333,,,,,,,,,,,,,,0.2621122,0.487165881
x4380e04,2022/4/9,40,19080,0.220833333,3968,5105,85.08333333,,,,,,,,,,,,,,0.265329971,0.489993235
x4380e04,2022/4/10,46,3480,0.040277778,4383,5837,97.28333333,,,,,,,,,,,,,,0.24379678,0.516614327
x4380e04,2022/4/11,50,26220,0.303472222,3967,4988,83.13333333,,,,,,,,,,,,,,0.280338652,0.493409235
x4380e04,2022/4/12,51,11880,0.1375,2854,5187,86.45,,,,,,,,,,,,,,0.267627188,0.487539348
x4380e04,2022/4/13,31,900,0.010416667,1693,2006,33.43333333,,,,,,,,,,,,,,,
x4380e04,2022/4/15,32,5460,0.063194444,2926,3738,62.3,,,,,,,,,,,,,,0.174878885,0.420359211
x4380e04,2022/4/16,20,2220,0.025694444,2059,2937,48.95,,,,,,,,,,,,,,0.25807843,0.483124259
x4380e04,2022/4/17,31,10020,0.115972222,2853,3888,64.8,,,,,,,,,,,,,,0.261999199,0.476547433
x4380e04,2022/4/18,64,25200,0.291666667,6994,9502,158.3666667,,,,,,,,,,,,,,0.251431852,0.495688137
x4380e04,2022/4/19,46,12120,0.140277778,9101,10448,174.1333333,,,,,,,,,,,,,,0.243797482,0.54246135
x4380e04,2022/4/20,41,10560,0.122222222,5062,6296,104.9333333,,,,,,,,,,,,,,0.245299382,0.536624604
x4380e04,2022/4/21,58,29880,0.345833333,4544,6375,106.25,,,,,,,,,,,,,,0.271576806,0.551780264
x4380e04,2022/4/22,56,23520,0.272222222,8524,10964,182.7333333,,,,,,,,,,,,,,0.22820464,0.550982901
x4380e04,2022/4/23,30,11040,0.127777778,3431,4076,67.93333333,,,,,,,,,,,,,,0.262377921,0.50731257
x4380e04,2022/4/24,29,6180,0.071527778,1839,4010,66.83333333,,,,,,,,,,,,,,0.257798276,0.495375652
x4380e04,2022/4/25,52,19500,0.225694444,6212,8684,144.7333333,,,,,,,,,,,,,,0.249062343,0.517818707
x4380e04,2022/4/26,58,16380,0.189583333,7359,7814,130.2333333,,,,,,,,,,,,,,0.245402575,0.525725343
x4380e04,2022/4/27,50,17820,0.20625,6268,8264,137.7333333,,,,,,,,,,,,,,0.249590458,0.507154193
x4380e04,2022/4/28,42,8580,0.099305556,1174,2567,42.78333333,,,,,,,,,,,,,,0.254828051,0.508868823
x4380e04,2022/4/29,50,9420,0.109027778,7581,8197,136.6166667,,,,,,,,,,,,,,0.240105878,0.515146478
x4380e04,2022/4/30,32,13020,0.150694444,4663,5081,84.68333333,,,,,,,,,,,,,,0.270690024,0.524365246
x4380e04,2022/5/1,38,10380,0.120138889,641,1725,28.75,,,,,,,,,,,,,,0.257833483,0.501342883
x4380e04,2022/5/2,48,25380,0.29375,2300,5228,87.13333333,,,,,,,,,,,,,,0.241819249,0.524475524
x4380e04,2022/5/3,54,30180,0.349305556,3064,5401,90.01666667,,,,,,,,,,,,,,0.27231707,0.545808375
x4380e04,2022/5/4,37,9900,0.114583333,126,315,5.25,,,,,,,,,,,,,,0.508654186,0.48039562
x4380e04,2022/5/22,77,10740,0.124305556,776,1777,29.61666667,,,,,,,,,,,,,,,
x4380e04,2022/5/23,52,16860,0.195138889,2396,4406,73.43333333,,,,,,,,,,,,,,0.272903618,0.457413089
x4380e04,2022/5/24,34,6180,0.071527778,994,2560,42.66666667,,,,,,,,,,,,,,0.260648596,0.479610358
x4380e04,2022/5/25,41,5760,0.066666667,2036,3344,55.73333333,,,,,,,,,,,,,,0.249410037,0.510149778
x4380e04,2022/5/26,43,6960,0.080555556,1702,2733,45.55,,,,,,,,,,,,,,0.245700216,0.497567739
x4380e04,2022/5/27,28,7680,0.088888889,3481,4431,73.85,,,,,,,,,,,,,,0.265746205,0.467208551
x4380e04,2022/5/28,38,10080,0.116666667,2920,3728,62.13333333,,,,,,,,,,,,,,0.259821947,0.481638281
x4380e04,2022/5/29,64,5880,0.068055556,159,615,10.25,,,,,,,,,,,,,,,
x46bbce2,2022/3/17,33,5400,0.0625,6398,5927,98.78333333,,,,,,,,,,,,,,,
x46bbce2,2022/3/18,41,8100,0.09375,8518,9556,159.2666667,,,,,,,,,,,,,,0.241039052,0.536821105
x46bbce2,2022/3/19,26,3180,0.036805556,9016,8990,149.8333333,,,,,,,,,,,,,,0.248994258,0.553255478
x46bbce2,2022/3/20,28,3060,0.035416667,616,1277,21.28333333,,,,,,,,,,,,,,0.25357424,0.498513915
x46bbce2,2022/3/21,35,2520,0.029166667,8006,8703,145.05,,,,,,,,,,,,,,0.262970256,0.54909456
x46bbce2,2022/3/22,38,5460,0.063194444,13995,15715,261.9166667,,,,,,,,,,,,,,0.201209126,0.578802603
x46bbce2,2022/3/23,29,540,0.00625,4072,5280,88,,,,,,,,,,,,,,0.252342209,0.504351578
x46bbce2,2022/3/24,8,,,11,60,1,,,,,,,,,,,,,,,
x46bbce2,2022/3/29,26,1200,0.013888889,2498,3851,64.18333333,,,,,,,,,,,,,,0.092903606,0.46039301
x46bbce2,2022/3/30,29,3600,0.041666667,1276,2258,37.63333333,,,,,,,,,,,,,,0.256185971,0.497753797
x46bbce2,2022/3/31,35,6240,0.072222222,4102,7108,118.4666667,,,,,,,,,,,,,,0.260840569,0.555105137
x46bbce2,2022/4/1,23,660,0.007638889,3173,4643,77.38333333,,,,,,,,,,,,,,0.257629316,0.517032181
x46bbce2,2022/4/2,20,300,0.003472222,3003,4081,68.01666667,,,,,,,,,,,,,,0.239819115,0.513896358
x46bbce2,2022/4/3,21,1200,0.013888889,1353,2398,39.96666667,,,,,,,,,,,,,,0.255886765,0.496440561
x46bbce2,2022/4/4,29,1560,0.018055556,3610,5527,92.11666667,,,,,,,,,,,,,,0.256959527,0.515768309
x46bbce2,2022/4/5,34,6840,0.079166667,4641,8051,134.1833333,,,,,,,,,,,,,,0.25816434,0.550105346
x46bbce2,2022/4/6,25,900,0.010416667,2016,2996,49.93333333,,,,,,,,,,,,,,0.24497626,0.505155628
x46bbce2,2022/4/7,29,1800,0.020833333,2244,3652,60.86666667,,,,,,,,,,,,,,0.245105622,0.508737371
x46bbce2,2022/4/8,23,1020,0.011805556,2554,3924,65.4,,,,,,,,,,,,,,0.251903584,0.492713032
x46bbce2,2022/4/9,36,3900,0.045138889,1983,3474,57.9,,,,,,,,,,,,,,0.243397728,0.511600704
x46bbce2,2022/4/10,20,420,0.004861111,1609,2228,37.13333333,,,,,,,,,,,,,,0.255465,0.499429739
x46bbce2,2022/4/11,18,360,0.004166667,1067,1700,28.33333333,,,,,,,,,,,,,,0.251924439,0.50338843
x46bbce2,2022/4/12,9,,,115,486,8.1,,,,,,,,,,,,,,,
x46bbce2,2022/4/17,30,1320,0.015277778,2003,2663,44.38333333,,,,,,,,,,,,,,0.191075267,0.425038945
x46bbce2,2022/4/18,31,120,0.001388889,2442,3280,54.66666667,,,,,,,,,,,,,,0.245404235,0.497076516
x46bbce2,2022/4/19,36,1920,0.022222222,1987,2351,39.18333333,,,,,,,,,,,,,,0.25401232,0.50624933
x46bbce2,2022/4/20,47,14160,0.163888889,10006,11032,183.8666667,,,,,,,,,,,,,,0.281648464,0.492952063
x46bbce2,2022/4/21,45,5160,0.059722222,3893,5203,86.71666667,,,,,,,,,,,,,,0.263938543,0.478666947
x46bbce2,2022/4/22,32,6240,0.072222222,4137,4502,75.03333333,,,,,,,,,,,,,,0.261349484,0.510537498
x46bbce2,2022/4/23,36,1680,0.019444444,1230,2406,40.1,,,,,,,,,,,,,,0.253179108,0.506501904
x46bbce2,2022/4/24,28,2100,0.024305556,2256,3782,63.03333333,,,,,,,,,,,,,,0.261452555,0.507485646
x46bbce2,2022/4/25,36,2940,0.034027778,1929,3565,59.41666667,,,,,,,,,,,,,,0.260397175,0.504376169
x46bbce2,2022/4/26,41,9300,0.107638889,4261,6543,109.05,,,,,,,,,,,,,,0.266554251,0.530034373
x46bbce2,2022/4/27,45,10500,0.121527778,10771,9261,154.35,,,,,,,,,,,,,,0.279001279,0.53680621
x46bbce2,2022/4/28,37,7440,0.086111111,1377,2676,44.6,,,,,,,,,,,,,,0.2572739,0.487422961
x46bbce2,2022/4/29,31,2880,0.033333333,1795,2776,46.26666667,,,,,,,,,,,,,,0.244738353,0.503324404
x46bbce2,2022/4/30,30,6240,0.072222222,3680,5197,86.61666667,,,,,,,,,,,,,,0.264891691,0.501003658
x46bbce2,2022/5/1,36,11160,0.129166667,2141,3170,52.83333333,,,,,,,,,,,,,,0.25708399,0.515028481
x46bbce2,2022/5/2,35,2640,0.030555556,3913,3542,59.03333333,,,,,,,,,,,,,,0.260324893,0.512225736
x46bbce2,2022/5/3,37,2340,0.027083333,4498,4361,72.68333333,,,,,,,,,,,,,,0.236399761,0.506710223
x46bbce2,2022/5/4,39,1800,0.020833333,1316,1608,26.8,,,,,,,,,,,,,,0.315903465,0.385652405
x46bbce2,2022/5/22,29,2280,0.026388889,3064,2551,42.51666667,,,,,,,,,,,,,,0.332873592,0.359187342
x46bbce2,2022/5/23,24,360,0.004166667,1768,2369,39.48333333,,,,,,,,,,,,,,0.253693796,0.499769691
x46bbce2,2022/5/24,49,960,0.011111111,1852,2041,34.01666667,,,,,,,,,,,,,,0.244087768,0.505695895
x46bbce2,2022/5/25,26,2340,0.027083333,594,1085,18.08333333,,,,,,,,,,,,,,0.252476118,0.497673328
x46bbce2,2022/5/26,36,180,0.002083333,927,1407,23.45,,,,,,,,,,,,,,0.252726695,0.49525255
x46bbce2,2022/5/27,29,10860,0.125694444,10171,9430,157.1666667,,,,,,,,,,,,,,0.28261154,0.504919534
x46bbce2,2022/5/28,39,3420,0.039583333,594,945,15.75,,,,,,,,,,,,,,0.252062489,0.49903458
x46bbce2,2022/5/29,-1,,,0,0,0,,,,,,,,,,,,,,,
x46bbce2,2022/12/24,36,1440,0.016666667,7903,7964,132.7333333,20880,348,7920,132,3120,52,9840,0,0.379310345,0.149425287,0,84,90.06486486,0.206090921,0.38048204
x46bbce2,2022/12/25,18,780,0.009027778,74,109,1.816666667,194640,3244,27240,454,35520,592,131880,1860,0.139950678,0.182490752,0.009556104,84,91.70815451,0.250141962,0.500411399
x46bbce2,2022/12/26,-1,,,30,52,0.866666667,,,,,,,,,,,,,,0.44713091,0.44713091
x46bbcfb,2022/3/17,32,1920,0.022222222,6207,6648,110.8,,,,,,,,,,,,,,,
x46bbcfb,2022/3/18,27,1500,0.017361111,8576,10275,171.25,,,,,,,,,,,,,,0.26608867,0.523586207
x46bbcfb,2022/3/19,-1,,,0,0,0,,,,,,,,,,,,,,,
x46bbcfb,2022/3/24,27,1020,0.011805556,4261,5341,89.01666667,,,,,,,,,,,,,,,
x46bbcfb,2022/3/25,-1,,,0,0,0,,,,,,,,,,,,,,0.25,0.5
x46bbcfb,2022/3/26,-1,,,0,0,0,,,,,,,,,,,,,,0.25,0.5
x46bbcfb,2022/3/27,-1,,,0,0,0,,,,,,,,,,,,,,0.254596888,0.490806223
x46bbcfb,2022/3/28,-1,,,0,0,0,,,,,,,,,,,,,,0.25,0.5
x46bbcfb,2022/3/29,-1,,,0,0,0,,,,,,,,,,,,,,0.25,0.5
x46bbcfb,2022/3/30,-1,,,0,0,0,,,,,,,,,,,,,,0.25,0.5
x46bbcfb,2022/3/31,-1,,,0,0,0,,,,,,,,,,,,,,0.25,0.5
x46bbcfb,2022/4/18,-1,,,16,60,1,,,,,,,,,,,,,,,
x46bbcfb,2022/4/19,58,7980,0.092361111,4372,5636,93.93333333,,,,,,,,,,,,,,0.252249065,0.545271909
x46bbcfb,2022/4/20,70,,,0,0,0,,,,,,,,,,,,,,0.25,0.5
x46bbcfb,2022/4/21,-1,,,0,0,0,,,,,,,,,,,,,,0.25,0.5
x46bbcfb,2022/4/22,-1,,,11,60,1,,,,,,,,,,,,,,0.249478805,0.500347464
x46bbcfb,2022/4/23,-1,,,0,0,0,,,,,,,,,,,,,,0.25,0.5
x46bbcfb,2022/4/24,-1,,,0,0,0,,,,,,,,,,,,,,0.251748252,0.496503497
x4a8870f,2022/11/21,40,4380,0.050694444,10796,10544,175.7333333,,,,,,,,,,,,,,,
x4a8870f,2022/11/22,29,1560,0.018055556,8995,8559,142.65,20040,334,4080,68,0,0,15960,480,0.203592814,0,0.023952096,84,92.367713,0.210917126,0.55343585
x4a8870f,2022/11/23,-1,,,0,0,0,,,,,,,,,,,,,,0.25,0.5
x4a8870f,2022/11/24,40,900,0.010416667,7882,7474,124.5666667,,,,,,,,,,,,,,0.250720317,0.493360559
x4a8870f,2022/11/25,31,2580,0.029861111,13920,13718,228.6333333,16200,270,5520,92,0,0,10680,300,0.340740741,0,0.018518519,81,90.51219512,0.241645804,0.494693589
x4a8870f,2022/11/26,25,1500,0.017361111,7184,7022,117.0333333,14280,238,2220,37,0,0,12060,0,0.155462185,0,0,,,0.264893644,0.515647989
x4a8870f,2022/11/27,28,1740,0.020138889,7042,7881,131.35,22080,368,8460,141,0,0,13620,1380,0.383152174,0,0.0625,84,90.98039216,0.271437579,0.496847415
x4a8870f,2022/11/28,27,1020,0.011805556,4264,4259,70.98333333,20940,349,1380,23,0,0,19560,2220,0.065902579,0,0.106017192,86,91.4047619,,
x4a8870f,2022/11/29,33,1080,0.0125,8998,8479,141.3166667,21060,351,2460,41,0,0,18600,660,0.116809117,0,0.031339031,84,89.93548387,0.242204793,0.506851594
x4a8870f,2022/11/30,29,2460,0.028472222,8590,8411,140.1833333,,,,,,,,,,,,,,0.231746356,0.544261501
x4a8870f,2022/12/1,40,13200,0.152777778,8923,8218,136.9666667,14220,237,3960,66,0,0,10260,0,0.278481013,0,0,77,88.76433121,0.257739873,0.541553837
x4a8870f,2022/12/2,29,1920,0.022222222,9032,8857,147.6166667,14580,243,2100,35,0,0,12480,660,0.144032922,0,0.04526749,84,92.66666667,0.252427685,0.516616587
x4a8870f,2022/12/3,33,4980,0.057638889,4722,4737,78.95,17340,289,3960,66,0,0,13380,0,0.228373702,0,0,,,0.262664854,0.519635575
x4a8870f,2022/12/4,26,360,0.004166667,1583,2676,44.6,20100,335,2040,34,0,0,18060,240,0.101492537,0,0.011940299,85,92.46363636,0.251540777,0.492618604
x4a8870f,2022/12/5,-1,,,0,0,0,,,,,,,,,,,,,,0.25,0.5
x4a8870f,2022/12/6,-1,,,0,0,0,,,,,,,,,,,,,,0.25,0.5
x4a8870f,2022/12/7,20,,,0,0,0,,,,,,,,,,,,,,0.25,0.5
x4a8870f,2022/12/8,-1,,,0,0,0,,,,,,,,,,,,,,0.25,0.5
x4a8870f,2022/12/9,-1,,,0,0,0,,,,,,,,,,,,,,0.25,0.5
x4a8870f,2022/12/10,-1,,,0,0,0,,,,,,,,,,,,,,0.25,0.5
x4a8870f,2022/12/11,-1,,,0,0,0,,,,,,,,,,,,,,0.25,0.5
x4a8870f,2022/12/12,-1,,,0,0,0,,,,,,,,,,,,,,0.25,0.5
x4a8870f,2022/12/13,-1,,,0,0,0,,,,,,,,,,,,,,0.25,0.5
x4a8870f,2022/12/14,22,1320,0.015277778,616,861,14.35,,,,,,,,,,,,,,0.250938169,0.496966296
x4a8870f,2022/12/15,53,15120,0.175,11558,10853,180.8833333,15600,260,840,14,0,0,14760,1320,0.053846154,0,0.084615385,86,91.88888889,0.259189444,0.530153396
x4a8870f,2022/12/16,-1,,,0,0,0,,,,,,,,,,,,,,0.25,0.5
x4a8870f,2022/12/17,-1,,,0,0,0,,,,,,,,,,,,,,0.25,0.5
x4a8870f,2022/12/18,-1,,,0,0,0,,,,,,,,,,,,,,0.251221214,0.497557572
x4a8870f,2022/12/19,-1,,,0,0,0,,,,,,,,,,,,,,0.25,0.5
x4a8870f,2022/12/20,-1,,,0,0,0,,,,,,,,,,,,,,0.25,0.5
x4a8870f,2022/12/21,33,,,0,0,0,,,,,,,,,,,,,,0.25,0.5
x4a8870f,2022/12/22,-1,,,0,0,0,,,,,,,,,,,,,,0.25,0.5
x4a8870f,2022/12/28,83,21900,0.253472222,4733,2983,49.71666667,,,,,,,,,,,,,,0.16723239,0.156419498
x4a88722,2022/11/22,42,180,0.002083333,6391,5109,85.15,,,,,,,,,,,,,,,
x4a88722,2022/11/23,46,6480,0.075,14056,14077,234.6166667,,,,,,,,,,,,,,0.288328259,0.487095146
x4a88722,2022/11/24,21,60,0.000694444,4839,4025,67.08333333,,,,,,,,,,,,,,0.243289833,0.522525038
x4a88722,2022/11/25,7,,,0,0,0,,,,,,,,,,,,,,0.25,0.5
x4a88722,2022/11/26,8,,,0,0,0,,,,,,,,,,,,,,0.25,0.5
x4a88722,2022/11/27,-1,,,0,0,0,,,,,,,,,,,,,,0.25,0.5
x4a88722,2022/12/25,-1,,,0,0,0,,,,,,,,,,,,,,,
x4a88722,2022/12/26,-1,,,0,0,0,,,,,,,,,,,,,,,
x4a8872f,2022/12/17,19,1380,0.015972222,1508,2095,34.91666667,31380,523,16980,283,0,0,14400,240,0.541108987,0,0.007648184,88,94.61111111,,
x4a8872f,2022/12/18,24,3540,0.040972222,502,800,13.33333333,33540,559,4560,76,8460,141,20520,180,0.135957066,0.252236136,0.005366726,88,94.61111111,0.247850467,0.504672897
x4a8872f,2022/12/19,-1,,,0,0,0,,,,,,,,,,,,,,0.25,0.5
x4a8872f,2022/12/20,-1,,,0,0,0,,,,,,,,,,,,,,0.25,0.5
x4a8872f,2022/12/21,-1,,,0,0,0,,,,,,,,,,,,,,0.25,0.5
x4a8872f,2022/12/22,-1,,,0,0,0,,,,,,,,,,,,,,0.25,0.5
x4a8872f,2022/12/23,-1,,,0,0,0,,,,,,,,,,,,,,0.25,0.5
x4a8872f,2022/12/24,-1,,,0,0,0,,,,,,,,,,,,,,0.25,0.5
x4a8872f,2022/12/25,-1,,,0,0,0,28380,473,21900,365,0,0,6480,660,0.77167019,0,0.023255814,85,93.93939394,0.213973799,0.3930131
x4a8872f,2022/12/26,44,11700,0.135416667,3016,3933,65.55,,,,,,,,,,,,,,0.369788162,0.439170591
x4a88747,2022/12/23,38,9960,0.115277778,15072,16035,267.25,29520,492,2640,44,9540,159,17340,240,0.089430894,0.323170732,0.008130081,,,0.216434428,0.433070074
x4a88747,2022/12/24,37,2880,0.033333333,8208,10118,168.6333333,,,,,,,,,,,,,,0.27458834,0.539412026
x4a88747,2022/12/25,17,240,0.002777778,1720,2274,37.9,38280,638,13380,223,0,0,24900,240,0.349529781,0,0.006269592,,,0.258819018,0.482361963
x4a88747,2022/12/26,29,2640,0.030555556,12429,10194,169.9,,,,,,,,,,,,,,0.263974269,0.514694058
x4a88747,2022/12/27,31,3900,0.045138889,7305,6592,109.8666667,32160,536,14700,245,0,0,17460,60,0.457089552,0,0.001865672,,,0.282102184,0.462843486
x4a8b780,2022/12/22,42,6960,0.080555556,8861,12427,207.1166667,21300,355,9840,164,0,0,11460,0,0.461971831,0,0,82,91.87083333,,
x4a8b780,2022/12/23,34,6060,0.070138889,7377,8358,139.3,42300,705,23760,396,1620,27,16920,2580,0.561702128,0.038297872,0.060992908,83,94.21296296,0.261522682,0.494988445
x4a8b780,2022/12/24,30,3780,0.04375,12351,15573,259.55,45420,757,21180,353,1920,32,22320,420,0.466314399,0.042272127,0.009247028,90,95.43317744,0.28157925,0.571276412
x4a8b780,2022/12/25,8,60,0.000694444,369,363,6.05,66900,1115,23160,386,4860,81,38880,660,0.346188341,0.07264574,0.009865471,84,91.33893341,0.473351341,0.467466017
x4a94ab1,2022/12/24,42,1860,0.021527778,10185,9864,164.4,,,,,,,,,,,,,,,
x4a94ab1,2022/12/25,-1,,,0,0,0,,,,,,,,,,,,,,0.25,0.5
x4a94ab1,2022/12/26,34,120,0.001388889,2692,2770,46.16666667,,,,,,,,,,,,,,0.258280521,0.495133325
x4a94ab1,2022/12/27,-1,,,0,0,0,,,,,,,,,,,,,,,
x4a94d54,2022/12/25,31,3660,0.042361111,2875,3769,62.81666667,31440,524,3780,63,5760,96,21900,0,0.120229008,0.183206107,0,83,91.88669951,,
x4a94d54,2022/12/26,31,4320,0.05,4221,4450,74.16666667,47880,798,13620,227,4800,80,29460,60,0.284461153,0.100250627,0.001253133,87,92.58291457,0.300346788,0.371828918
x4a94d54,2022/12/27,40,13020,0.150694444,1627,2647,44.11666667,26340,439,3180,53,4800,80,18360,60,0.120728929,0.182232346,0.002277904,83,91.27669903,0.262248095,0.378729616
x4a94d54,2022/12/28,20,960,0.011111111,221,748,12.46666667,39240,654,9060,151,5640,94,24540,60,0.23088685,0.143730887,0.001529052,83,90.81443299,,
x4a94dbc,2022/12/24,21,600,0.006944444,583,1920,32,127080,2118,26820,447,7620,127,92640,4380,0.211048159,0.059962229,0.034466478,,,,
x4a94dbc,2022/12/25,11,,,0,0,0,,,,,,,,,,,,,,,
x4a94dbc,2022/12/26,26,,,179,540,9,,,,,,,,,,,,,,,
x4a94dbc,2022/12/27,28,1260,0.014583333,428,1542,25.7,107940,1799,23340,389,19500,325,59580,4260,0.21623124,0.18065592,0.03946637,,,0.254542883,0.502015131
x4a94dbc,2022/12/28,18,420,0.004861111,1881,2459,40.98333333,83820,1397,10680,178,4260,71,68880,660,0.127415891,0.050823193,0.007874016,,,0.439690802,0.475860682
x4a94dd3,2022/12/24,16,1620,0.01875,571,1291,21.51666667,,,,,,,,,,,,,,,
x4a94dd3,2022/12/26,26,1860,0.021527778,9739,9572,159.5333333,36900,615,12660,211,4080,68,20160,420,0.343089431,0.110569106,0.011382114,88,96.73438774,,
x4a94dd3,2022/12/27,32,4020,0.046527778,4512,5102,85.03333333,88020,1467,39840,664,3480,58,44700,780,0.452624404,0.039536469,0.008861622,90,95.03813559,0.320934684,0.359087759
x4a94dd3,2022/12/28,23,1320,0.015277778,1088,1859,30.98333333,67380,1123,14340,239,10440,174,42600,660,0.212822796,0.154942119,0.009795191,82,88.42433261,0.453363021,0.458014594
x4a94df8,2022/12/26,23,3120,0.036111111,2399,2949,49.15,26100,435,4380,73,2280,38,19440,120,0.167816092,0.087356322,0.004597701,90,94.63507109,,
x4a94df8,2022/12/27,24,960,0.011111111,2998,2723,45.38333333,44160,736,13680,228,2640,44,27840,420,0.309782609,0.059782609,0.00951087,88,92.30868379,,
x4a94e25,2022/12/25,39,4080,0.047222222,1555,1979,32.98333333,,,,,,,,,,,,,,,
x4a94e25,2022/12/26,-1,,,0,0,0,27300,455,0,0,1920,32,25380,720,0,0.07032967,0.026373626,,,0.416184971,0.416184971
x4a94e25,2022/12/27,68,26580,0.307638889,15239,14193,236.55,,,,,,,,,,,,,,0.292261656,0.375035754
x4a94e25,2022/12/28,54,13140,0.152083333,13469,11166,186.1,44880,748,9600,160,6840,114,28440,420,0.213903743,0.152406417,0.009358289,,,0.294696062,0.400840488
x4a94e38,2022/9/28,39,5700,0.065972222,9976,12440,207.3333333,,,,,,,,,,,,,,,
x4a94e38,2022/12/25,54,6780,0.078472222,6540,7928,132.1333333,,,,,,,,,,,,,,,
x4a94e38,2022/12/26,64,300,0.003472222,784,941,15.68333333,,,,,,,,,,,,,,0.425875904,0.414046018
x4a94e56,2022/12/26,40,11400,0.131944444,6675,9422,157.0333333,28440,474,2460,41,3840,64,22140,360,0.08649789,0.135021097,0.012658228,84,93.27722772,,
x4a94e56,2022/12/27,29,4020,0.046527778,2954,3618,60.3,68580,1143,10800,180,12960,216,44820,1020,0.157480315,0.188976378,0.014873141,93,96.15664331,0.322171432,0.370981102
x4a94e56,2022/12/28,16,180,0.002083333,267,780,13,41040,684,8340,139,3480,58,29220,1320,0.203216374,0.084795322,0.032163743,93,96.85833333,,
x4a96c3a,2022/12/21,45,4260,0.049305556,11765,10846,180.7666667,,,,,,,,,,,,,,,
x4a96c3a,2022/12/22,31,1980,0.022916667,14080,13333,222.2166667,46560,776,7620,127,7320,122,31620,720,0.163659794,0.157216495,0.015463918,85,90.2816092,0.248222894,0.509477899
x4a96c3a,2022/12/23,33,8160,0.094444444,11443,12497,208.2833333,57840,964,9540,159,10320,172,37980,120,0.164937759,0.178423237,0.002074689,90,94.2278481,0.246345189,0.551385555
x4a96c3a,2022/12/24,27,1500,0.017361111,11736,11338,188.9666667,,,,,,,,,,,,,,0.286974544,0.448982303
x4a96c3a,2022/12/25,30,3300,0.038194444,17021,15846,264.1,,,,,,,,,,,,,,0.299079681,0.489969644
x4a96c3a,2022/12/27,18,1680,0.019444444,7770,5255,87.58333333,,,,,,,,,,,,,,0.241424819,0.490265331
x4a96c3a,2022/12/28,14,840,0.009722222,7023,6052,100.8666667,104040,1734,25260,421,14820,247,63960,1020,0.242791234,0.142445213,0.009803922,84,89.55833333,0.401219377,0.459195211
x4a96c7b,2022/12/26,78,7140,0.082638889,2035,3982,66.36666667,,,,,,,,,,,,,,,
x4a96c7b,2022/12/27,52,7320,0.084722222,2129,3345,55.75,23760,396,15780,263,0,0,7980,2220,0.664141414,0,0.093434343,,,0.314418194,0.386089645
x4a96c7b,2022/12/28,38,1080,0.0125,1600,2441,40.68333333,44700,745,14640,244,2160,36,27900,840,0.327516779,0.048322148,0.018791946,75,84.22826087,0.465471463,0.49223431
x4b85835,2023/3/5,30,4860,0.05625,17743,17761,296.0166667,27120,452,3000,50,9840,164,14280,120,0.110619469,0.362831858,0.004424779,87,93.31162791,0.346032847,0.283683024
x4b85835,2023/3/6,14,180,0.002083333,3165,2943,49.05,45360,756,21120,352,4440,74,19800,360,0.465608466,0.097883598,0.007936508,84,93.55208333,0.312925768,0.370632444
x4b85835,2023/3/19,24,360,0.004166667,13480,11727,195.45,,,,,,,,,,,,,,0.278932541,0.355032739
x4b85835,2023/3/20,20,780,0.009027778,455,1004,16.73333333,44520,742,27240,454,0,0,17280,780,0.611859838,0,0.017520216,83,91.67857143,0.252925409,0.492023758
x4b85835,2023/3/21,18,480,0.005555556,1794,1593,26.55,40020,667,7320,122,0,0,32700,120,0.182908546,0,0.002998501,81,91.22857143,,
x4b85835,2023/3/28,43,10080,0.116666667,13406,13791,229.85,,,,,,,,,,,,,,0.2624898,0.340738054
x4b85835,2023/3/29,13,,,0,0,0,,,,,,,,,,,,,,,
x4b85835,2023/3/30,36,4380,0.050694444,16523,15863,264.3833333,22560,376,3960,66,4920,82,13680,240,0.175531915,0.218085106,0.010638298,85,92.89777778,,
x4b85835,2023/3/31,13,120,0.001388889,411,865,14.41666667,27600,460,4200,70,5340,89,18060,420,0.152173913,0.193478261,0.015217391,83,93.41029144,,
x4b85835,2023/5/31,40,6900,0.079861111,15000,15336,255.6,25140,419,1200,20,9720,162,14220,1140,0.047732697,0.386634845,0.045346062,86,93.25678119,0.399187716,0.128908423
x4b85835,2023/6/1,18,360,0.004166667,6430,6375,106.25,49440,824,6420,107,9900,165,33120,480,0.129854369,0.200242718,0.009708738,81,92.78202565,0.427657227,0.519480201
x4b8584f,2023/3/5,14,60,0.000694444,8659,8067,134.45,32820,547,6420,107,9540,159,16860,180,0.195612431,0.290676417,0.005484461,84,93.49029126,0.165193622,0.403917995
x4b8584f,2023/3/6,21,,,3914,4455,74.25,57900,965,14460,241,10380,173,33060,1680,0.249740933,0.179274611,0.029015544,86,93.30559451,0.34753583,0.396116505
x4b8584f,2023/3/7,10,,,2812,3173,52.88333333,22140,369,4560,76,4500,75,13080,0,0.20596206,0.203252033,0,81,91.81212121,,
x4b8584f,2023/3/19,20,60,0.000694444,3508,4382,73.03333333,,,,,,,,,,,,,,0.227429708,0.405420624
x4b8584f,2023/3/20,17,,,2377,3038,50.63333333,59400,990,10740,179,7740,129,40920,540,0.180808081,0.13030303,0.009090909,83,93.29226324,0.293951749,0.618926458
x4b8584f,2023/3/21,14,,,871,1376,22.93333333,,,,,,,,,,,,,,,
x4b8584f,2023/3/30,14,120,0.001388889,5851,4548,75.8,23160,386,4260,71,5100,85,13800,0,0.183937824,0.220207254,0,83,92.28272251,,
x4b8584f,2023/3/31,13,60,0.000694444,22,75,1.25,55080,918,8100,135,5340,89,41640,300,0.147058824,0.096949891,0.005446623,84,93.74929972,,
x4b8584f,2023/5/30,19,300,0.003472222,5341,5714,95.23333333,,,,,,,,,,,,,,,
x4b8584f,2023/5/31,17,960,0.011111111,7607,8355,139.25,92100,1535,16980,283,13260,221,61860,720,0.184364821,0.143973941,0.00781759,81,89.51464146,,
x4b8584f,2023/6/1,7,,,48,105,1.75,,,,,,,,,,,,,,,
x4b85866,2023/3/3,37,10740,0.124305556,8657,10515,175.25,89160,1486,9600,160,20040,334,59520,540,0.107671602,0.224764468,0.006056528,86,91.81944444,,
x4b85866,2023/3/4,13,60,0.000694444,248,580,9.666666667,32340,539,2460,41,8640,144,21240,180,0.07606679,0.26716141,0.005565863,84,92.5125,,
x4b85866,2023/3/5,38,4680,0.054166667,10104,10107,168.45,52440,874,10860,181,6540,109,35040,1380,0.207093822,0.124713959,0.026315789,83,91.02045455,0.178243094,0.434251228
x4b85866,2023/3/6,42,6000,0.069444444,17039,13901,231.6833333,,,,,,,,,,,,,,0.261401691,0.466084005
x4b85866,2023/3/7,64,7860,0.090972222,9969,10013,166.8833333,,,,,,,,,,,,,,0.331435512,0.196285331
x4b85866,2023/3/19,48,13980,0.161805556,3532,6861,114.35,79560,1326,10620,177,26280,438,42660,5340,0.133484163,0.330316742,0.067119155,79,90.79218341,0.127993177,0.440486343
x4b85866,2023/3/20,46,6180,0.071527778,15094,12504,208.4,49020,817,12960,216,0,0,36060,900,0.264381885,0,0.018359853,79,89.61309249,0.24449434,0.521915082
x4b85866,2023/3/21,28,2520,0.029166667,3161,3751,62.51666667,,,,,,,,,,,,,,0.442282811,0.502481827
x4b85866,2023/3/28,37,8160,0.094444444,15262,13265,221.0833333,26280,438,2700,45,8100,135,15480,120,0.102739726,0.308219178,0.00456621,85,91.35545024,0.307714844,0.246557617
x4b85866,2023/3/30,44,11640,0.134722222,11306,10811,180.1833333,49980,833,8760,146,7920,132,33300,240,0.175270108,0.158463385,0.004801921,81,90.0585901,0.256154236,0.372663623
x4b85866,2023/3/31,7,60,0.000694444,166,491,8.183333333,,,,,,,,,,,,,,,
x4b85866,2023/5/31,38,8400,0.097222222,10484,10813,180.2166667,53760,896,7800,130,7800,130,38160,1500,0.145089286,0.145089286,0.027901786,90,94.3106383,0.289190473,0.361446779
x4b85866,2023/6/1,6,120,0.001388889,1769,2374,39.56666667,,,,,,,,,,,,,,,
x4b8fd41,2023/3/7,21,600,0.006944444,5531,6383,106.3833333,,,,,,,,,,,,,,,
x4b8fd41,2023/3/19,51,6000,0.069444444,12165,15489,258.15,89520,1492,17220,287,14100,235,58200,2040,0.192359249,0.157506702,0.022788204,82,94.16745633,0.051465238,0.440894357
x4b8fd41,2023/3/20,35,2880,0.033333333,12110,16775,279.5833333,15660,261,7680,128,0,0,7980,300,0.490421456,0,0.019157088,83,91.05063291,0.212425465,0.578057407
x4b8fd41,2023/3/21,15,60,0.000694444,437,622,10.36666667,40440,674,8520,142,3360,56,28560,720,0.210682493,0.083086053,0.017804154,83,91.17331646,,
x4b8fd41,2023/3/27,26,2400,0.027777778,13918,17825,297.0833333,,,,,,,,,,,,,,0.298775075,0.392242145
x4b8fd41,2023/3/28,47,2160,0.025,8586,14448,240.8,,,,,,,,,,,,,,0.22861074,0.562430509
x4b8fd41,2023/3/29,43,4200,0.048611111,9669,15966,266.1,31380,523,4560,76,2820,47,24000,3060,0.145315488,0.089866157,0.09751434,84,91.85080645,0.310096513,0.585920459
x4bb6fe4,2023/3/20,47,12540,0.145138889,4676,7092,118.2,25200,420,3720,62,3360,56,18120,540,0.147619048,0.133333333,0.021428571,80,89.01304348,0.255367872,0.453585147
x4bb6fe4,2023/3/21,18,,,374,691,11.51666667,68280,1138,21360,356,1140,19,45780,540,0.312829525,0.016695958,0.007908612,81,89.41145618,,
x4bb6fe4,2023/3/28,55,18660,0.215972222,4584,8422,140.3666667,141240,2354,17520,292,21420,357,102300,5580,0.12404418,0.151656754,0.039507222,80,87.52862981,0.18016654,0.407645723
x4bb6fe4,2023/3/29,24,1500,0.017361111,1447,1524,25.4,,,,,,,,,,,,,,,
x4bb6fe4,2023/3/30,48,19440,0.225,6767,7114,118.5666667,24900,415,1260,21,3540,59,20100,360,0.05060241,0.142168675,0.014457831,82,89.069869,0.214635716,0.51561572
x4bb6fe4,2023/3/31,17,,,110,293,4.883333333,56580,943,10260,171,9180,153,37140,0,0.181336161,0.162248144,0,82,89.19864379,,
x4bb875d,2023/3/20,19,60,0.000694444,4745,5101,85.01666667,,,,,,,,,,,,,,,
x4bb875d,2023/3/21,-1,,,9,2,0.033333333,,,,,,,,,,,,,,,
x4bb875d,2023/3/27,16,60,0.000694444,4333,4320,72,,,,,,,,,,,,,,0.252592017,0.372435755
x4bb875d,2023/3/28,19,,,4911,6086,101.4333333,,,,,,,,,,,,,,0.234741141,0.518091491
x4bb875d,2023/3/29,20,,,1233,1534,25.56666667,,,,,,,,,,,,,,,
x4bb875d,2023/3/30,35,360,0.004166667,5460,6798,113.3,,,,,,,,,,,,,,0.135420543,0.465900633
x4bb875d,2023/3/31,49,60,0.000694444,691,1025,17.08333333,,,,,,,,,,,,,,,
x4bb875d,2023/5/30,39,300,0.003472222,2147,3564,59.4,,,,,,,,,,,,,,0.258424986,0.360864354
x4bb875d,2023/5/31,30,300,0.003472222,5429,6773,112.8833333,,,,,,,,,,,,,,0.242279629,0.531553368
x4bb875d,2023/6/1,25,,,855,1090,18.16666667,,,,,,,,,,,,,,,
x4bb8786,2023/3/20,14,720,0.008333333,222,962,16.03333333,26940,449,8820,147,4380,73,13740,960,0.327394209,0.162583519,0.035634744,90,92.97619048,,
x4bb8786,2023/3/21,42,3540,0.040972222,96,315,5.25,,,,,,,,,,,,,,,
x4bb8786,2023/3/28,43,8760,0.101388889,5953,7546,125.7666667,,,,,,,,,,,,,,0.260650865,0.381468638
x4bb8786,2023/3/29,31,2340,0.027083333,133,443,7.383333333,,,,,,,,,,,,,,,
x4bb883e,2023/3/21,24,,,1126,1227,20.45,,,,,,,,,,,,,,0.165085801,0.029324452
x4bb883e,2023/3/27,17,60,0.000694444,1448,1627,27.11666667,38040,634,12720,212,3960,66,21360,0,0.334384858,0.104100946,0,86,95.24615385,,
x4bb883e,2023/3/28,16,,,0,0,0,,,,,,,,,,,,,,,
x4bb883e,2023/3/29,30,60,0.000694444,1898,2098,34.96666667,,,,,,,,,,,,,,0.616808097,0.270422247
x4bb883e,2023/3/30,22,360,0.004166667,2012,2486,41.43333333,20820,347,5040,84,0,0,15780,420,0.242074928,0,0.020172911,86,93.69189189,,
x4bb883e,2023/3/31,18,,,405,724,12.06666667,,,,,,,,,,,,,,,
